time,open,high,low,close,tick_volume,ema20,ema50,atr14,adx14,rsi14,zscore,dist_ema20_atr,dist_ema50_atr,bb_width_atr,bb_percent_b,touch_bb_upper,touch_bb_lower,close_outside_upper,close_outside_lower,range_atr,body_atr,upper_wick_ratio,lower_wick_ratio,close_position,ema20_slope,ema50_slope,ema_distance_atr,roc_1,roc_3,roc_5,hour,day_of_week,dist_pivot_atr,dist_r1_atr,dist_r2_atr,dist_s1_atr,dist_s2_atr,near_r1,near_r2,near_s1,near_s2,dist_fractal_high_atr,dist_fractal_low_atr,direction,label
2024-01-03 13:00:00,1.0928,1.09298,1.09155,1.0919699999999999,2750,1.095275995980339,1.0980586413529005,0.0010421428571428962,33.97207392640792,37.03703703703665,-2.535622067226589,-3.17230594412249,-5.842424875983964,5.280076954936511,-0.007124413445320873,0,1,0,1,1.3721727210417987,0.7964359150103553,0.1258741258741704,0.29370629370619056,0.29370629370619056,-0.9592390461192005,-0.8914849891372952,-2.6701189318614738,-0.0007595168374817662,-0.003022058286465734,-0.003567908895134586,13,2,-5.283984464244819,-8.783184829791779,-15.484121544436269,1.416952250399672,4.916152615946633,0,0,0,0,-4.385195339273488,-1.7368060315284648,1,0.0
2024-01-04 10:00:00,1.09376,1.0956,1.09347,1.09534,3832,1.0930043437574433,1.0948221351043737,0.0011214285714285907,23.663789792836667,84.79532163742508,2.7769723836428963,2.082750789540985,0.4617903527878021,5.075178513212212,1.0553944767285754,1,0,1,0,1.899363057324777,1.408917197452129,0.12206572769949821,0.13615023474184423,0.8779342723005018,0.3804559714170167,-0.24511809032810483,-1.620960436753183,0.0014445582211819463,0.002452730034960604,0.00247107922096923,10,3,2.3690021231420877,-0.6390658174099821,-4.0781316348196475,5.808067940551752,8.816135881103822,0,0,0,0,2.0152866242037235,2.8891719745221627,-1,0.0
2024-01-04 11:00:00,1.09533,1.09692,1.09454,1.09676,3633,1.0933620253043534,1.0948981298061629,0.0010571428571428676,26.658773596305164,85.28995756718388,2.841952914933229,3.2143003877736946,1.7612285617377805,7.242830687174507,1.0683905829866382,1,0,1,0,2.251351351351165,1.3527027027027294,0.06722689075628135,0.3319327731092033,0.9327731092437187,0.7381274654881645,-0.0962497971509211,-1.453071826035914,0.00129640111746121,0.0032014342425406017,0.00378905749482894,11,3,3.8563063063061165,0.6653153153150464,-2.982882882883071,7.504504504504234,10.695495495495305,0,0,0,0,3.481081081080957,4.408108108107957,-1,1.0
2024-01-05 08:00:00,1.09374,1.09374,1.09249,1.09279,1779,1.0942588985492083,1.0947129289517044,0.0007899999999999892,29.627930396703032,18.34451901566011,-2.7880143820378835,-1.8593652521625537,-2.4340872806385496,4.215603991386458,-0.05760287640759664,0,1,0,1,1.5822784810126462,1.2025316455696449,0.0,0.23999999999997867,0.23999999999997867,-0.45628771326926393,-0.2693733680319936,-0.5747220284759961,-0.0008777142857143705,-0.0010512459549884001,-0.0021731785932778136,8,4,-1.7510548523206468,-6.1476793248943995,-10.016877637130792,2.118143459915745,6.514767932489498,0,0,0,0,-3.582278481012847,-1.4050632911394705,1,0.0
2024-01-05 09:00:00,1.09279,1.09336,1.09227,1.09233,2207,1.0940751939254743,1.09461948075752,0.0007385714285714139,32.58743710108473,18.764302059497624,-2.605278728592578,-2.3629318139883675,-3.0998772345532553,5.70111669924395,-0.021055745718527023,0,1,0,1,1.4758220502902126,0.6228239845259959,0.5229357798166633,0.05504587155958444,0.05504587155958444,-0.747187529089088,-0.40267038925771015,-0.7369454205648878,-0.00042094089440780635,-0.0012891546436994972,-0.0021649767059468417,9,4,-2.4958091553834887,-7.19858156028349,-11.33720180528685,1.6428110896198729,6.345583494519874,0,0,0,0,-4.454545454545563,-2.125725338491435,1,0.0
2024-01-05 10:00:00,1.09229,1.09259,1.09034,1.09078,3116,1.093761365932572,1.0944689128846763,0.0008392857142856933,36.31213223717258,14.748201438849676,-3.010798091713778,-3.5522657920006773,-4.395300458337722,6.9669800411045815,-0.10215961834275984,0,1,0,1,2.6808510638296914,1.7991489361701392,0.13333333333332675,0.19555555555556564,0.19555555555556564,-0.9534851548725557,-0.48810509707321387,-0.8430346663370447,-0.0014189851052337499,-0.00271542857142848,-0.0028886410589245015,10,4,-4.043120567375754,-8.181560283687777,-11.823546099290754,-0.4011347517727774,3.737304964539245,0,0,0,0,-5.7668085106383895,-3.7174468085107453,1,0.0
2024-01-08 16:00:00,1.0951,1.09628,1.09495,1.09603,4658,1.0943295057734368,1.0942759125674333,0.001121428571428559,18.777153297431173,57.53604193971132,2.685956942963657,1.5163642784640747,1.5641543984672055,2.9605503725059648,1.0371913885927477,1,0,1,0,1.1859872611463596,0.8292993630574209,0.18796992481194974,0.11278195488713645,0.8120300751880503,0.29048020201214364,0.09778438445547058,0.04779012000313089,0.0008583769370555938,0.0020296029474955457,0.002112057930731881,16,0,1.905307855626554,-3.6263269639062226,-8.929087048832061,7.208067940552392,12.739702760085168,0,0,0,0,0.7044585987261834,3.3528662420382407,-1,0.0
2024-01-08 17:00:00,1.09603,1.09747,1.09554,1.09698,3883,1.0945819337950142,1.0943819552118477,0.0012157142857142725,19.285846789731135,62.676056338029,2.8945794853721796,1.9725573954055289,2.137052117164158,3.7105905535588297,1.0789158970744361,1,0,1,0,1.5875440658049422,0.7814336075205778,0.2538860103626335,0.25388601036274855,0.7461139896373665,0.4562985962178217,0.1747258438302809,0.16449472175862942,0.0008667645958595482,0.0022841897522112298,0.0024948594928033696,17,0,2.5389737563652837,-2.563650607128522,-7.4551508029766795,7.4304739522134415,12.533098315707248,0,0,0,0,1.4312573443008998,3.8742655699177795,-1,1.0
2024-01-08 18:00:00,1.097,1.09789,1.09684,1.09755,3439,1.0948646067669177,1.0945061922623636,0.0012042857142857053,22.03846684379028,73.78277153558088,2.6294898911069082,2.2298638946117095,2.527479734692217,4.7376458740928875,1.0258979782213749,1,0,1,0,0.871886120996444,0.4567022538553241,0.3238095238095319,0.15238095238089397,0.6761904761904681,0.712528498121478,0.29125422654575145,0.29761584008050757,0.0005196083793688189,0.0022463907076131218,0.003419241001636486,18,0,3.036378015025888,-2.1146698299719935,-7.05258995650434,7.974298141558235,13.125345986556116,0,0,0,0,-0.2823250296559984,4.384341637010668,-1,1.0
2024-01-09 17:00:00,1.09466,1.09468,1.09178,1.0918,4309,1.09451480007489,1.0946829534964277,0.0012328571428571783,18.78477816349403,25.560538116592483,-2.7804991214818537,-2.2020394581957654,-2.3384327317488895,4.461839700460211,-0.05609982429637735,0,1,0,1,2.3522595596755838,2.3198146002315716,0.006896551724182815,0.006896551724182815,0.006896551724182815,-0.4921150962001493,-0.192123106596398,-0.13639327355312428,-0.0025215611752666955,-0.002065700235818757,-0.0016185520817139087,17,1,-2.6496716879102022,-4.918115102355781,-7.208188489764035,-0.35959830050194835,1.9088451139436307,0,0,0,0,-2.7010428736961947,-2.1900347624564227,1,1.0
2024-01-10 17:00:00,1.094,1.09691,1.09358,1.09674,3472,1.0941189049979374,1.0941210869775082,0.001199999999999963,24.15231417559511,72.58687258687452,2.949785899512894,2.184245835052272,2.182427518743269,4.296215758831973,1.089957179902579,1,0,1,0,2.7750000000001314,2.283333333333374,0.051051051051051254,0.12612612612615015,0.9489489489489488,0.3931542403014827,0.12416056959471135,-0.0018183163090028473,0.0025045703839121636,0.0021473149425708105,0.0016530737124749173,17,2,2.619444444444662,0.48055555555575796,-2.0555555555555776,5.155555555555997,7.294444444444902,0,0,0,0,0.9916666666667175,2.941666666666785,-1,0.0
2024-01-11 15:00:00,1.09838,1.09976,1.09356,1.09395,6450,1.0968538560466883,1.0959587950487875,0.0013249999999999731,36.3292449604593,33.42884431709638,-3.464313366018964,-2.1915894691987634,-1.5160717349339792,3.7122442457535847,-0.19286267320379216,0,1,0,1,4.67924528301895,3.3433962264151122,0.22258064516131654,0.06290322580643411,0.06290322580643411,-0.11457449369868425,0.11874059708833275,0.675517734264784,-0.004033212549390819,-0.00268939739265206,-0.0032346241457857916,15,3,-1.2704402515724642,-3.786163522012825,-5.059119496855579,0.002515723270289203,2.51823899371065,0,0,1,0,-4.384905660377518,-1.4566037735849255,1,1.0
2024-01-12 14:00:00,1.09497,1.09519,1.09372,1.09378,2602,1.096541113863073,1.0963787969584158,0.0011114285714285885,21.640375218759498,30.6098964326804,-2.6236713985305893,-2.4842926788574022,-2.338249191376653,5.451773894812493,-0.02473427970610269,0,1,0,1,1.3226221079692055,1.0706940874036044,0.14965986394564398,0.04081632653057525,0.04081632653057525,-0.5904807404692449,-0.1480357734810194,0.14604348748074933,-0.001086787765874897,-0.0022622370605513975,-0.002644344749608063,14,4,-2.6422450728364204,-5.950299914310329,-8.688517566409645,0.09597257926289582,3.4040274207368046,0,0,1,0,-4.066838046272503,-2.08740359897178,1,1.0
2024-01-16 02:00:00,1.0945,1.09462,1.09191,1.0919699999999999,1772,1.0948019940643092,1.0953692029008155,0.0009078571428571587,31.28820242234798,36.12990527740118,-3.2087484668537707,-3.1194269787828537,-3.7442046114412313,5.059927503239402,-0.14174969337078214,0,1,0,1,2.985051140833926,2.78678206136911,0.04428044280439055,0.022140221402195275,0.022140221402195275,-0.44625369955975197,-0.2691958833294236,-0.6247776326583779,-0.0023115577889448735,-0.0028035505552309603,-0.0028126569563035053,2,1,-3.3889325990035397,-5.2467873065827835,-7.111985313401519,-1.523734592184804,0.3341201153944396,0,0,0,0,-3.734067663257217,-2.037765538945819,1,0.0
2024-01-17 16:00:00,1.0864,1.08704,1.08479,1.08489,4608,1.0872776443525096,1.0893593936427666,0.0014035714285714404,18.47571387524263,33.37169159953825,-3.05205064275327,-1.7011206582766238,-3.184300814184872,2.5800865152996235,-0.11041012855067087,0,1,0,1,1.6030534351145511,1.0758269720102562,0.2844444444444221,0.04444444444443787,0.04444444444443787,-0.3014490525598284,-0.41913852467245444,-1.4831801559082478,-0.0013807196310717806,-0.0027301307153495546,-0.0025650926743160385,16,2,-3.3628498727735496,-5.778117048346051,-9.682442748091514,0.5414758269719143,2.956743002544416,0,0,0,0,-2.4865139949109154,-0.4702290076336586,1,1.0
2024-01-18 15:00:00,1.08774,1.08776,1.08506,1.08525,4886,1.0882210937785268,1.08872161667093,0.0013392857142857015,39.11000813161163,34.47319778188533,-2.7482661048852863,-2.2184166879666827,-2.592140447627667,4.47535507744433,-0.04965322097706557,0,1,0,1,2.016000000000129,1.8591999999999291,0.007407407407455532,0.07037037037041637,0.07037037037041637,-0.20158751224549767,-0.13429510507530662,-0.37372375966098426,-0.002298322224775884,-0.003910014593716427,-0.002509237302156242,15,3,-1.336533333333315,-3.2629333333333532,-4.323200000000012,-0.27626666666665545,1.650133333333383,0,0,1,0,-4.054400000000073,-1.8069333333332511,1,1.0
2024-01-23 07:00:00,1.08988,1.0908,1.08969,1.0907,1284,1.089103611426632,1.0889618652704824,0.0008678571428571662,27.05941408122879,67.53246753246721,2.620940351746797,1.8394600845393012,2.0027889887444594,3.9061782064139416,1.0241880703493362,1,0,1,0,1.2790123456789138,0.9448559670782134,0.09009009009008469,0.1711711711711009,0.9099099099099153,0.3622775396730327,0.14464496695542373,0.1633289042051582,0.0007707411961168642,0.0017910447761193549,0.0021868568068215133,7,1,1.8705075445817974,0.6414266117973292,-1.528669410150631,4.040603566529757,5.269684499314225,0,0,0,0,0.8065843621398072,3.5950617283949784,-1,0.0
2024-01-23 08:00:00,1.0907,1.09142,1.09017,1.09141,2325,1.0893232674812383,1.0890578705539928,0.0008685714285714408,27.4325987922936,66.72212978369421,2.6917852340867676,2.40248809725848,2.7080437700739903,5.026715595451034,1.0383570468173564,1,0,1,0,1.4391447368420545,0.817434210526291,0.00800000000005258,0.4239999999999446,0.9919999999999474,0.6082071194920943,0.2544414039552034,0.30555567281551077,0.0006509581003024678,0.0019462218509302964,0.0023511043761765826,8,1,2.6864035087721074,1.4583333333336634,-0.7099780701752226,4.854714912280993,6.082785087719437,0,0,0,0,1.62335526315777,4.4095394736841484,-1,1.0
2024-01-23 17:00:00,1.08529,1.08584,1.08217,1.0831,4576,1.087763786836835,1.0884368797144168,0.001509285714285705,21.84651882430582,28.070175438595868,-2.6180875744418413,-3.0900622676617067,-3.536030099471686,6.489402821881911,-0.02361751488836461,0,1,0,1,2.431613819214296,1.4510175106484664,0.14986376021794343,0.2534059945503858,0.2534059945503858,-0.9330204889664749,-0.4016542986833249,-0.445967831809979,-0.0020086982161285905,-0.0030283783908172657,-0.0035511886361963008,17,1,-3.9599305884208134,-4.6666666666665195,-5.914497554819317,-2.7120997002680167,-2.00536362202231,0,0,0,0,-2.981542830099369,0.6161855182204607,1,1.0
2024-01-24 11:00:00,1.08707,1.09079,1.08698,1.09028,3951,1.0866423653254,1.0871773430595042,0.001080714285714292,46.36391861928386,87.28923476005409,2.8169468286933417,3.3659540941439507,2.870931736083265,7.801427413884282,1.0633893657386582,1,0,1,0,3.525446133509442,2.970257766027682,0.13385826771654277,0.023622047244075215,0.8661417322834573,0.5872513932061699,0.06833278751328568,-0.4950223580606856,0.0030174793008279632,0.0036083802790971564,0.003516006111591752,11,2,3.6025556289929166,-0.29918484247663096,-5.141661158845724,8.445031945362011,12.346772416831557,1,0,0,0,-0.4719101123595575,4.756113681427528,-1,0.0
2024-01-24 15:00:00,1.08947,1.09272,1.08937,1.09249,4225,1.0878714521807862,1.087639428221981,0.0013050000000000323,50.47620246139571,82.60869565217521,2.506790572300285,3.5391171028457213,3.7169132398611744,8.598101526672146,1.0013581144600505,1,0,1,0,2.5670498084290276,2.314176245210688,0.06865671641789699,0.02985074626865375,0.931343283582103,1.2352457996182882,0.45112967147320016,0.17779613701545308,0.0027627859162169255,0.002477541544701145,0.005050597976080873,15,2,4.676883780331782,1.4457215836523551,-2.564495530012834,8.687100893996972,11.9182630906764,0,0,0,0,1.3026819923371593,2.8582375478926583,-1,1.0
2024-01-25 16:00:00,1.08794,1.08794,1.08532,1.08603,7549,1.0883917820838067,1.08822405587615,0.001131428571428561,27.974348304194276,40.3581267217648,-2.5529202959509503,-2.0874336599301504,-1.9391907996275064,3.9822437959484103,-0.010584059190181154,0,1,0,1,2.31565656565645,1.6881313131312017,0.0,0.2709923664122254,0.2709923664122254,-0.13742927277316314,0.005587924868332863,0.14824286030264408,-0.0017556115226941005,-0.0031757978503703654,-0.0032764317180615787,16,3,-2.2832491582492223,-6.236952861952958,-10.326178451178489,1.8059764309763076,5.759680134680044,0,0,0,0,-3.685606060606101,-1.263888888888938,1,0.0
2024-01-25 17:00:00,1.08603,1.08616,1.08294,1.08318,5877,1.087895421885349,1.08802624976336,0.0013007142857142742,30.615213696737566,26.509723643809437,-3.3510482683635097,-3.6252557053753556,-3.7258372700186273,5.583014515899904,-0.17020965367271487,0,1,0,1,2.4755628775398355,2.1911037891268874,0.040372670807442064,0.0745341614906888,0.0745341614906888,-0.5562634709704749,-0.17984395153936328,-0.10058156464327171,-0.002624236899533172,-0.00518905614283216,-0.00561828697328548,17,3,-4.177192019037248,-7.616328024894862,-11.173347977301912,-0.6201720666301987,2.818963939227416,0,0,0,0,-5.397034596375685,-3.2904997254256667,1,0.0
2024-01-26 12:00:00,1.08443,1.08663,1.08442,1.08649,2681,1.0847350957131046,1.0859418727664674,0.0011121428571428313,35.048202202666516,63.16894018887816,2.7343841997639213,1.5779486202014221,0.4928568573832023,4.054552832505978,1.0468768399528017,1,0,1,0,1.987154784842733,1.852280025690429,0.06334841628960458,0.004524886877857605,0.9366515837103955,-0.33285310713960015,-0.3772387251756842,-1.0850917628182197,0.0018996154661896636,0.0041868460941254515,0.0020567022669839563,12,4,0.7493042175122449,-2.3767929779493,-6.461999571826518,4.834510811389463,7.960608006851008,0,0,0,0,1.429672447013503,4.6666666666668,-1,0.0
2024-01-26 13:00:00,1.08651,1.08762,1.08645,1.08746,2619,1.0849946104070947,1.0860014071677824,0.0011307142857142707,32.927976638518096,64.50960566228662,2.774077210743443,2.1803824574021795,1.2899747094787335,5.135989375151245,1.0548154421487017,1,0,1,0,1.0347441566646767,0.8401768793430364,0.13675213675207024,0.051282051282192403,0.8632478632479298,0.08450520505046162,-0.19972841415331535,-0.8904077479234459,0.0008927831825420451,0.0031641190741953373,0.004173823111160324,13,4,1.5948620762266355,-1.4798905032639373,-5.497999578858862,5.61297115182156,8.687723731312133,0,0,0,0,2.2640555906507975,5.447883765003377,-1,0.0
2024-01-31 16:00:00,1.08575,1.08866,1.08524,1.08801,6219,1.0836631196339073,1.0835733586645608,0.0013964285714286,26.361150705920696,68.48906560636205,2.7365711477150265,3.1128555051302254,3.1771344601609157,5.9807514713530034,1.0473142295429978,1,0,1,0,2.4491048593349727,1.6184143222505551,0.19005847953217647,0.14912280701754785,0.8099415204678235,0.6407083427020862,0.20796495383624822,0.06427895503069077,0.0020722811671085584,0.003791862717962724,0.00534082403925229,16,2,2.9909633418582984,1.098039215686131,-0.2745098039216123,4.363512361466042,6.256436487638209,0,1,0,0,2.277237851662329,5.292071611253093,-1,1.0
2024-02-01 18:00:00,1.08267,1.0866,1.08266,1.08645,6164,1.0818958545459025,1.082368773798647,0.0016057142857143214,42.12671816898149,69.72878390201375,3.2791624412747136,2.8362115817331808,2.541688915433296,5.0646693974158925,1.155832488254945,1,0,1,0,2.45373665480425,2.3540925266902737,0.03807106598987117,0.00253807106600644,0.9619289340101288,0.5146645286301108,0.09119124100913506,-0.2945226662998849,0.003509906248556627,0.004688453642567758,0.005181107461719847,18,3,1.9368327402134466,-0.45462633451963724,-3.8238434163701815,5.306049822063991,7.697508896797075,0,0,0,0,2.653024911031926,3.5871886120995566,-1,0.0
2024-02-01 19:00:00,1.08649,1.08748,1.08608,1.08729,5038,1.082409582684388,1.082561763061445,0.0016350000000000372,42.54938585088329,76.47569444444551,2.765190898421549,2.9849647190287163,2.891888035813429,6.522214508232915,1.0530381796843082,1,0,1,0,0.8562691131498691,0.4892966360856977,0.13571428571421662,0.292857142857144,0.8642857142857834,0.793408461728934,0.22443996933012106,-0.09307668321528748,0.0007731602926965842,0.004239401496259454,0.005335083955913866,19,3,2.4159021406728014,0.0672782874618055,-3.241590214067255,5.724770642201862,8.073394495412858,1,0,0,0,3.1192660550458644,4.036697247706429,-1,0.0
2024-02-02 15:00:00,1.08808,1.08861,1.08038,1.08072,6513,1.0864846699666837,1.0851560882107876,0.0014892857142857485,61.80086560185832,22.567457072772314,-4.018406722392178,-3.870761608324757,-2.9786683429748657,5.521713141925116,-0.3036813444784267,0,1,0,1,5.526139088729011,4.941966426858422,0.06439854191982136,0.04131227217496956,0.04131227217496956,0.040140884819407995,0.2433611471805807,0.8920932653498914,-0.006727693834785442,-0.007101842068997222,-0.006636395389451599,15,4,-2.361310951239067,-6.549000799360475,-8.733493205435563,-0.17681854516397955,4.010871302957428,0,0,1,0,-6.063309352517909,-4.4585131894483245,1,0.0
2024-02-02 16:00:00,1.0806499999999999,1.08171,1.07917,1.08092,7402,1.085954701398428,1.0849899671044823,0.0016128571428571778,60.3383359355233,24.104234527688703,-2.7970888965287033,-3.1216040557125906,-2.5234517033989774,6.766335087708221,-0.05941777930573171,0,1,0,1,1.5748449955712598,0.1674047829939292,0.31102362204718526,0.5826771653543046,0.6889763779528147,-0.448306947738769,0.017497625885322,0.5981523523136135,0.00018506181064492644,-0.006845098633736613,-0.007492562529841651,16,4,-2.0563920873929087,-5.923235901978004,-7.940360200767448,-0.03926778860346496,3.8275760259816307,0,0,1,0,-5.474756421611861,-3.9929140832592984,1,0.0
2024-02-08 15:00:00,1.07571,1.07621,1.07416,1.0744,4547,1.077009080969556,1.0768646495734324,0.0009699999999999946,20.83506377698522,26.060606060607057,-3.033894532387564,-2.689774195418605,-2.5408758488993937,5.118289495463658,-0.10677890647748924,0,1,0,1,2.1134020618557923,1.3505154639174533,0.24390243902445893,0.11707317073170996,0.11707317073170996,-0.5507925172804047,-0.12945864914366606,0.14889834651921147,-0.0011899449650453198,-0.0025715532367220906,-0.0030990776996305813,15,3,-2.467353951890188,-4.646048109965882,-6.302405498281906,-0.8109965635741646,1.3676975945015293,0,0,0,0,-4.288659793814396,0.24742268041239104,1,1.0
2024-02-13 15:00:00,1.07856,1.07949,1.07031,1.07086,6903,1.0766673625422827,1.0771944689659017,0.001402142857142828,28.61748771495997,24.05891980360039,-3.928726304340137,-4.141776647578212,-4.51770583406144,5.382004284697459,-0.2857452608680322,0,1,0,1,6.547121752419877,5.491594498217157,0.10130718954249465,0.05991285403048262,0.05991285403048262,-0.3089335465777611,-0.16698697238553506,-0.37592918648322826,-0.007139148494288761,-0.005913314705308981,-0.0054886373134467314,15,1,-4.932925793853218,-6.485311597894719,-8.47750042452058,-2.9407369672273567,-1.3883511631858563,0,0,0,0,-6.154865002547348,-3.444727457972643,1,0.0
2024-02-13 16:00:00,1.07085,1.0723799999999999,1.07008,1.0718,6560,1.0762038042049225,1.0769829211633173,0.0015228571428571116,28.76560088103357,28.943338437979293,-2.5387225597065655,-2.891803886909682,-3.4034191503959796,6.043539687086993,-0.007744511941303054,0,1,0,1,1.51031894934335,0.6238273921200921,0.252173913043396,0.33478260869572607,0.747826086956604,-0.5619202735350683,-0.27313004371161737,-0.5116152634862979,0.0008777991520834139,-0.005557668933651172,-0.004523205810508246,16,1,-3.924640400250286,-5.3539712320202035,-7.188242651657429,-2.0903689806130603,-0.6610381488431426,0,0,0,0,-5.049718574108905,1.1294559099438468,1,0.0
2024-02-14 18:00:00,1.07214,1.07346,1.07193,1.0734,3307,1.0716492117549943,1.0732232781685846,0.00099214285714287,20.43294034321093,69.64285714285624,3.094529468306199,1.7646533786953564,0.1781213563580719,3.718794564508995,1.1189058936612366,1,0,1,0,1.542116630669558,1.2699784017276607,0.039215686274620784,0.13725490196080992,0.9607843137253792,0.14114303436667294,-0.3218369736274529,-1.5865320223372845,0.001175219654149462,0.002353204840878309,0.0024280911468059774,18,2,-0.0940724742020075,-3.5344372450202317,-9.578593712502961,5.950083993280723,9.390448764098947,0,0,0,0,-0.06047516198721263,3.9208063354930585,-1,0.0
2024-02-15 14:00:00,1.07356,1.07488,1.07354,1.0745,1847,1.0730473524857458,1.0731845350929712,0.0007378571428571393,52.10682095365012,72.15496368038757,3.1654943169537995,1.9687381606543304,1.7828178798067473,3.0290930894914907,1.1330988633907668,1,0,1,0,1.8160696999033645,1.2739593417230626,0.2835820895522487,0.014925373134424814,0.7164179104477513,0.5321666040140077,0.12904385675974103,-0.18592028084758305,0.0008755914899958306,0.0010993925390376802,0.001108719754777221,14,3,3.510164569216018,0.2575024201357111,-1.8431752178122442,5.610842207163973,8.863504356244281,1,0,0,0,0.47434656340765136,2.737657308809186,-1,0.0
2024-02-15 15:00:00,1.0745,1.07728,1.07428,1.07666,5803,1.07339141415377,1.0733208278344233,0.0009114285714285789,52.25088670177657,79.96515679442486,3.7080963158444966,3.5862227152993666,3.663668520225151,5.024166703620849,1.241619263168918,1,0,1,0,3.2915360501568376,2.3699059561127673,0.2066666666666805,0.07333333333336689,0.7933333333333196,0.7617866075898667,0.2535468206036051,0.07744580492578414,0.0020102373196835277,0.002971671308932722,0.003317491380113724,15,3,5.211598746081497,2.578369905956173,0.8777429467083601,6.912225705329311,9.545454545454634,0,0,0,0,2.7539184952977966,4.586206896551523,-1,0.0
2024-02-15 16:00:00,1.07663,1.0783,1.07592,1.07762,5555,1.0737941366153156,1.0734894228213085,0.0010371428571428634,52.42887002459884,82.3076923076924,3.100691387962578,3.688848993497314,3.9826501722920313,6.390203702212402,1.120138277592496,1,0,1,0,2.294765840220419,0.9545454545454936,0.2857142857142857,0.29831932773108144,0.7142857142857143,1.0005494724652932,0.3766645250823759,0.29380117879471723,0.0008916463879033998,0.003781810052535528,0.004006260947341023,16,3,5.505509641873345,3.1914600550965404,1.696969696969671,7.000000000000214,9.314049586777019,0,0,0,0,3.3457300275482704,4.955922865013669,-1,0.0
2024-02-16 15:00:00,1.07682,1.07713,1.07321,1.07462,5074,1.0761840546102392,1.0752965182743492,0.0009678571428571077,21.345019227933268,32.266666666667675,-2.831206698621598,-1.615997383273178,-0.6989856709144684,3.572727189511485,-0.06624133972432526,0,1,0,1,4.050184501845087,2.2730627306275974,0.0790816326530144,0.3596938775510048,0.3596938775510048,0.17059877945744686,0.27334370461430685,0.9170117123587096,-0.002043052692186409,-0.002043052692186409,-0.0022098421541318913,15,4,-1.4637146371466077,-5.2211562115625565,-7.755965559655988,1.071094710946824,4.828536285362772,0,0,0,0,-3.50258302583039,1.456826568265644,1,1.0
2024-02-20 11:00:00,1.07758,1.07989,1.07739,1.0798,2735,1.0774708614850859,1.0771157994386722,0.0007571428571428372,15.10868501048518,68.23308270676745,3.2605199035582233,3.07622068007548,3.545170552697318,4.947989690331337,1.1521039807116458,1,0,1,0,3.3018867924528466,2.9320754716983366,0.03599999999997016,0.07599999999996661,0.9640000000000298,0.27043963423459305,0.17223238220220904,0.46894987262183774,0.0020508727809278593,0.0025160385854479106,0.002683604015191632,11,1,2.861635220126133,0.9817610062899004,-0.7440251572323194,4.587421383648353,6.467295597484585,0,0,0,0,2.073584905660526,4.794339622641665,-1,0.0
2024-02-20 12:00:00,1.07978,1.08096,1.07955,1.0804,2707,1.0777498270579349,1.077244591617548,0.0008392857142856933,17.069895026406467,71.0616438356173,2.877386835724854,3.1576528671415396,3.7596355195174853,5.911096286089731,1.0754773671449918,1,0,1,0,1.6799999999999364,0.738723404255415,0.3971631205673256,0.16312056737586306,0.6028368794326744,0.629246372177701,0.3174926980656495,0.6019826523759458,0.0005556584552695032,0.003175546435402632,0.0033432392273402556,12,1,3.2964539007094684,1.6005673758869972,0.04368794326269865,4.853333333333767,6.549219858156238,0,1,0,0,-0.6672340425530818,5.040000000000074,-1,0.0
2024-02-20 15:00:00,1.07981,1.08249,1.0796999999999999,1.08234,4325,1.078527459646947,1.0776350249844548,0.0010207142857142795,24.690088684557615,78.82069795427071,2.755460716500118,3.73516899529349,4.609492667434125,7.578563956427446,1.0510921433000338,1,0,1,0,2.7333799860042842,2.4786564030792317,0.05376344086016799,0.03942652329750958,0.9462365591398321,1.2753526185873563,0.6160242500452441,0.874323672140635,0.0023430047878794102,0.0017956312476861136,0.004407984483894678,15,1,4.611149988337049,3.216701656170242,1.9365523676233451,5.891299276883945,7.285747609050752,0,0,0,0,1.35199440167966,6.044786564030836,-1,0.0
2024-02-22 09:00:00,1.08386,1.08539,1.08376,1.08532,3200,1.082455074286608,1.0811238350994201,0.0009128571428571439,25.511742955405094,91.28856624319042,2.625503794090468,3.1384162744514814,4.596737762763629,6.655999565496245,1.0251007588181071,1,0,1,0,1.7856025039123833,1.5993740219092498,0.042944785276081976,0.06134969325152622,0.957055214723918,0.9249469314316744,0.6196937510771191,1.4583214883121478,0.0013562762374867976,0.0021051854040479157,0.002503209835490239,9,3,4.586332811685047,2.2493479394889238,0.8179447052686553,6.017736045905315,8.354720918101439,0,0,0,0,2.3223787167450447,3.735524256651161,-1,0.0
2024-02-22 10:00:00,1.08531,1.08885,1.08527,1.08716,5187,1.082903162449788,1.0813605474484624,0.0010707142857143057,29.094045251143005,93.08357348702837,2.9575057781025467,3.975698846095086,5.416433336992862,7.4029484587988685,1.0915011556205256,1,0,1,0,3.343562374916678,1.7278185456970125,0.4720670391061804,0.011173184357552641,0.5279329608938196,1.1199708182921873,0.6749919826283047,1.4407344908977757,0.0016953525227580979,0.003526132146879135,0.0042213580395162875,10,3,5.628641316433034,3.63620191238594,2.4158327774069734,6.849010451412,8.841449855459093,0,0,0,0,-1.578385590393745,4.903268845897152,-1,1.0
2024-02-23 14:00:00,1.08272,1.08396,1.08247,1.08362,3277,1.082624822466485,1.0822297852045963,0.0008257142857142709,29.318505597310207,63.41911764705816,3.0102197424879966,1.205232307025204,1.6836511363020745,2.326417431530652,1.102043948497652,1,0,1,0,1.8044982698962158,1.0899653979240438,0.22818791946309325,0.16778523489923686,0.7718120805369068,0.030791887936538025,0.10565117706501463,0.47841882927687057,0.000840483601333597,0.0017286803790155236,0.0006186804561614245,14,4,-0.22606689734704577,-4.4971164936562475,-10.604959630911475,5.881776239908181,10.152825836217383,0,0,0,0,-0.41176470588236874,2.676470588235397,-1,1.0
2024-02-26 11:00:00,1.08322,1.08405,1.08306,1.08401,2426,1.0825577941506639,1.0823556805760592,0.000676428571428562,24.161648023825162,75.98784194528679,2.778077734008062,2.146872427740729,2.4456675749915293,4.347661460878193,1.0556155468016526,1,0,1,0,1.4635691657867838,1.1678986272437173,0.04040404040407892,0.16161616161631567,0.959595959595921,0.539844236533416,0.2337069416704469,0.2987951472507999,0.000729307065969742,0.0014781829436163463,0.0017373143707317684,11,0,2.360436466032827,0.5519183386128487,-1.734600492784458,4.646955297430134,6.455473424850112,0,0,0,0,1.2713833157337087,4.050686378035907,-1,0.0
2024-02-26 12:00:00,1.08401,1.08488,1.08386,1.0848,2060,1.0827713375648864,1.0824515362397433,0.0007007142857142767,28.403924269077354,81.84079601989814,2.889510535606742,2.8951349736585477,3.3515283020992492,5.709427730657296,1.0779021071213526,1,0,1,0,1.4556574923547885,1.127420998980744,0.07843137254909643,0.1470588235292837,0.9215686274509035,0.808573241490492,0.35555362104188754,0.4563933284407017,0.0007287755648011096,0.0014586141319399282,0.0022913740852983366,12,0,3.406048250084806,1.660210669384788,-0.5470608222902853,5.613319741759879,7.359157322459898,0,0,0,0,2.354740061162009,5.037716615698379,-1,0.0
2024-02-26 13:00:00,1.08479,1.0854,1.08451,1.0852,2129,1.083002638749183,1.0825593191323024,0.0007407142857142691,32.15402521392068,86.4168618266973,2.5653417748917198,2.966543636590095,3.5650464944808355,6.724344198061853,1.0130683549783344,1,0,1,0,1.2015429122466705,0.5535197685632043,0.22471910112361232,0.3146067415729076,0.7752808988763876,1.0507873742086369,0.4708738822366784,0.5985028578907406,0.0003687315634217647,0.0018278835324310183,0.0025775815079311926,13,0,3.7621343619413476,2.1105753776918452,0.022500803599976717,5.850208936033216,7.5017679202827185,0,1,0,0,2.7675988428157217,5.3056894889104225,-1,0.0
2024-02-27 16:00:00,1.08481,1.0851,1.0836,1.08401,3003,1.084984527515028,1.0842498266231377,0.0008592857142857609,20.757418085536678,41.921397379909905,-2.734114772985609,-1.1341134838232034,-0.27909997705147677,2.4016915750970087,-0.04682295459711721,0,1,0,1,1.7456359102244106,0.9310058187864728,0.1933333333332603,0.27333333333333726,0.27333333333333726,0.029004008289279504,0.21010014586986042,0.8550135067717267,-0.0007466676499329195,-0.001620969450251919,-0.001188611443840415,16,1,-0.13577168190645214,-3.460238293155999,-5.617068440010884,2.021058464948433,5.34552507619798,0,0,0,0,-2.68827930174553,-0.22111388196190682,1,0.0
2024-02-28 10:00:00,1.08234,1.08242,1.08084,1.0809,3129,1.0835664594154963,1.0839287156716004,0.0006435714285714259,57.041576128127375,10.196078431377302,-2.6301533443520095,-4.143222177241879,-4.706106481954115,8.877872665420425,-0.026030668870407548,0,1,0,1,2.455049944505982,2.2375138734740947,0.050632911392317896,0.03797468354427356,0.03797468354427356,-1.3980192195061942,-0.5804169282961879,-0.5628843047122362,-0.0013304506901713475,-0.0016440684228027358,-0.0023535926900180026,10,2,-6.0651128375879475,-8.385497595264633,-11.177210506844375,-3.2733999260082065,-0.9530151683315206,0,0,0,0,-7.613762486126754,-4.894561598224194,1,0.0
2024-02-28 11:00:00,1.0809,1.0812599999999999,1.07967,1.07999,3416,1.0832258442330682,1.0837742562334987,0.0006950000000000012,62.857345058650374,9.471766848820309,-2.5931963461643313,-4.655890982831962,-5.444972997839776,10.192693166236378,-0.018639269232872176,0,1,0,1,2.28776978417263,1.309352517985561,0.22641509433957258,0.20125786163528425,0.20125786163528425,-1.6152640835277594,-0.6992085719795987,-0.7890820150078139,-0.0008418910167452553,-0.00209746271690725,-0.002991054531355175,11,2,-6.925659472422055,-9.074340527577945,-11.659472422062356,-4.340527577937643,-2.191846522781753,0,0,0,0,-8.359712230215948,0.4604316546763992,1,1.0
2024-02-29 11:00:00,1.08391,1.08521,1.08375,1.08505,3851,1.083558743410232,1.0835698486634795,0.0008157142857142688,25.061474881249065,65.78947368421305,2.9514566705092045,1.8281604427979468,1.8145462969604615,2.940754549761925,1.090291334101823,1,0,1,0,1.7898423817863975,1.3975481611210423,0.10958904109584666,0.10958904109584666,0.8904109589041533,0.1773970156419053,0.045226172057388325,-0.013614145837485386,0.0011718245400358374,0.001606188440981926,0.0013104103799266298,11,3,2.872737886748492,-0.8499708114420566,-3.171044950379603,5.1938120256860385,8.916520723876587,0,0,0,0,0.5639229422068224,3.0035026269703673,-1,1.0
2024-03-01 17:00:00,1.08175,1.08417,1.08074,1.08351,7230,1.0815658626996754,1.082125867763096,0.001205714285714286,17.94786799599471,57.9493087557606,3.0113674214927117,1.6124361495583261,1.147976973735481,3.0667760790482754,1.1022734842985744,1,0,1,0,2.8447867298578555,1.4597156398104127,0.1924198250729144,0.2944606413994001,0.8075801749270856,0.04372658824180292,-0.09342356293702404,-0.46445917582284507,0.003222132718535553,0.00204383612318515,0.0022662941927367175,17,4,1.3408372827803547,-0.5695102685624489,-3.6437598736176224,4.415086887835528,6.325434439178332,0,0,0,0,-0.5473933649289968,3.052132701421722,-1,0.0
2024-03-05 17:00:00,1.085,1.08762,1.08499,1.08714,5636,1.0851506490318896,1.084650444823582,0.0008835714285714598,36.32612387706363,70.16574585635016,3.4971888283118377,2.2514885653633145,2.817604888427611,3.203866771774561,1.1994377656623534,1,0,1,0,2.9765561843169404,2.4219886822958263,0.18250950570342656,0.0038022813688460113,0.8174904942965735,0.10676218689753655,0.14821753198464488,0.5661163230642959,0.0023880872251165197,0.0022217510348196967,0.0019446466917965033,17,1,2.429533818377794,-0.132039881433431,-2.0522770142816666,4.34977095122603,6.911344651037255,1,0,0,0,-0.5432497978981622,3.440582053354692,-1,1.0
2024-03-06 17:00:00,1.08844,1.09088,1.08814,1.09051,5618,1.0870068951506264,1.0859024951441656,0.0009407142857143265,27.514452295508427,87.31707317073254,2.5796484971400857,3.7238775923484537,4.897879117819301,8.26426803091897,1.0159296994280114,1,0,1,0,2.912680334092471,2.2004555808655257,0.13503649635035994,0.10948905109487986,0.86496350364964,1.088214790582965,0.608656382858317,1.1740015254708467,0.0016625332965922723,0.0033490665857003332,0.002555781306022631,17,2,5.0174639331813164,3.2209567198177216,1.2756264236902453,6.962794229308793,8.759301442672388,0,0,0,0,2.7107061503416237,3.986332574031869,-1,0.0
2024-03-07 15:00:00,1.08944,1.08968,1.08679,1.08725,5975,1.089283108657299,1.0881468021794303,0.0009407142857142947,28.508712004254402,28.971962616824044,-3.806968974873638,-2.1612392712364583,-0.953320464086788,3.498060646201432,-0.26139379497476894,0,1,0,1,3.072133637053944,2.3280182232345106,0.08304498269896646,0.15916955017305107,0.15916955017305107,-0.15371896514072692,0.23266078849499156,1.2079188071496703,-0.002010207078866122,-0.0022116990620927313,-0.0023215694910898588,15,3,-1.3783852189317274,-5.977727157681286,-9.159706403441897,1.8035940268288835,6.4029359655784415,0,0,0,0,-3.529233105542856,0.48899012908137557,1,1.0
2024-03-07 17:00:00,1.09158,1.0930900000000001,1.09082,1.093,4367,1.089833293027857,1.0884657255028112,0.0013507142857143162,23.471134469266186,64.15929203539754,2.8916995014660096,2.3444684087785155,3.356945688029704,3.860225576255823,1.0783399002931886,1,0,1,0,1.6805922792174675,1.0512956107879021,0.03964757709257134,0.33480176211454693,0.9603524229074286,0.23717587710539387,0.28560235944991874,1.0124772792511882,0.001319212869654418,0.003267733881627155,0.0030651762935227644,17,3,3.297020976555604,0.0937775427464614,-2.122333862153946,5.513132381456011,8.716375815265154,1,0,0,0,1.7990481226863186,4.597567424642978,-1,0.0
2024-03-07 18:00:00,1.09299,1.09421,1.09247,1.09403,4214,1.0902329794061563,1.0886839323458384,0.0014364285714285924,21.519723770543095,67.01954397394127,2.782492397760288,2.643375848523735,3.7217775812164304,4.8025300955397885,1.0564984795520738,1,0,1,0,1.2113376429635794,0.7240179015416168,0.10344827586198976,0.298850574712585,0.8965517241380102,0.5080981290645141,0.38415800376638815,1.0784017326926956,0.0009423604757547999,0.006235916302598232,0.004240827603932518,18,3,3.8173379744737925,0.8052378584453803,-1.2786341786837612,5.9012100116029345,8.913310127631346,0,0,0,0,2.4087518647438864,5.040278468423691,-1,0.0
2024-03-11 15:00:00,1.0943,1.09434,1.09295,1.09295,4475,1.0939675368885597,1.093228977516989,0.0007878571428571338,23.456555509213672,42.47619047619222,-2.8825732012418417,-1.291524609232579,-0.3540965764138514,2.2390466172294854,-0.07651464024843073,0,1,0,1,1.7642792384406398,1.713508612873952,0.02877697841729492,0.0,0.0,-0.11753649175184291,0.17518428439614842,0.9374280328187276,-0.0012336653568491007,-0.0004755503123083926,-0.0011515157053946234,15,0,-2.0604412209123746,-5.542459957690599,-10.04412209126593,2.441220912662956,5.9232396494411805,0,0,0,0,-2.3608340888485873,-0.7615593834994716,1,0.0
2024-03-11 16:00:00,1.09295,1.09317,1.09178,1.09196,4690,1.0937763428991731,1.0931792136927934,0.000842142857142839,23.15932858155222,29.649122807019552,-3.367327037430129,-2.156810906566912,-1.4477516284229721,3.384441828784648,-0.17346540748601497,0,1,0,1,1.6505513146734905,1.17557251908405,0.15827338129488244,0.12949640287774725,0.12949640287774725,-0.38221302385567985,0.041048163427735235,0.7090592781439395,-0.0009058053890845796,-0.002019795826973869,-0.0022842314931563745,16,0,-3.103194797851117,-6.360757704268776,-10.572236358495783,1.1082838563758886,4.365846762793548,0,0,0,0,-3.3842239185751595,-1.8880407124682108,1,1.0
2024-03-12 16:00:00,1.09201,1.09231,1.09023,1.09107,9125,1.0929361411557215,1.0930086632083411,0.0009700000000000106,25.018022848684762,32.81786941580802,-2.6989892685744095,-1.923856861568514,-1.9986218642691838,3.6038691361111703,-0.03979785371491042,0,1,0,1,2.1443298969070486,0.9690721649483821,0.14423076923076308,0.40384615384615796,0.40384615384615796,-0.3136160060862386,-0.10820286975413691,-0.07476500270066946,-0.0008607979780403952,-0.0021400938348835608,-0.0012997830643758368,16,1,-1.9175257731960562,-3.432989690721898,-5.371134020618662,0.020618556700707957,1.5360824742265495,0,0,1,0,-3.412371134020503,0.8659793814432399,1,1.0
2024-03-13 14:00:00,1.09306,1.09459,1.09302,1.09422,2513,1.0928086543631277,1.0928059104758954,0.0006650000000000267,32.17288127648596,67.77041942604765,3.271299223801355,2.122324265973276,2.1264504121872836,3.606210155087114,1.1542598447603254,1,0,1,0,2.360902255638776,1.744360902255644,0.235668789808928,0.02547770700625592,0.764331210191072,0.26584003134059536,0.07716033223753982,0.004126146214007188,0.0010612409199861617,0.0013269031909732831,0.0012994143484625909,14,2,2.72681704260624,-0.5463659147871859,-3.5137844611527216,5.694235588971776,8.967418546365202,0,0,0,0,1.7142857142855235,3.3233082706766264,-1,0.0
2024-03-13 20:00:00,1.0949200000000001,1.09639,1.09487,1.0957,3972,1.0935919958849234,1.0931617017487043,0.0009671428571428489,22.79261503708841,73.50565428109776,2.561346983327503,2.179620207612353,2.624532903850706,4.878514612316796,1.0122693966654777,1,0,1,0,1.5716395864106132,0.8064992614473431,0.4539473684211151,0.03289473684217542,0.546052631578885,0.7251344502199366,0.3328416342437377,0.4449126962383531,0.0007215204902684125,0.0013617130166969638,0.0018561357630728637,20,2,3.405219103889547,1.1546036435251248,-0.88577055637624,5.445593303790912,7.696208764155334,0,0,0,0,-0.7134416543575476,2.6469719350073,-1,1.0
2024-03-14 16:00:00,1.09301,1.09312,1.09088,1.09121,7740,1.0937481021107571,1.0936366170581262,0.0008878571428571387,42.89986892298892,14.384748700169027,-3.2748605690582866,-2.858682988785176,-2.733116557825167,5.124486593849263,-0.15497211381162843,0,1,0,1,2.522928399034628,2.027353177795692,0.049107142857166754,0.14732142857140113,0.14732142857140113,-0.4334666277582068,-0.09873448770585604,0.12556643096000916,-0.0016468284828135005,-0.0025229211038695354,-0.0023496498381758713,16,3,-3.5891659962454137,-6.2772861356928535,-8.522392062214923,-1.3440600697233447,1.344060069724095,0,0,0,0,-3.761866452131842,-2.207562349155237,1,0.0
2024-03-14 17:00:00,1.09121,1.09142,1.0896,1.08978,6383,1.0933701876240183,1.0934853771734938,0.0009542857142857171,46.51718412866811,12.296296296292482,-3.146657298367311,-3.7621726598994094,-3.8828802716252704,6.901035782334769,-0.12933145967348222,0,1,0,1,1.9071856287426716,1.498502994012016,0.11538461538462946,0.0989010989011284,0.0989010989011284,-0.8000135923784204,-0.2674301608944646,-0.1207076117258609,-0.001310471861511564,-0.003993967920303376,-0.003984864825342216,17,3,-4.837824351297207,-7.33882235528908,-9.427644710578685,-2.7490019960076033,-0.24800399201573062,0,0,0,1,-4.9985029940119,-3.5523952095808324,1,0.0
2024-03-14 18:00:00,1.08978,1.08996,1.08829,1.08877,5315,1.0929320745169688,1.0933004604215921,0.0010178571428571498,51.824306977808135,10.349288486413414,-2.801326160504887,-4.0890556657938975,-4.450978659809761,8.51614194891507,-0.06026523210098365,0,1,0,1,1.640701754386013,0.9922807017543354,0.10778443113776197,0.28742514970060995,0.28742514970060995,-1.1651644119945224,-0.44123905129410895,-0.36192299401586314,-0.0009267925636367025,-0.0038791959817384702,-0.004753329615985846,18,3,-5.527953216374016,-7.872748538011299,-9.831111111110879,-3.569590643274436,-1.2247953216371528,0,0,0,0,-5.67859649122793,-4.3228070175437905,1,0.0
2024-03-18 12:00:00,1.08939,1.09006,1.08927,1.08995,2964,1.0889808468169957,1.0895900764168454,0.0006021428571428526,30.138219159781446,65.2567975830833,3.014926676680137,1.609507065487545,0.59773786051776,3.046132833742932,1.1029853353360395,1,0,1,0,1.311981020166197,0.9300118623960348,0.13924050632917084,0.15189873417735394,0.8607594936708292,0.3458481343850011,-0.11926936177655768,-1.011769204969785,0.0005140491467701125,0.0009550835238907318,0.001092986516771477,12,0,2.170027678924327,-0.060893633847769885,-2.264136022143608,4.373270067220165,6.604191379992262,1,0,0,0,1.2621589561089308,3.15539739027288,-1,0.0
2024-03-18 19:00:00,1.08853,1.08854,1.08695,1.08725,3615,1.0888828773638177,1.0894196540805188,0.0007557142857142882,20.644606438795524,33.91136801541384,-2.54310491584514,-2.1607072867152533,-2.870997838115504,4.349951031758796,-0.008620983169019958,0,1,0,1,2.103969754253275,1.693761814744727,0.00628930817614191,0.18867924528300042,0.18867924528300042,-0.4046472334497314,-0.27969557251223637,-0.7102905514002508,-0.0011758977703875129,-0.0015336296513975833,-0.002751662462737836,19,0,-1.8437303087586903,-3.621298046629066,-5.376811594203141,-0.08821676118461508,1.6893509766857606,0,0,1,0,-4.459357277882615,-1.058601134215381,1,0.0
2024-03-19 11:00:00,1.08548,1.08562,1.08424,1.08475,4429,1.0870428628232303,1.0881453548703697,0.0006950000000000012,53.591526076230544,27.131782945735495,-2.51407079852307,-3.299083198892307,-4.885402691179231,6.7562184488874335,-0.002814159704597072,0,1,0,1,1.9856115107912726,1.0503597122300665,0.1014492753623445,0.36956521739132886,0.36956521739132886,-0.9907081390299806,-0.6673058637860948,-1.586319492286924,-0.0006633071388428835,-0.0015463490514804334,-0.0024278317806858407,11,1,-4.887290167865449,-7.0983213429251855,-10.657074340527089,-1.3285371702635445,0.8824940047961922,0,0,0,0,-4.201438848920585,-2.776978417266164,1,0.0
2024-03-19 12:00:00,1.08475,1.08502,1.08347,1.08366,4197,1.0867206854114941,1.0879694586009434,0.0007650000000000157,57.333740550241124,23.064250411860684,-2.8359341287141437,-4.000895962737262,-5.633279216919282,7.34735024210078,-0.06718682574280647,0,1,0,1,2.026143790849844,1.4248366013072067,0.17419354838707368,0.12258064516136426,0.12258064516136426,-1.238860938430826,-0.7572754374275662,-1.6323832541820193,-0.0010048398248444501,-0.002852515734844796,-0.0031368725105098694,12,1,-5.864923747276387,-7.873638344226045,-11.106753812635556,-2.631808278866875,-0.623093681917217,0,0,0,0,-5.24183006535917,0.24836601307206616,1,1.0
2024-03-20 11:00:00,1.08654,1.08654,1.08501,1.08522,3574,1.0864000840204713,1.0869533185655558,0.0005678571428571358,19.10384928649652,37.96296296296158,-2.546563128579744,-2.078135381961898,-3.0523848953182466,4.010831839728505,-0.009312625715936825,0,1,0,1,2.694339622641598,2.3245283018868,0.0,0.13725490196080992,0.13725490196080992,-0.057122245920027834,-0.2204371622055019,-0.9742495133563487,-0.0012240577976161404,-0.0012516335658672162,-0.0016375344986199192,11,2,-1.1974842767292082,-5.4767295597480095,-8.593710691823608,1.9194968553463891,6.198742138365191,0,0,0,0,-3.5044025157232017,-1.0742138364779998,1,0.0
2024-03-20 12:00:00,1.08522,1.08524,1.08366,1.08392,3748,1.0861638855423312,1.0868343648963184,0.0006478571428571207,23.02963778371307,26.159554730980744,-3.468938027979956,-3.4635498999601304,-4.49846841769111,5.305075126252568,-0.19378760559599648,0,1,0,1,2.438809261300944,2.0066152149946777,0.01265822784804434,0.16455696202527909,0.16455696202527909,-0.4495632658485706,-0.35210086373344657,-1.0349185177309799,-0.0011979137870662404,-0.002870179570208964,-0.0025306670838433076,12,2,-3.056229327453047,-6.807056229327381,-9.539140022050814,-0.32414553472961416,3.4266813671447203,0,0,0,0,-5.07828004410163,-2.9481808158767375,1,1.0
2024-03-20 13:00:00,1.08391,1.08429,1.08365,1.08397,3655,1.0859549440621092,1.0867220368611687,0.000676428571428546,27.368102080817845,25.88454376163739,-2.572220401381921,-2.934447399105491,-4.068481104156551,6.382464987746272,-0.014444080276369472,0,1,0,1,0.9461457233368502,0.08870116156308616,0.4999999999998265,0.4062499999999024,0.5000000000001735,-0.7570434837013955,-0.47531769440959043,-1.1340337050510605,4.6128865599071034e-05,-0.002374488058533686,-0.002402032063906989,13,2,-2.853220696937458,-6.445617740232107,-9.062302006335763,-0.2365364308338022,3.3558606124608468,0,0,1,0,-4.789862724392865,0.4730728616685892,1,1.0
2024-03-20 21:00:00,1.08642,1.09177,1.08638,1.09143,13078,1.0861783144523292,1.0865500524886649,0.0011449999999999674,34.46027334480798,71.13676731793939,3.2428206478797357,4.586624932463666,4.261962891995776,7.293235608727706,1.1485641295759528,1,0,1,0,4.707423580786165,4.375545851528472,0.06307977736549288,0.007421150278300549,0.9369202226345071,0.563966072779484,0.08679635059203711,-0.3246620404678892,0.0045467514657291375,0.005490709093756596,0.006427161905464329,21,2,4.829694323144273,2.707423580786193,1.1615720524018263,6.375545851528639,8.49781659388672,0,0,0,0,3.685589519650664,6.794759825327615,-1,0.0
2024-03-20 22:00:00,1.09144,1.09228,1.0902,1.0921,7414,1.0867422845044883,1.0867676974891094,0.0012714285714285265,37.0175139038325,73.31081081081054,2.6862534185302063,4.213933535795934,4.193945795082701,8.475632444861324,1.0372506837060318,1,0,1,0,1.635955056179723,0.5191011235956066,0.08653846153839378,0.596153846153842,0.9134615384616062,0.993598573532492,0.29501644580252706,-0.019987740713232744,0.0006138735420504471,0.005552128315854388,0.006571610274938466,22,2,4.876404494382356,2.965168539326162,1.5730337078654002,6.268539325843118,8.179775280899312,0,0,0,0,3.8460674157305212,6.646067415730626,-1,0.0
2024-03-21 18:00:00,1.08789,1.0879,1.08558,1.08606,5297,1.0901974149188314,1.0893032149945194,0.001519285714285723,64.68241970361322,24.470266575529664,-2.5713466270392837,-2.7232632281917524,-2.1346972225327416,7.299806881770529,-0.014269325407848928,0,1,0,1,1.5270333803479648,1.2045133991537296,0.00431034482761426,0.20689655172414453,0.20689655172414453,-0.6548360405155527,-0.06996799963164192,0.5885660056590105,-0.0016821553649725152,-0.0046739249972505,-0.005384911258860314,18,3,-2.1830434101237715,-5.9523585644882635,-7.8633443034005985,-0.2720576712114358,3.4972574831530565,0,0,1,0,-5.397273154677909,0.31593794076165793,1,0.0
2024-03-28 10:00:00,1.08181,1.0818699999999999,1.08004,1.08009,3515,1.0820081923687697,1.0825737741292156,0.0007507142857143347,16.10005003457762,34.2419080068164,-3.0418497503235145,-2.5551563427948225,-3.3085478410101414,4.070398739397337,-0.10836995006469347,0,1,0,1,2.4376784015221986,2.291151284490737,0.03278688524587379,0.027322404371642385,0.027322404371642385,-0.293340544094194,-0.24906416624375124,-0.753391498215319,-0.0015899279910519537,-0.002106488539039386,-0.001977398519723228,10,3,-3.343482397716259,-5.354900095147013,-7.126546146526607,-1.5718363463366647,0.43958135109408936,0,0,0,0,-3.450047573739194,-0.9724072312084687,1,0.0
2024-03-28 11:00:00,1.08009,1.08022,1.07898,1.07921,3218,1.0817416978574583,1.082441861418266,0.0008050000000000398,18.475967463473005,26.625386996905135,-3.009484173643943,-3.144966282556771,-4.0147346810756215,5.376377907317664,-0.10189683472878987,0,1,0,1,1.5403726708072627,1.09316770186329,0.1048387096773977,0.18548387096771737,0.18548387096771737,-0.5988810294931175,-0.3678437548478346,-0.8697683985188507,-0.0008147469192382184,-0.00293794288565119,-0.0027444602561494946,11,3,-4.211180124223399,-6.086956521738711,-7.739130434782173,-2.5590062111799363,-0.6832298136646251,0,0,0,0,-4.310559006211071,-2.0000000000000395,1,0.0
2024-03-28 12:00:00,1.0792,1.07922,1.07752,1.07756,3290,1.0813434409186529,1.0822504158724517,0.0008764285714286192,22.44594339354298,16.141732283467462,-3.145313687057057,-4.316884503760082,-5.3517377517783045,7.3422643427923004,-0.12906273741139782,0,1,0,1,1.9396903015484261,1.8712306438465234,0.011764705882429774,0.023529411764728933,0.023529411764728933,-1.0203686686277498,-0.5398378905022636,-1.0348532480182233,-0.001528896136989033,-0.003928601140680721,-0.004443951698587356,12,3,-5.750611246943376,-7.473512632436241,-8.991035044824157,-4.23308883455546,-2.510187449062595,0,0,0,0,-5.841890790545744,-3.7196414017928348,1,1.0
2024-04-01 16:00:00,1.07819,1.0783,1.07718,1.07737,4434,1.0785366746182325,1.079093169160092,0.0007435714285714466,27.376868391925694,26.99530516432172,-3.001479361219507,-1.5690148564126944,-2.3174225015646943,2.966196609875345,-0.10029587224390875,0,1,0,1,1.5062439961575176,1.1027857829010876,0.09821428571433351,0.1696428571427775,0.1696428571427775,-0.38303281154254426,-0.28733996542977835,-0.7484076451519996,-0.0007605338576689435,-0.0007234614849510601,-0.0015014040908629678,16,0,-1.91418507845016,-4.63528658341318,-6.755683637527916,0.2062119756645767,2.927313480627596,0,0,1,0,-2.4879923150817658,-1.223823246877927,1,0.0
2024-04-01 17:00:00,1.07737,1.07737,1.07395,1.07445,6025,1.0781474675117342,1.0789110840949905,0.000926428571428582,28.605214542784683,16.42857142857305,-3.853306959020072,-3.9910983164440452,-4.815356771770804,5.63754915783336,-0.27066139180400883,0,1,0,1,3.6915959907478144,3.1518889745566696,0.0,0.14619883040934153,0.14619883040934153,-0.7058048235671641,-0.3976737311835571,-0.824258455326759,-0.0027103037953535303,-0.0036813115483763648,-0.0038568157165241868,17,0,-4.688254947314296,-6.872269339501297,-8.574145463891018,-2.9863788229245745,-0.8023644307375739,0,0,0,0,-5.148804934464265,-4.134155744024625,1,0.0
2024-04-01 18:00:00,1.07445,1.07455,1.07311,1.07328,4215,1.0776838991772832,1.078690257267736,0.0009657142857142999,31.42620490211871,14.935064935066677,-3.1604689986673895,-4.560250627364227,-5.602337407418768,8.04607288223604,-0.13209379973349344,0,1,0,1,1.4911242603548895,1.2115384615383333,0.0694444444444423,0.11805555555556733,0.11805555555556733,-1.092883497716528,-0.5642963023251444,-1.042086780054541,-0.0010889292196005762,-0.004553928342870939,-0.00451699670732264,18,0,-5.7090729783035865,-7.804240631163447,-9.436883629191156,-4.076429980275878,-1.9812623274160184,0,0,0,0,-6.150887573964465,0.1760355029585809,1,0.0
2024-04-02 16:00:00,1.07491,1.07681,1.07481,1.0765,4487,1.0746208469575327,1.0759794126195343,0.0010107142857142457,46.27312341958985,66.58653846154058,2.8505789154229983,1.8592326921938982,0.515068786326484,4.380239751903196,1.0701157830845776,1,0,1,0,1.9787985865725184,1.5731448763251312,0.1550000000000161,0.04999999999999445,0.8449999999999839,0.3481910737381129,-0.1922293529108183,-1.344163905867414,0.0014791936069065148,0.0018426832446116759,0.0031216512137166585,16,1,0.7255594817431762,-1.9029446407540673,-5.982567726737663,4.805182567726772,7.4336866902240155,0,0,0,0,2.0678445229682056,3.987279151943599,-1,0.0
2024-04-03 14:00:00,1.07756,1.0785,1.07756,1.0784,2418,1.07698793823325,1.0766818515601533,0.0006442857142856846,42.35185469683732,61.73913043478131,2.7424494579177314,2.1916701479493015,2.6667492414473988,3.5584499657509108,1.048489891583529,1,0,1,0,1.4589800443458734,1.3037694013303622,0.10638297872339923,0.0,0.8936170212766008,0.4808651975958438,0.2559790327539458,0.47507909349809735,0.000779538958387338,0.001123293012374793,0.0013556929819673602,14,2,4.087213599408804,-1.0295639320032006,-4.356245380635759,7.413895048041362,12.530672579453368,0,0,0,0,1.0088691796009945,3.0886917960089124,-1,0.0
2024-04-03 16:00:00,1.07784,1.07928,1.07779,1.07895,4817,1.0772447748349279,1.0768129279492227,0.0007935714285714093,34.44069103241624,68.32191780821853,2.729826311683866,2.1487985878498224,2.692980081987788,3.804853303088208,1.0459652623367581,1,0,1,0,1.8775877587759122,1.3987398739876424,0.22147651006707608,0.03355704697978776,0.7785234899329239,0.61006975671334,0.31347712736430844,0.5441814941379656,0.0010669883095193455,0.0012899513716173594,0.0016338807452724868,16,2,4.011401140114087,-0.14281428142824246,-2.8436843684367954,6.712271227122639,10.866486648664969,1,0,0,0,1.512151215121662,3.2007200720072615,-1,0.0
2024-04-03 17:00:00,1.07905,1.08242,1.07905,1.0823,7372,1.077726224850649,1.0770281072453316,0.001001428571428534,33.03627504292298,79.69264544456587,3.79079749825932,4.567250505771587,5.2643722229216054,6.191038404620983,1.258159499651842,1,0,1,0,3.3651925820256765,3.2453637660485986,0.03560830860531231,0.0,0.9643916913946877,0.961414390817928,0.45444017421306676,0.6971217171500188,0.0031048704759255585,0.003616468842730036,0.005117060893953473,17,2,6.524013314313077,3.232049453162158,1.0917736566810299,8.664289110794204,11.956252971945124,0,0,0,0,4.5435092724681265,5.8815977175465335,-1,0.0
2024-04-03 18:00:00,1.0823,1.08307,1.08194,1.08267,3746,1.0781970605791587,1.0772493579415932,0.0010249999999999743,32.04187769588263,79.78142076502638,2.8715171525213607,4.363843337406325,5.288431276494636,8.116725701153051,1.0743034305042771,1,0,1,0,1.102439024390345,0.3609756097560885,0.35398230088489313,0.31858407079656104,0.6460176991151069,1.3246443186529904,0.6220828187207729,0.9245879390883112,0.000341864547722448,0.004518463536834272,0.004742195330190491,18,2,6.734959349593595,3.5186991869918307,1.4276422764228378,8.826016260162588,12.04227642276435,0,0,0,0,4.800000000000155,6.107317073170819,-1,0.0
2024-04-05 16:00:00,1.08094,1.08139,1.07915,1.08012,7117,1.083115310451051,1.0827309001476,0.0011985714285714297,46.16220306841693,27.07253886010284,-2.7835796512798447,-2.499067122450133,-2.178343388939224,4.568657799512843,-0.056715930255985314,0,1,0,1,1.8688915375447108,0.6841477949940756,0.2008928571428828,0.43303571428567267,0.43303571428567267,-0.5017221274629546,-0.07726304644657242,0.320723733510909,-0.0007585989971691243,-0.0031195200738347584,-0.0033586771979037255,16,4,-3.8712753277711336,-5.4231227651966165,-7.84266984505369,-1.4517282479140594,0.10011918951142304,0,0,0,1,-3.904648390941608,0.8092967818831229,1,1.0
2024-04-08 16:00:00,1.08343,1.08535,1.08343,1.08518,4184,1.0833358525801366,1.0830959957409207,0.0009621428571428638,21.140867757747436,63.0071599045346,2.988163629297198,1.91670852844003,2.166002941878976,3.2164766615779787,1.0976327258594334,1,0,1,0,1.995545657015726,1.818856718634135,0.08854166666666184,0.0,0.9114583333333381,0.11946208129061041,0.08150729213308558,0.24929441343894587,0.0016152404862337377,0.0017909235257191902,0.002605417790753517,16,0,2.743875278396623,-0.7795100222712775,-3.1284335560501857,5.092798812175531,8.616184112843431,0,0,0,0,1.4446919079435707,3.1388270230141075,-1,0.0
2024-04-08 17:00:00,1.08518,1.08564,1.08436,1.08534,4291,1.0835267237629806,1.0831839959079435,0.0010028571428571467,22.49085745059428,66.01941747572752,2.505775875312782,1.8081102078540192,2.149861630255779,3.8142646362972448,1.00115517506254,1,0,1,0,1.2763532763532195,0.1595441595440971,0.23437499999998374,0.6406250000000596,0.7656250000000162,0.34396259145528274,0.1740646584360749,0.34175142240175993,0.00014744097753371932,0.00272545016121728,0.0023365133310553343,17,0,2.792022792022917,-0.5883190883187335,-2.841880341880129,5.045584045584312,8.425925925925963,0,0,0,0,1.5455840455839802,3.1709401709401197,-1,0.0
2024-04-09 13:00:00,1.08652,1.08708,1.08652,1.08691,2384,1.0855784166637348,1.0846455970636155,0.0006464285714285875,32.29706527845151,63.315217391302824,2.560331399887124,2.059907923504223,3.502943768992547,3.356350731051258,1.012066279977421,1,0,1,0,0.8662983425415943,0.6033149171272308,0.3035714285713719,0.0,0.696428571428628,0.46726895548497305,0.46002085174047325,1.443035845488324,0.00035894415197157414,0.0014557784268380836,0.0010315070133266602,13,1,3.336279926334965,-0.7528545119709821,-3.0217311233887236,5.605156537752706,9.694290976058653,0,0,0,0,0.9745856353592937,3.062983425414432,-1,0.0
2024-04-09 15:00:00,1.08615,1.08841,1.0860400000000001,1.08807,3972,1.0858649623936696,1.0848365699922111,0.0007971428571428614,29.012807390674418,66.29032258064511,3.365066264669034,2.766176208658327,4.056274203319479,3.8686813725814564,1.173013252933836,1,0,1,0,2.9731182795698556,2.408602150537802,0.1434599156118183,0.046413502109634276,0.8565400843881817,0.736992140910111,0.5226407298718769,1.290097994661152,0.001767711642038483,0.0014265729116815784,0.0025245777781874867,15,1,4.160692951015469,0.8446833930701695,-0.9952210274791999,6.000597371564838,9.316606929510138,0,0,0,0,2.245519713261863,3.939068100358581,-1,1.0
2024-04-10 15:00:00,1.08557,1.08646,1.07784,1.07809,8225,1.0850009275914396,1.0850716394038604,0.0011592857142857435,33.641738082181696,12.524084778420729,-4.16200546250534,-5.961366991999531,-6.022363010107427,7.4099160088955305,-0.33240109250108535,0,1,0,1,7.435613062230312,6.452248921749624,0.10324825986079467,0.029002320185624292,0.029002320185624292,-0.49237608681893796,-0.14105013187546028,-0.06099601810789602,-0.006881241018460549,-0.00743898284798894,-0.00687209248767906,15,2,-7.081947011706581,-8.453481207639985,-10.35982747997516,-5.175600739371408,-3.804066543438003,0,0,0,0,-7.392483056068793,-5.788046826863681,1,0.0
2024-04-10 16:00:00,1.07809,1.07812,1.07496,1.0751,8581,1.0840579821065406,1.084680594721356,0.0013700000000000298,37.764122865749094,9.588014981273034,-3.386963906418546,-6.538673070467478,-6.993134833106478,10.385461272584807,-0.17739278128370223,0,1,0,1,2.306569343065681,2.182481751824805,0.009493670886067722,0.04430379746836288,0.04430379746836288,-1.1381747204239523,-0.4281143944638899,-0.45446176263899973,-0.0027734233691064647,-0.010465084171675354,-0.010082408728879888,16,2,-8.175182481751719,-9.33576642335752,-10.948905109488903,-6.562043795620334,-5.401459854014535,0,0,0,0,-8.43795620437939,-7.080291970802796,1,0.0
2024-04-10 17:00:00,1.07511,1.07672,1.07458,1.07533,6606,1.0832267457154414,1.0843139047322832,0.0014957142857142986,40.92176760975279,11.260253542132048,-2.5222024041942417,-5.279581662663818,-6.006431053102426,11.807838004030467,-0.004440480838850634,0,1,0,1,1.4307545367715886,0.14708691499514762,0.649532710280433,0.24766355140185364,0.35046728971956703,-1.6334507472981514,-0.6609645393984338,-0.7268493904386071,0.0002139335875732673,-0.009423707579498286,-0.009980021543589124,17,2,-7.334288443170999,-8.397325692454645,-9.874880611270326,-5.8567335243553185,-4.793696275071673,0,0,0,0,-7.574976122254036,-6.331423113658076,1,0.0
2024-04-11 17:00:00,1.07349,1.07349,1.06993,1.07052,6232,1.0743521153070694,1.0777699595420773,0.0013585714285714312,30.207160476676535,31.879844961239343,-3.3727664073031858,-2.8206947580953194,-5.336458127712069,3.6036623304228828,-0.17455328146064375,0,1,0,1,2.6203995793901163,2.186119873817133,0.0,0.16573033707861437,0.16573033707861437,-0.785640713758777,-0.8155386508042921,-2.51576336961675,-0.0027666769136183156,-0.0021717854313278995,-0.0024042493709812707,17,3,-5.451805117420335,-9.166491412548247,-15.59481247809322,0.9765159481246388,4.69120224325255,0,0,0,0,-3.783385909568974,0.4342797055729833,1,0.0
2024-04-12 09:00:00,1.07116,1.07121,1.06811,1.06832,4478,1.072234984999156,1.0750065539873266,0.000829285714285707,17.1608285916386,25.531914893618904,-3.146269064493234,-4.720912143685129,-8.063028063959853,7.420982143446161,-0.12925381289866922,0,1,0,1,3.738156761412732,3.4246339362618174,0.01612903225809802,0.06774193548388276,0.06774193548388276,-1.115601962086175,-1.090246583330147,-3.342115920274725,-0.0026513312670375377,-0.0031631691409056417,-0.0038509953844001465,9,4,-5.317829457364685,-8.694229112834302,-12.227390180878974,-1.784668389320014,1.5917312661496024,0,0,0,0,-5.450473729543641,-4.739018087855325,1,0.0
2024-04-12 11:00:00,1.06844,1.06852,1.06708,1.06712,3435,1.0714208380605335,1.0744498639460098,0.000850714285714276,26.4057248770364,12.517193947732423,-2.5814499634813637,-5.055561112297907,-8.61612890378991,10.245545369678672,-0.016289992696260178,0,1,0,1,1.6926952141056784,1.5516372795969806,0.05555555555546132,0.02777777777780776,0.02777777777780776,-1.8325274211758065,-1.3799952469595504,-3.5605677914920038,-0.001235446070907087,-0.003771612084095599,-0.004282875031491606,11,4,-6.594458438287363,-9.88581024349327,-13.329974811083424,-3.1502938706972086,0.14105793450869777,0,0,0,1,-6.72376154492025,-6.03022670025179,1,0.0
2024-04-17 20:00:00,1.06499,1.06688,1.06481,1.06683,5002,1.0637901655137985,1.0637767692284295,0.0015992857142857078,24.83122361345114,67.11185308848061,2.729417403244035,1.9007451007959353,1.909121518623808,3.908828805658989,1.0458834806488224,1,0,1,0,1.2943278249218555,1.1505136221526524,0.024154589372031462,0.08695652173916309,0.9758454106279686,0.4717865367642925,0.15176882206493097,0.00837641782787278,0.0017277157531994103,0.0030651485092660913,0.0031406031086327335,20,2,2.7303855888045137,1.271400923031119,-0.546077117760875,4.547863629596508,6.0068482953699025,0,0,0,0,0.9691826708351609,2.382313532827083,-1,0.0
2024-04-18 16:00:00,1.06629,1.06686,1.06465,1.06509,6667,1.0667600802177652,1.065723049868734,0.001025000000000022,39.077320816693124,36.671575846835566,-2.9695678493945725,-1.6293465539171919,-0.6176096280330743,3.694386612366263,-0.09391356987891379,0,1,0,1,2.156097560975391,1.1707317073169192,0.25791855203620134,0.19909502262444848,0.19909502262444848,-0.0754751847916529,0.2126656681192973,1.0117369258841176,-0.00112539740595885,-0.002341722946074709,-0.002593972992714355,16,3,-0.19837398373961632,-4.747967479674388,-7.359349593495682,2.4130081300816766,6.962601626016449,0,0,0,0,-2.8195121951217317,0.42926829268291367,1,0.0
2024-04-22 14:00:00,1.06507,1.06511,1.06332,1.06353,3282,1.0655106543145985,1.0654160157578905,0.0009957142857142903,37.70884537185673,36.090225563911034,-2.959878497677221,-1.9891793690370947,-1.8941334727736874,3.644145087124747,-0.09197569953543282,0,1,0,1,1.7977044476326614,1.5466284074604124,0.022346368715106667,0.11731843575421697,0.11731843575421697,-0.3651177903023975,-0.08905382801656175,0.09504589626340743,-0.0014459143530470842,-0.002026855839878383,-0.002700649843868641,14,0,-1.2888570062168616,-5.058345289334911,-8.027737924437771,1.6805356288859983,5.450023912004048,0,0,0,0,-3.424677187948247,-1.7675753228120272,1,0.0
2024-04-23 10:00:00,1.06452,1.06951,1.06436,1.06797,5775,1.065548039087105,1.0654047361146972,0.0009171428571428544,32.06152191794508,64.24010217113778,2.9482005006196936,2.640767350508616,2.7970166973707395,4.9825789465342725,1.0896401001239504,1,0,1,0,5.615264797507791,3.7616822429908563,0.29902912621356864,0.031067961165036573,0.7009708737864314,0.19867051746580594,0.09027131790263199,0.15624934686212338,0.0032408973058282164,0.0022899402175442507,0.001979622089204991,10,1,3.2819314641746598,0.501557632399136,-1.7990654205604337,5.58255451713423,8.362928348909753,0,0,0,0,-1.6791277258565662,4.481308411215029,-1,1.0
2024-04-23 16:00:00,1.06721,1.071,1.06602,1.07013,5605,1.0663882503133761,1.0658081563640267,0.0015814285714285431,36.36728511438723,67.22383720930222,3.1156774788095194,2.3660567124090033,2.7328731212117248,4.106777110581586,1.1231354957619044,1,0,1,0,3.149051490514952,1.8464317976513642,0.17469879518070866,0.23895582329317833,0.8253012048192914,0.43903986527856137,0.21355604197243835,0.36681640880272137,0.0027361062958555227,0.00433595179773083,0.002858267421374183,16,1,3.26919602529372,1.656729900632552,0.3224932249324021,4.60343270099387,6.215898825655038,0,0,0,0,0.39205058717258645,3.0352303523036643,-1,0.0
2024-04-24 11:00:00,1.06884,1.06926,1.06808,1.06835,3119,1.069435517849445,1.068083943010325,0.0006635714285713983,52.75103946784411,22.666666666666273,-2.6197951645255024,-1.6358718936740768,0.4009470242678323,5.12534010633559,-0.02395903290508401,0,1,0,1,1.7782561894513764,0.7384284176535774,0.35593220338984966,0.22881355932199243,0.22881355932199243,-0.08087306697315805,0.44606077758441437,2.036818917941909,-0.00045844092661206925,-0.0016633493127004018,-0.0021202667613158255,11,2,-0.09544312881263803,-6.957301758163622,-11.081449587370757,4.0287047003944965,10.890563329745481,0,0,0,0,-4.656620021528794,0.40688912809473277,1,0.0
2024-04-26 16:00:00,1.07165,1.0724,1.07063,1.07076,6424,1.0723344521439968,1.0715074569532521,0.0012521428571428763,18.417607732860024,36.36363636363522,-2.5690464735217615,-1.2574061617772903,-0.5969422330593467,2.9540105173481517,-0.013809294704325072,0,1,0,1,1.413576725613252,0.7107815173987799,0.4237288135593263,0.07344632768359313,0.07344632768359313,-0.19292191691964786,0.09498964581257342,0.6604639287179436,-0.0008211712888656075,-0.001985292061627897,-0.003109580113583532,16,4,-0.6814983837231622,-3.6949990492489397,-5.617037459593083,1.2405400266209814,4.254040692146758,0,0,0,0,-2.6594409583571053,-0.8784940102681789,1,0.0
2024-04-26 17:00:00,1.07075,1.07116,1.06763,1.068,6460,1.0719216471779018,1.0713699096217522,0.0014664285714285669,18.18503254094912,25.59095580678246,-3.463688876264543,-2.67428448566123,-2.2980387094266694,4.353987272173973,-0.19273777525291688,0,1,0,1,2.40720896249379,1.8753044325377761,0.11614730878181909,0.10481586402266324,0.10481586402266324,-0.5133869201132579,-0.07209606595441254,0.3762457762345603,-0.0025776084276587508,-0.0033594624860022737,-0.0052253611646686515,17,4,-2.464036369540458,-5.037181360610495,-6.678356876116265,-0.8228608540346881,1.7502841370353486,0,0,0,0,-4.152946906965381,-2.632245494398432,1,1.0
2024-05-01 21:00:00,1.06746,1.07328,1.06708,1.07283,11664,1.0679376661209918,1.0685914755281336,0.001266428571428573,48.2313958223204,82.90909090909015,3.4486590047929826,3.8630949975247333,3.346832634299422,6.603922179394234,1.1897318009585829,1,0,1,0,4.895657078398176,4.240270727580268,0.07258064516130043,0.0612903225806529,0.9274193548386995,0.5063616258828243,0.03862614218282759,-0.5162623632253112,0.005030633466359236,0.004588315713576652,0.004343796515601239,21,2,3.132167700695621,1.258131227674375,-2.4346681707087714,6.824967099078767,8.699003572100013,0,0,0,0,-0.35532994923862676,6.214326001128058,-1,1.0
2024-05-06 15:00:00,1.07727,1.0790899999999999,1.07723,1.07876,2974,1.076595088047821,1.0749574873882433,0.0008564285714285992,33.061460999517784,73.1481481481483,3.3601049554166407,2.5278371418268684,4.439964684286222,3.6591851151981833,1.1720209910833466,1,0,1,0,2.1718098415345097,1.7397831526271228,0.1774193548386808,0.021505376344107843,0.8225806451613192,0.6838243467104955,0.6432748603904782,1.9121275424593538,0.0013831258644536604,0.0016713712672709047,0.002415997621171506,15,0,2.607728662774422,-2.771198220739421,-8.321378926883312,8.157909368918313,13.536836252432156,0,0,0,0,-0.38532110091735033,3.4912427022518195,-1,1.0
2024-05-09 09:00:00,1.0743800000000001,1.07447,1.07362,1.07375,1826,1.0746322473663112,1.0750193372001158,0.00047499999999993977,14.471711778670604,35.906040268458156,-2.651448177320838,-1.8573628764449972,-2.6722888423493796,3.6980783715732586,-0.030289635464132266,0,1,0,1,1.78947368421079,1.326315789474127,0.10588235294108428,0.15294117647054215,0.15294117647054215,-0.3321469860653135,-0.27997281214232717,-0.8149259659043824,-0.0005863847055977978,-0.0009583356593908521,-0.0009490402597764902,9,3,-1.9929824561405711,-4.491228070175981,-6.729824561404509,0.24561403508795712,2.743859649123367,0,0,1,0,-2.9894736842108567,-1.0105263157896776,1,0.0
2024-05-09 10:00:00,1.07375,1.07414,1.07297,1.07348,2971,1.0745225095219006,1.0749589710354053,0.0005157142857142384,16.619872260164282,35.78595317725852,-2.586587990298126,-2.0214866075637894,-2.867810871977271,4.2899218698273245,-0.017317598059672753,0,1,0,1,2.2686980609422602,0.5235457063712246,0.3333333333333966,0.4358974358974018,0.4358974358974018,-0.5094761356637215,-0.34356944445370485,-0.8463242644134814,-0.0002514551804423393,-0.0009864686284364321,-0.0011723765747995163,10,3,-2.359187442290107,-4.660203139427904,-6.722068328717265,-0.29732225300074566,2.003693444137051,0,0,1,0,-3.2770083102495486,-1.4542936288090527,1,0.0
2024-05-09 11:00:00,1.07348,1.07354,1.07261,1.07281,2235,1.0743594133769578,1.0748746976614678,0.0005414285714285182,19.16926730955912,24.9275362318852,-2.8757618041149393,-2.8617133611360557,-3.8134257599672394,5.491260335135498,-0.0751523608230099,0,1,0,1,1.717678100263791,1.2374670184696834,0.06451612903221185,0.21505376344086535,0.21505376344086535,-0.785588241552448,-0.4571058980256313,-0.9517123988311836,-0.0006241383165033199,-0.0014613079171243992,-0.0018329332514561703,11,3,-3.484608619173468,-5.676341248901041,-7.640281442393031,-1.5206684256814773,0.6710642040460956,0,0,0,0,-4.358839050132203,0.3693931398416843,1,1.0
2024-05-09 17:00:00,1.07637,1.07803,1.07627,1.07759,3957,1.0747181810151136,1.0748969686204612,0.001070714285714274,26.18917312419206,68.64988558352432,2.5890057171492713,2.68215248755239,2.5151727360602827,5.515703073424626,1.0178011434298595,1,0,1,0,1.6437625083388954,1.1394262841894711,0.25,0.056818181818176085,0.75,0.450653642658947,0.08726471143180307,-0.1669797514921076,0.0011334392448694164,0.004521132800119343,0.00422157195310624,17,3,2.7022459417390423,1.5939515232378048,0.600845007782969,3.695352457193878,4.803646875695115,0,0,0,0,2.2601734489660847,4.847231487658518,-1,0.0
2024-05-10 17:00:00,1.07875,1.07892,1.07605,1.07641,4877,1.0774536771055887,1.0766734052481801,0.0009428571428571818,21.930019943351144,39.14285714285723,-2.7278487560392928,-1.1069302635030298,-0.279369202615168,2.7644161261559264,-0.04556975120782656,0,1,0,1,3.0439393939394277,2.4818181818180887,0.05923344947735003,0.12543554006972793,0.12543554006972793,0.06898353491539758,0.2131184860435118,0.8275610608878619,-0.00216917728852839,-0.0014286376919151467,-0.0014656907763521687,17,4,0.07424242424267205,-4.104545454544857,-6.353030303029741,2.322727272727557,6.501515151515085,0,0,0,0,-2.7681818181817053,0.3818181818183124,1,1.0
2024-05-13 14:00:00,1.07817,1.07947,1.07813,1.07894,2187,1.0776353557549552,1.077147790317531,0.000682857142857128,20.995537534466187,73.74701670644237,2.6209644861614425,1.9105668860489693,2.6245748488039724,4.210098567422638,1.0241928972322554,1,0,1,0,1.9623430962342012,1.1276150627614392,0.3955223880596718,0.029850746268688867,0.6044776119403282,0.6530170935119003,0.3710607821375697,0.7140079627550031,0.0007141730895869891,0.0005192974647154625,0.0017733953557468318,14,0,2.3577405857739477,0.48326359832595944,-1.9916317991635892,4.832635983263496,6.707112970711485,0,0,0,0,2.064853556485271,3.0020920502094275,-1,0.0
2024-05-13 15:00:00,1.07894,1.07998,1.0789,1.07983,3005,1.0778443694925786,1.0772529750109614,0.0007335714285714128,23.354387844781055,76.74418604651119,2.9062297562419253,2.706799133778163,3.5129844057003043,5.3601738655729,1.0812459512483554,1,0,1,0,1.4722492697176148,1.2132424537488873,0.13888888888877468,0.03703703703707511,0.8611111111112253,0.8420922004243991,0.4521444771268653,0.8061852719221411,0.0008248836821325156,0.0014281872223613767,0.002088012026949304,15,0,3.4079844206426495,1.6630963972733441,-0.6407010710810941,5.711781888997088,7.456669912366393,0,0,0,0,3.1353456669912614,4.007789678676065,-1,0.0
2024-05-13 16:00:00,1.07983,1.08069,1.0796999999999999,1.08042,3215,1.0780896676361424,1.077377172069355,0.0007678571428571297,26.39110208839102,83.39920948616351,2.686771054850285,3.0348514506051556,3.9627526538632196,6.606702734263284,1.0373542109700606,1,0,1,0,1.289302325581478,0.7683720930230976,0.27272727272725233,0.13131313131331254,0.7272727272727476,0.9808967932171881,0.5192023077509876,0.9279012032580642,0.000546382300917525,0.0020868694176241487,0.0018917264786066923,16,0,4.024186046511456,2.3572093023251597,0.1562790697670225,6.225116279069593,7.89209302325589,0,1,0,0,-0.3516279069767404,4.5972093023257035,-1,1.0
2024-05-14 15:00:00,1.07927,1.08107,1.07672,1.08032,6043,1.0790227536735661,1.0784063573702427,0.0008300000000000608,29.741843867918313,65.28735632183688,3.1022971462724964,1.562947381245426,2.3055935298278305,2.579705189687322,1.1204594292544927,1,1,1,0,5.240963855421394,1.2650602409637572,0.17241379310345178,0.5862068965517259,0.8275862068965482,0.3394289840388326,0.2679741308012847,0.7426461485824046,0.0009728798169132968,0.0009543310880300027,0.0014739554846903147,15,1,1.8915662650599208,-0.7228915662651951,-3.0602409638551813,4.228915662649907,6.843373493975023,0,0,0,0,1.6506024096382783,4.337349397590101,-1,0.0
2024-05-14 16:00:00,1.08032,1.08228,1.08008,1.08191,5305,1.079297729514179,1.0785437551204293,0.0009585714285714911,30.77762403364302,73.55516637477942,3.561414498728894,2.7251704024955568,3.511730872875212,4.074554464924357,1.212282899745786,1,0,1,0,2.295081967212944,1.6587183308493496,0.1681818181818113,0.10909090909091827,0.8318181818181887,0.6166316482012936,0.3673462356383554,0.7865604703796553,0.0014717861374407004,0.0021025527027527247,0.003273428661510591,16,1,3.2965722801784447,1.032786885245651,-0.9910581222056052,5.320417287629701,7.584202682562495,0,0,0,0,3.0879284649772893,5.414307004470615,-1,0.0
2024-05-14 17:00:00,1.08191,1.08257,1.08101,1.0824799999999999,4073,1.079600802893781,1.0786981176647263,0.0010200000000000684,31.0974469036784,81.81818181818078,2.939479713665149,2.822742260998809,3.707727779679698,5.298890249095641,1.087895942733041,1,0,1,0,1.5294117647057854,0.5588235294116874,0.05769230769240076,0.5769230769230113,0.9423076923075993,0.822157988723243,0.45433011703090737,0.8849855186808889,0.0005268460407981124,0.0029742325831347838,0.0029556467677822607,17,1,3.6568627450975875,1.5294117647055678,-0.3725490196078642,5.558823529411019,7.686274509803039,0,0,0,0,-0.08823529411778382,5.64705882352902,-1,0.0
2024-05-15 15:00:00,1.08294,1.08695,1.08273,1.08613,8363,1.0825045914993403,1.0809787986290444,0.0008935714285714459,31.23990657949837,78.34394904458752,3.699344261402358,4.057211751337752,5.764733748471376,5.508786271966902,1.2398688522804837,1,0,1,0,4.722621902478052,3.5699440447641484,0.19431279620853578,0.04976303317536443,0.8056872037914642,0.7998568467867128,0.6303242559471522,1.7075219971336244,0.002945684894823275,0.0030568330839846336,0.0032514017051383792,15,2,6.390087929656267,2.2494004796163387,-0.15667466027181198,8.796163069544418,12.936850519584347,0,1,0,0,-0.9176658673061853,4.398081534772085,-1,0.0
2024-05-17 11:00:00,1.08589,1.08596,1.08417,1.08444,2924,1.086218177149274,1.0857347001620057,0.0006449999999999591,41.23206141480976,21.21212121211873,-2.6233506915345624,-2.7568637973241654,-2.007287072877047,5.72969820636007,-0.02467013830688562,0,1,0,1,2.775193798449724,2.248062015503943,0.039106145251405655,0.15083798882681496,0.15083798882681496,-0.6060104416918887,-0.028827222127728896,0.7495767244471186,-0.0013445068606685595,-0.0015559831696021487,-0.0013537033455810477,11,4,-4.310077519380125,-7.054263565892004,-10.604651162791304,-0.7596899224808257,1.9844961240310528,0,0,0,0,-3.72093023255831,-1.5503875968991525,1,0.0
2024-05-20 14:00:00,1.08707,1.08717,1.086,1.08602,2181,1.0870711358630794,1.0865597680207255,0.0006321428571428113,35.89711397897512,38.92944038929377,-2.703151418403874,-1.6628137947019435,-0.8538703152720843,3.787794860894095,-0.04063028368073441,0,1,0,1,1.8508474576270841,1.6610169491526556,0.08547008547008385,0.017094017093940858,0.017094017093940858,-0.1810547315397045,0.130355390250828,0.8089434794298591,-0.0009658991601276812,-0.0013333701159571332,-0.0016546855178246611,14,0,-0.14237288135582146,-4.16045197740129,-6.9288135593226166,2.625988700565505,6.644067796610973,0,0,0,0,-3.859887005649994,-0.3796610169492085,1,0.0
2024-05-20 15:00:00,1.08602,1.08632,1.08544,1.08576,4094,1.0869462657808813,1.0865284045689323,0.0006592857142856719,35.806739462450764,34.669811320754874,-2.5599720440580103,-1.7993197109792034,-1.1655107221074736,4.44081569434467,-0.011994408811581564,0,1,0,1,1.3347778981582534,0.3943661971830132,0.3409090909090565,0.36363636363647833,0.36363636363647833,-0.3809748393356237,0.027889905003210293,0.6338089888717297,-0.0002394062724442314,-0.0010580452843381716,-0.0014255364155576489,15,0,-0.5308775731309016,-4.383531960996785,-7.03791982665264,2.1235102925249536,5.976164680390837,0,0,0,0,-4.095341278440019,0.4853737811486089,1,1.0
2024-05-22 12:00:00,1.08487,1.085,1.08413,1.08438,2490,1.0855534874980133,1.0858493209632938,0.0006528571428571535,32.58083105924634,37.076271186440245,-2.8164584053045614,-1.797464438970139,-2.250601037868059,3.097221223622761,-0.06329168106093977,0,1,0,1,1.332603938730719,0.7505470459520032,0.1494252873562925,0.2873563218389455,0.2873563218389455,-0.2711223953502795,-0.17692807177951936,-0.45313659889791985,-0.00045166702001175896,-0.0016296091700042092,-0.0008937209195192253,12,2,-2.0423048869439184,-4.253099927060444,-6.9744711889132045,0.6790663749088419,2.8898614150253676,0,0,0,0,-3.03282275711169,-0.4135667396061086,1,0.0
2024-05-22 13:00:00,1.08438,1.08464,1.08369,1.08376,2153,1.085382679164869,1.0857673868078705,0.0006992857142857277,32.1834359202867,34.1796874999998,-2.991709880245409,-2.3204809303540235,-2.8706246486400775,3.942286586763889,-0.09834197604907464,0,1,0,1,1.3585291113380833,0.8866189989783079,0.2736842105264708,0.07368421052633055,0.07368421052633055,-0.48097239737610675,-0.2624506924376547,-0.5501437182860541,-0.0005717552887363198,-0.0018604137118015673,-0.0017041110527721282,13,2,-2.7933265236634317,-4.857337419134829,-7.3980251957777465,-0.25263874702051453,1.8113721484508833,0,0,1,0,-3.7180796731356898,-1.272727272727013,1,0.0
2024-05-22 14:00:00,1.08376,1.08385,1.08221,1.08276,2778,1.0851329001967862,1.085649450070307,0.000778571428571438,32.00701133384593,26.554621848738506,-3.110063068978921,-3.0477617206428724,-3.7112202737889737,5.197393051193961,-0.12201261379581081,0,1,0,1,2.1064220183487086,1.2844036697248988,0.05487804878043827,0.3353658536585498,0.3353658536585498,-0.8055293824200838,-0.3972301163322975,-0.6634585531461015,-0.0009227135159076694,-0.0019449334943357766,-0.0031211158679740336,14,2,-3.793272171253815,-5.647094801223093,-7.929051987767527,-1.511314984709381,0.34250764525989696,0,0,0,0,-4.6238532110091795,0.70642201834868,1,0.0
2024-05-24 13:00:00,1.08288,1.08443,1.08277,1.08404,2359,1.082090511742813,1.0827643847481183,0.0006649999999999949,54.414105052045485,78.18181818181634,2.7760170772580324,2.9315612890028526,1.918218423882088,6.672349584128578,1.0552034154515793,1,0,1,0,2.4962406015037706,1.7443609022553936,0.23493975903621306,0.06626506024099689,0.7650602409637869,0.6374034843218886,-0.030857454038251516,-1.0133428651207645,0.0010712174940896713,0.0014781419755365288,0.002756553752798263,13,4,1.9849624060150346,-1.3684210526315388,-6.466165413533839,7.082706766917335,10.436090225563909,0,0,0,0,3.8045112781953994,5.2180451127817875,-1,0.0
2024-05-24 15:00:00,1.08409,1.08539,1.08379,1.08513,4241,1.0825522783200807,1.0829071002615271,0.0007864285714285531,59.11640555964366,85.79545454545388,2.5723073489913446,3.277756904529498,2.8265755075948857,8.197244031098657,1.0144614697982672,1,0,1,0,2.0345140781109143,1.3224341507719672,0.16250000000008846,0.187499999999974,0.8374999999999115,1.0748620084593696,0.24467895789680932,-0.4511813969346121,0.0009593299449306425,0.0020777925531914043,0.002485126196370979,15,4,3.064486830154506,0.22888283378755903,-4.081743869209822,7.375113533151887,10.210717529518835,1,0,0,0,-0.33060853769320353,5.798365122615809,-1,0.0
2024-05-27 12:00:00,1.08494,1.08673,1.08489,1.08673,2331,1.0848018747207029,1.0841060713177049,0.0005271428571428372,46.7517099645547,72.3039215686286,3.8443682608927383,3.6576902317290325,4.9776424867388736,4.288115428130469,1.26887365217855,1,0,1,0,3.490514905149305,3.395663956639616,0.0,0.027173913043534663,1.0,0.7712311293102526,0.5368497514404187,1.3199522550098417,0.0016498608217965227,0.001474477712347877,0.001723724720240405,12,0,5.830171635049768,-0.025293586269362688,-4.072267389340856,9.87714543812126,15.732610659440393,1,0,0,0,2.8834688346883914,4.3631436314364205,-1,1.0
2024-05-29 17:00:00,1.08385,1.08419,1.08113,1.08146,5002,1.0847618635541374,1.085330434032082,0.0012478571428570864,44.549760737481655,29.812981298130296,-3.40436768404986,-2.64602688940609,-3.101664364576339,3.9422908119497957,-0.180873536809952,0,1,0,1,2.452203777905141,1.9152833428734977,0.1111111111111111,0.10784313725495318,0.10784313725495318,-0.5185302015409,-0.2608219911809748,-0.4556374751702488,-0.002214308120975006,-0.0032442994340908804,-0.003428002727658086,17,2,-4.0656363289449855,-5.254340774661464,-7.158939133753348,-2.1610379698531013,-0.9723335241366232,0,0,0,0,-3.534058385804238,-1.1780194619346867,1,0.0
2024-05-29 18:00:00,1.08146,1.08172,1.0809,1.08111,3788,1.0844140670251718,1.0851649268151378,0.0012535714285713778,43.29759580326298,28.32800851970123,-2.786608114144173,-2.6357229830431628,-3.23469945367127,4.9367168231765595,-0.05732162282883498,0,1,0,1,0.6541310541311148,0.2792022792023483,0.31707317073160163,0.2560975609756494,0.2560975609756494,-0.7382328850833031,-0.36113228211903525,-0.5989764706281074,-0.0003236365653839224,-0.0032453463393046222,-0.0032912932846554943,18,2,-4.3263057929726365,-5.50959164292516,-7.40550807217502,-2.430389363722776,-1.247103513770253,0,0,0,0,-3.7971509971510518,-1.451851851851857,1,0.0
2024-05-31 15:00:00,1.08528,1.08824,1.08496,1.08803,5770,1.0836061468703546,1.0831757741690122,0.0010314285714285879,40.942195688064295,74.14684591519958,3.019474833443435,4.289054280819609,4.7063131325365966,7.51515727288599,1.103894966688671,1,0,1,0,3.1800554016621656,2.6662049861495714,0.06402439024391235,0.09756097560978086,0.9359756097560876,1.1887607625340642,0.4723529397767421,0.41725885171698734,0.002533908300162091,0.003005245351549224,0.005303569283648724,15,4,5.66204986149582,2.414127423822776,0.15512465373976486,7.921052631578831,11.168975069251875,0,1,0,0,-0.2036011080332799,6.360110803324116,-1,1.0
2024-06-03 17:00:00,1.08518,1.08824,1.08518,1.087,7128,1.084834864725147,1.084325040937192,0.0010414285714285582,18.679642014021162,59.25925925925925,2.5074201242515906,2.079005065016691,2.568547796934918,3.926206905075035,1.0014840248503452,1,0,1,0,2.938271604938369,1.7475994513031128,0.4052287581699688,0.0,0.5947712418300312,0.15483173344950565,0.14179091254768444,0.48954273191822706,0.0016771411194456132,0.0024623500225946504,0.0032302722658053007,17,0,2.170096021947833,-1.29629629629649,-4.657064471879579,5.5308641975309225,8.997256515775245,0,0,0,0,1.07544581618658,4.042524005487065,-1,0.0
2024-06-03 18:00:00,1.08701,1.08905,1.08698,1.08898,3629,1.0852296395132282,1.0845075883514197,0.0011607142857142769,20.60102670249832,67.50547045951924,3.151203602994899,3.2310798039881305,3.853154651084652,5.245858825198819,1.1302407205989793,1,0,1,0,1.783384615384643,1.6972307692308057,0.03381642512077968,0.01449275362317597,0.9661835748792204,0.5580995950187325,0.30028146454571497,0.6220748470965214,0.0018215271389145915,0.004186492567592515,0.0048629245831450785,18,0,3.6529230769231233,0.542769230769156,-2.472615384615533,6.668307692307812,9.77846153846178,0,0,0,0,2.6707692307693396,5.332923076923238,-1,0.0
2024-06-06 04:00:00,1.0882,1.08945,1.0882,1.08942,2612,1.0876242157267433,1.087510812145339,0.0009914285714285637,17.89998402796071,65.40284360189625,2.599240889841549,1.811309785705693,1.9256938015313825,3.9135234604396993,1.0198481779682995,1,0,1,0,1.260806916426496,1.2305475504322851,0.023999999999980103,0.0,0.9760000000000199,0.23473295132612818,0.0896376521208061,0.11438401582568943,0.0011211174416467795,0.0019497838682978053,0.002309298837990248,4,3,2.25264169068203,0.5110470701248724,-1.5096061479347254,4.273294908741628,6.014889529298785,0,0,0,0,1.6945244956773735,2.7636887608069025,-1,1.0
2024-06-07 15:00:00,1.08983,1.08996,1.08241,1.08333,8193,1.088522979728165,1.0883604343055382,0.0011828571428571996,28.445413912791263,21.697203471554147,-4.156090820097214,-4.390200253279485,-4.252782625454872,5.700701422517542,-0.3312181640194593,0,1,0,1,6.382850241545541,5.495169082125486,0.017218543046352904,0.12185430463573728,0.12185430463573728,-0.39243164904211986,-0.07794693279300786,0.1374176278246135,-0.005973353886809085,-0.00537101305569343,-0.005471453882804567,15,4,-4.32286634460543,-6.21940418679539,-7.704508856682565,-2.8377616747182546,-0.9412238325282943,0,0,0,0,-5.807971014492605,-4.227053140096513,1,0.0
2024-06-07 16:00:00,1.08332,1.08357,1.08178,1.08195,6677,1.087896981658816,1.0881090447249289,0.0012957142857143364,30.750990582723407,19.18158567775086,-3.21444088211167,-4.589732261489582,-4.753397251874376,7.948385131187535,-0.14288817642233065,0,1,0,1,1.3814773980153492,1.0573318632855875,0.1396648044691996,0.0949720670391103,0.0949720670391103,-0.8357082324108673,-0.2790164290222659,-0.16366499038479432,-0.0012738500733847635,-0.00637346288422147,-0.006391712813731187,16,4,-5.011392870268187,-6.742741639103138,-8.098493201028818,-3.655641308342507,-1.9242925395075552,0,0,0,0,-6.367144432193867,-4.923925027563244,1,0.0
2024-06-07 17:00:00,1.08195,1.08258,1.08104,1.0812599999999999,5892,1.0872648881675002,1.0878404547357161,0.0013650000000000606,33.74827391163946,18.442622950821203,-2.6382998430757887,-4.399185470696019,-4.820845960231452,9.592424596510867,-0.02765996861516662,0,1,0,1,1.128205128205149,0.5054945054945412,0.40909090909096807,0.14285714285706047,0.14285714285706047,-1.2703276753200936,-0.48200464093395345,-0.4216604895354323,-0.0006377374185498885,-0.007872715260955787,-0.007271525367707921,17,4,-5.262515262515182,-6.905982905982782,-8.192918192917984,-3.975579975579979,-2.3321123321123784,0,0,0,0,-6.549450549450383,-5.179487179487046,1,0.0
2024-06-11 14:00:00,1.0741,1.07416,1.07239,1.07291,3730,1.0757261341029074,1.07794742451695,0.0008578571428571642,38.07343377796895,21.3375796178333,-2.8978703328053292,-3.2827541582599724,-5.872101851565211,6.203843854088717,-0.07957406656107774,0,1,0,1,2.0632805995004224,1.3871773522064885,0.033898305084715995,0.293785310734498,0.293785310734498,-0.9588921275639641,-0.8773560915116789,-2.589347693305238,-0.0011079042919653892,-0.0015169281739163543,-0.00364031462719272,14,1,-3.6097696364138447,-6.776575076324732,-9.298362475714281,-1.087982237024296,2.078823202886591,0,0,0,0,-5.1873438800998635,-3.753538717735128,1,0.0
2024-06-12 13:00:00,1.07526,1.07602,1.07491,1.07588,2321,1.0745266596660616,1.0756769024236261,0.0006692857142857214,18.324195373713074,69.16666666666447,2.8697490277718245,2.022066667570547,0.30345422297049,4.312270266396998,1.0739498055543535,1,0,1,0,1.6584845250799418,0.9263607257201396,0.12612612612615856,0.3153153153153964,0.8738738738738414,0.43394234138585436,-0.24968979579607772,-1.7186124446000572,0.0005672993759706646,0.0013122748890148639,0.0011911408896332354,13,2,2.1266453219494594,-1.5887584489503264,-5.926716471006706,6.46460334400584,10.180007114905626,0,0,0,0,2.375667022411898,3.451440768409833,-1,0.0
2024-06-12 14:00:00,1.07588,1.07656,1.07575,1.07643,2966,1.0747079301740556,1.0757064356619155,0.0006707142857142864,18.306849064948544,71.86311787072104,2.8588282460359857,2.5675162474143804,1.0787966702005534,5.339102933491643,1.071765649207224,1,0,1,0,1.207667731629358,0.8200212992546004,0.1604938271604532,0.1604938271604532,0.8395061728395468,0.7155269285302153,-0.10607879877176858,-1.488719577213827,0.0005112094285608659,0.001637712041836048,0.0021226085742216405,14,2,2.942137025204188,-0.765353212637274,-5.094071707490168,7.270855520057082,10.978345757898545,0,0,0,0,3.1906283280085623,4.2641107561236575,-1,0.0
2024-06-12 15:00:00,1.07643,1.08302,1.07622,1.08267,7164,1.0754662225384313,1.0759795166163502,0.0011421428571428693,22.41905116118175,87.35832606800233,3.972359495061959,6.307247308440364,5.857834107010445,8.641168727445901,1.2944718990123958,1,0,1,0,5.9537210756723535,5.463414634146304,0.05147058823530372,0.030882352941182235,0.9485294117646963,1.0639303115608527,0.22169748727413893,-0.4494132014299186,0.005796939884618713,0.00688199242980847,0.007631669567321531,15,2,7.191161142380642,5.013967062747684,2.471961642693382,9.733166562434944,11.9103606420679,0,0,0,0,7.337085678549062,7.967479674796757,-1,0.0
2024-06-12 16:00:00,1.08267,1.08374,1.08191,1.08367,6837,1.0762475346776283,1.0762811042000229,0.001256428571428587,27.008544975429455,89.01453957996752,3.0049341030102386,5.9075903645935535,5.8808721546149645,11.083344076245782,1.1009868206020395,1,0,1,0,1.4565093803297136,0.7959067652074068,0.03825136612022654,0.41530054644813913,0.9617486338797735,1.5572502448775072,0.47453677808712524,-0.026718209978589,0.0009236424764700324,0.007240584451797538,0.00837466385029817,16,2,7.3329543301116855,5.353799507295828,3.0430168656432857,9.643736971764227,11.622891794580084,0,0,0,0,7.465605457646253,8.038658328595693,-1,0.0
2024-06-13 17:00:00,1.07874,1.07906,1.07631,1.0771600000000001,6193,1.079635359189189,1.0789506845878485,0.0013292857142857312,36.45683216222172,28.101802757158296,-2.7683370389931117,-1.8621724152951822,-1.3471028602835482,4.186242686202688,-0.0536674077986298,0,1,0,1,2.068780225684945,1.1886082751208236,0.11636363636359937,0.309090909090937,0.309090909090937,-0.5455773263388582,-0.06334867845929716,0.515069555011634,-0.001464671746667312,-0.001085011081950693,-0.0028235250553133584,17,3,-2.0336736521581047,-6.865842736879438,-10.91062152964324,2.0111051406056966,6.84327422532703,0,0,0,0,-3.3777538957548394,-2.181622783449657,1,0.0
2024-06-13 18:00:00,1.0771600000000001,1.07723,1.07534,1.07555,4401,1.0792462773616471,1.0788173244079329,0.001377857142857161,36.44302931368805,25.929549902152743,-2.9127590151382905,-2.682627426804515,-2.3713085386759762,5.525910426670169,-0.0825518030276707,0,1,0,1,1.3716951788490883,1.1684810782789665,0.037037037036928254,0.11111111111113722,0.11111111111113722,-0.74509537836066,-0.16943354415091327,0.31131888812853886,-0.0014946711723421435,-0.003520637420669881,-0.003603720447639458,18,3,-3.130464834974784,-7.792293070675353,-11.694487644720677,0.7717297390705411,5.4335579747711105,0,0,0,0,-4.427164333851675,-3.2731985484706776,1,0.0
2024-06-13 19:00:00,1.07555,1.07558,1.07329,1.07352,3921,1.078700917612919,1.0786095861958571,0.001509285714285721,37.86553848054608,19.395465994962365,-2.9294459590522313,-3.432695058252007,-3.3721820512067633,6.893789377977394,-0.08588919181045608,0,1,0,1,1.5172740179838382,1.3450070989114784,0.013100436681212121,0.10043668122269091,0.10043668122269091,-0.9189482503390252,-0.2735913813338222,0.06051300704524358,-0.0018874064432150561,-0.004838978808610062,-0.004460601114686602,19,3,-4.2028711153177305,-8.458747436503947,-12.02113898091166,-0.6404795709100177,3.615396750276199,0,0,0,0,-5.386654046379512,0.15238996687171416,1,0.0
2024-06-19 13:00:00,1.07373,1.07522,1.07354,1.07501,3621,1.0737542867247445,1.0732998696694775,0.0007071428571428269,41.016208202815584,61.11111111111085,3.251687766838267,1.7757561468260812,2.4183661239712797,2.456067190033279,1.1503375533676508,1,0,1,0,2.3757575757578553,1.8101010101010138,0.12500000000001651,0.11309523809530969,0.8749999999999835,0.22268855417967864,0.20376733350950263,0.6426099771451986,0.0011921060229294067,0.0012387303479621803,0.0011361625643748763,13,2,1.8383838383840285,-1.9797979797978464,-5.430303030303041,5.288888888889224,9.107070707071099,0,0,0,0,1.0747474747476535,3.563636363636626,-1,1.0
2024-06-19 14:00:00,1.07502,1.07535,1.07468,1.0751,3243,1.0738824498938164,1.0733704630157725,0.0007149999999999577,39.03954599798489,61.84486373165535,2.6216391480870245,1.7028672813756505,2.4189328450734267,3.086202422943011,1.024327829617412,1,0,1,0,0.9370629370629203,0.11188811188791985,0.3731343283583623,0.5074626865672136,0.6268656716416378,0.46167031559490684,0.3016738819716747,0.7160655636977761,8.372015144031408e-05,0.000977608118802653,0.001835751493295401,14,2,1.9440559440560623,-1.8321678321678319,-5.244755244755443,5.356643356643673,9.132867132867567,0,0,0,0,-0.3496503496504871,3.6503496503498676,-1,1.0
2024-06-20 09:00:00,1.07374,1.07386,1.07307,1.07328,2723,1.07418479891313,1.073884045021763,0.0004550000000000149,30.974700867232873,27.30158730158493,-2.7750806731991187,-1.9885690398458458,-1.3275714764022275,4.555852110879857,-0.05501613463977036,0,1,0,1,1.7362637362638298,1.010989010988769,0.15189873417735394,0.2658227848101586,0.2658227848101586,-0.4742783628702258,-0.004186668392189484,0.6609975634436183,-0.0004377182770662902,-0.0008471499455403597,-0.0012004801920768582,9,3,-1.7289377289377748,-5.194139194139379,-8.014652014652041,1.0915750915748867,4.556776556776491,0,0,0,0,-3.5164835164835018,-0.7252747252745728,1,0.0
2024-06-20 10:00:00,1.07328,1.07364,1.07244,1.07248,3833,1.0740224371118794,1.0738289844326743,0.0005171428571428668,34.45075986635017,23.18059299191212,-3.165149055674272,-2.9826131997665293,-2.608533433347797,5.557984954039146,-0.13302981113481166,0,1,0,1,2.320441988949977,1.5469613259666515,0.299999999999963,0.03333333333337034,0.03333333333337034,-0.6482630245868981,-0.11501133356414411,0.37407976641873225,-0.0007453786523553552,-0.0016755408273446681,-0.0013687788072068718,10,3,-3.0681399631674497,-6.116942909760617,-8.598526703499001,-0.586556169429065,2.4622467771641023,0,0,0,0,-4.640883977900383,-2.185082872927852,1,0.0
2024-06-20 11:00:00,1.07248,1.07248,1.07127,1.07169,3636,1.0738003002440812,1.0737451026902165,0.0005885714285714462,38.47107760113778,19.679633867274774,-3.0288131818500204,-3.5854615797495195,-3.4916793280375877,6.910970594154025,-0.10576263636998771,0,1,0,1,2.055825242718649,1.342233009708814,0.0,0.34710743801655625,0.34710743801655625,-0.9198743739145951,-0.2636622422784521,0.09378225171193184,-0.0007366104729226164,-0.0019185098952270163,-0.002327335015220755,11,3,-4.038025889967562,-6.716828478964441,-8.897249190938433,-1.8576051779935692,0.8211974110033098,0,0,0,0,-5.419902912621241,0.7135922330098351,1,0.0
2024-06-24 10:00:00,1.07034,1.0715,1.07024,1.07128,3735,1.0696765372716444,1.0704070629309193,0.0006957142857142916,32.60140303625419,70.18633540372653,2.950748545805846,2.304771888806875,1.2547350068922511,4.799359922499638,1.0901497091612067,1,0,1,0,1.8110882956876064,1.3511293634495956,0.17460317460311026,0.07936507936508216,0.8253968253968897,0.42756925083562036,-0.10638053282764334,-1.0500368819146237,0.0008688746671650094,0.0016924270900540161,0.0021890845136303128,10,0,2.6208076659821167,-0.7522245037646791,-4.494182067077386,6.362765229294824,9.73579739904162,0,0,0,0,2.472279260780186,4.154004106776231,-1,0.0
2024-06-24 12:00:00,1.07135,1.0729,1.07132,1.07228,3741,1.0700704080613688,1.0705167928093569,0.0007971428571428614,29.193595038778813,78.6641929499043,2.6974171797995017,2.771889528748712,2.211908662096999,6.221436625197973,1.0394834359598903,1,0,1,0,1.9820788530464775,1.1666666666665042,0.3924050632912015,0.01898734177213678,0.6075949367087985,0.8779235335204659,0.15604601064051898,-0.5599808666517131,0.000849379766093783,0.0018031485028262573,0.0026274696812440546,12,0,3.541816009557731,0.59796893667835,-2.667861409797087,6.807646356033168,9.75149342891255,0,0,0,0,3.4121863799280887,4.879928315412097,-1,0.0
2024-06-24 13:00:00,1.07228,1.07309,1.07197,1.07302,4116,1.0703513215793337,1.0706149577972253,0.000849285714285727,28.28311130970112,81.20915032679576,2.6568639721827423,3.1422622278662242,2.8318411134438173,7.02988946593237,1.031372794436541,1,0,1,0,1.3187552565180742,0.8713204373425092,0.06250000000001239,0.2767857142855426,0.9374999999999876,1.097660723487934,0.2857108469115595,-0.31042111442240683,0.0006901182526952709,0.0016242252258980017,0.002934908587879148,13,0,4.195682646481609,1.4325763947294161,-1.6327446033080546,7.2610036445190795,10.024109896271273,0,0,0,0,4.074011774600465,5.451640033641792,-1,0.0
2024-06-25 14:00:00,1.07234,1.07245,1.07092,1.07095,3124,1.072771925763199,1.0722111110901575,0.0006885714285714035,17.507009897616417,29.401408450706228,-3.057314242416704,-2.645950278504635,-1.8314891350835352,5.267959997432172,-0.11146284848337254,0,1,0,1,2.221991701244617,2.0186721991702012,0.07189542483650076,0.019607843137240673,0.019607843137240673,-0.46285261108402365,0.041050054157825235,0.8144611434210998,-0.001296230673107357,-0.002310350931127303,-0.0020965337308981313,14,1,-1.5926694329185682,-7.382434301522022,-11.163208852006193,2.1881051175656014,7.977869986169056,0,0,0,0,-5.053941908713772,-1.6701244813278389,1,0.0
2024-06-25 15:00:00,1.07095,1.0715,1.07023,1.07051,3862,1.072556504261942,1.072144400851328,0.0007585714285713863,19.198290564638302,27.287581699348465,-2.7175956515595603,-2.697839893332318,-2.154577393464292,6.171505772334896,-0.04351913031189175,0,1,0,1,1.674199623352104,0.5800376647834545,0.4330708661416373,0.22047244094494797,0.22047244094494797,-0.6550806396112856,-0.07741515530829493,0.5432624998680257,-0.0004108501797469577,-0.0018182496316877517,-0.0020415773282370653,15,1,-2.0257376020090003,-7.281230382925985,-10.7131198995614,1.4061519146264145,6.6616446955434,0,0,0,0,-5.167608286252541,-2.096045197740204,1,0.0
2024-06-27 15:00:00,1.06928,1.07223,1.06928,1.07196,5576,1.0694094823639029,1.069751179694194,0.0009600000000000243,28.766194470640894,74.01477832512286,2.994811817737761,2.6567892042677967,2.3008544852144586,5.238225623087675,1.098962363547551,1,0,1,0,3.0729166666665972,2.7916666666666123,0.09152542372881076,0.0,0.9084745762711892,0.5000746805927532,0.07518860427463224,-0.35593471905333784,0.0025063594194223437,0.002094005908088059,0.002740802409661125,15,3,3.2847222222221473,0.9965277777778047,-2.1319444444442484,6.4131944444442,8.701388888888543,0,0,0,0,2.145833333333228,4.0729166666666465,-1,1.0
2024-07-01 00:00:00,1.07441,1.07448,1.07321,1.07381,1181,1.0709766098172218,1.0704497445739636,0.001423571428571413,25.321526200348675,70.04878048780476,2.66749605767405,1.9903393155491647,2.360440339413419,4.290468130574423,1.033499211534796,1,0,1,0,0.8921224284998323,0.4214751630708618,0.055118110236227355,0.4724409448817989,0.4724409448817989,0.41850614038700223,0.21474980698813803,0.37010102386425414,0.002258747981593867,0.002455236281483808,0.002052985694422471,0,0,2.1073758153536852,0.519819367787235,-0.6603110888108037,3.287506271951724,4.875062719518174,0,0,0,0,-0.47064726542912644,2.2408429503261846,-1,0.0
2024-07-02 12:00:00,1.07209,1.07228,1.07107,1.0711,3379,1.0730125454260029,1.0728637180477334,0.0007050000000000033,35.33473743452921,17.183770883055615,-2.6614022151436934,-2.7128303914935232,-2.501727727281483,5.235068955078469,-0.03228044302875148,0,1,0,1,1.716312056737486,1.4042553191489955,0.15702479338836606,0.02479338842973235,0.02479338842973235,-0.8827695076742047,-0.23701629753756603,0.21110266421204063,-0.0009234299359196507,-0.0013146730566615528,-0.0017335222189084343,12,1,-4.884160756501346,-8.520094562648099,-12.926713947990761,-0.4775413711586841,3.158392434988069,0,0,0,0,-3.5319148936171514,-1.2482269503545926,1,1.0
2024-07-03 10:00:00,1.07471,1.07619,1.0747,1.07597,4097,1.0742946181766433,1.0736894205765861,0.0006028571428571272,21.840351186280177,71.7213114754111,2.6489794110758575,2.779069375236475,3.7829516502128535,5.126940994957343,1.029795882215165,1,0,1,0,2.4715639810427037,2.0900473933650474,0.14765100671133438,0.0067114093960171615,0.8523489932886656,0.4484624164895995,0.3579364547867762,1.0038822749763783,0.0011724093011138415,0.0016011170584129264,0.0014612807148175477,10,2,4.235387045813819,0.2266982622433037,-1.9352290679303268,6.397314375987449,10.406003159557965,1,0,0,0,0.8625592417063095,3.864928909952981,-1,0.0
2024-07-03 15:00:00,1.07578,1.07785,1.07551,1.07748,4184,1.0750338501110939,1.0741313101565917,0.000822857142857157,21.708175174478644,71.35761589403822,2.8517158225884165,2.9727516011011414,4.069588351364188,5.44308633199574,1.0703431645176646,1,0,1,0,2.843749999999962,2.065972222222229,0.1581196581196496,0.11538461538461174,0.8418803418803504,0.8983721425614526,0.5370185868123182,1.0968367502630465,0.001580248749744495,0.001803745095486864,0.0014033848527374992,15,2,4.938078703703588,2.0011574074072604,0.4172453703703982,6.52199074074045,9.458912037036777,0,0,0,0,1.3489583333332427,2.6979166666664853,-1,0.0
2024-07-03 16:00:00,1.07747,1.07924,1.0772,1.07893,4044,1.0754049120052753,1.0743194940720195,0.0009514285714285872,22.637313953277417,77.73279352226625,3.0444355398676373,3.7050474419026904,4.845877101480823,6.474052275611917,1.1088871079735454,1,0,1,0,2.1441441441441524,1.5345345345345267,0.1519607843137383,0.13235294117646418,0.8480392156862617,1.0132836213491376,0.5740096742093378,1.1408296595781318,0.001345732635408492,0.0028535311285853293,0.0028814961471606004,16,2,5.794794794794621,3.2547547547545523,1.8848848848848327,7.164664664664341,9.704704704704408,0,0,0,0,2.6906906906905363,3.857357357357125,-1,0.0
2024-07-05 22:00:00,1.08372,1.08427,1.08367,1.08415,1242,1.0824366644688554,1.0808131620653512,0.0011992857142856725,37.77285221222293,64.4092219020165,2.504427756594501,1.4286299842777743,2.7823544422325552,2.7875584808769203,1.0008855513189183,1,0,1,0,0.5002977963074733,0.35854675402020464,0.20000000000014803,0.08333333333348752,0.7999999999998519,0.4574607763928675,0.4468745538558128,1.3537244579547811,0.0003967814564647121,0.0014594899175111031,0.0015982705419337329,22,4,3.3797895572761982,1.439745880484455,0.3613261862219303,4.458209251538723,6.398252928330466,0,0,0,0,-0.10005955926156872,3.4603930911256873,-1,1.0
2024-07-09 14:00:00,1.08223,1.08242,1.08122,1.08138,2993,1.0824907460245605,1.0823224284992352,0.0006949999999999853,23.659782950550294,37.96909492273553,-2.577460034253739,-1.5981957187921432,-1.35601222911543,3.2615344984694206,-0.015492006850762357,0,1,0,1,1.7266187050358175,1.2230215827338637,0.15833333333327781,0.13333333333329633,0.13333333333329633,-0.4926739755187088,-0.11061847209449172,0.2421834896767133,-0.0007854152998900688,-0.0008131132999463775,-0.001034642032332611,14,1,-1.410071942445726,-4.633093525179316,-7.726618705035954,1.6834532374109124,4.906474820144502,0,0,0,0,-2.115107913669228,0.2302158273380451,1,1.0
2024-07-11 15:00:00,1.08548,1.09,1.08448,1.0887,7882,1.0842347538626411,1.083207745758161,0.0009678571428570759,37.44052873656312,90.19316493313649,3.4434587071357754,4.613538444503959,5.674653829206706,7.1884516808843335,1.1886917414271614,1,0,1,0,5.7033210332106945,3.3269372693729244,0.23550724637682718,0.18115942028983612,0.7644927536231728,1.1066046562514023,0.587249704791156,1.0611153847027466,0.0029664295979658917,0.0036876555729694616,0.004372855086903549,15,3,6.5781057810582295,5.117835178352171,4.356703567036066,7.339237392374335,8.799507995080393,0,0,0,0,-1.3431734317344917,4.3601476014762035,-1,0.0
2024-07-12 17:00:00,1.08967,1.09095,1.08935,1.09093,5777,1.0879535402082543,1.086188888649833,0.0009235714285714362,27.64521905700853,79.4029850746276,2.513610233599177,3.2227716229264374,5.133453898092578,7.004096422803907,1.0027220467198463,1,0,1,0,1.7324052590874288,1.3642691415313533,0.012500000000081533,0.19999999999991674,0.9874999999999184,1.14924809539343,0.8007066466666813,1.9106822751661412,0.0011471257616915143,0.0019838900777942037,0.002204808319476781,17,4,4.883217324052325,0.6171693735493541,-3.2590873936585667,8.759474091260246,13.025522041763217,0,0,0,0,3.7571539056456045,3.865429234338794,-1,0.0
2024-07-16 15:00:00,1.09022,1.09056,1.08757,1.08808,5532,1.0895567750426296,1.0891664441084654,0.0008285714285714166,35.61993157229053,38.752052545155095,-2.6616906106905915,-1.7823147066220333,-1.3112256481480102,3.1649576014576604,-0.03233812213815942,0,1,0,1,3.608620689655283,2.5827586206897295,0.11371237458194029,0.17056856187291045,0.17056856187291045,-0.01600087926761749,0.11088464252194413,0.4710890584740229,-0.001962906569316303,-0.0015874326717500997,-0.0017065159550067044,15,1,-2.2931034482759105,-4.381034482758711,-7.120689655172536,0.4465517241379151,2.5344827586207153,0,0,0,0,-2.993103448275951,-0.33793103448283346,1,0.0
2024-07-18 16:00:00,1.09286,1.09292,1.0907499999999999,1.09115,5399,1.092933874701065,1.0921667407729934,0.0007864285714285847,20.884659681907806,18.655097613881637,-3.4542612102525734,-2.2683238705639974,-1.2928583852775577,4.023515724532672,-0.1908522420505084,0,1,0,1,2.759309718437744,2.174386920980735,0.02764976958522988,0.18433179723510462,0.18433179723510462,-0.3171107867600474,0.12329458650305582,0.9754654852864398,-0.0015647017916291528,-0.001984780302198841,-0.0017656530171624718,16,3,-2.0133212231303728,-6.226460793218032,-8.879806236754044,0.6400242204056388,4.853163790493298,0,0,0,0,-3.2425068119891125,-1.8819255222523716,1,0.0
2024-07-22 01:00:00,1.08846,1.09001,1.08846,1.08998,1203,1.0888829194219531,1.089796329811412,0.0007921428571428603,36.681667212556604,65.70121951219446,2.6989420971806517,1.3849529389229225,0.23186498108494452,3.25078110497976,1.0397884194360856,1,0,1,0,1.956717763751044,1.9188458070333125,0.019354838709661707,0.0,0.9806451612903383,-0.23165167997159297,-0.35064682081479015,-1.153087957837978,0.0013964684049023735,0.00186589457236086,0.001451672179345831,1,0,1.6579501051998027,0.27351968740590016,-1.6495341148183027,3.5810039074240057,4.965434325217908,1,0,0,0,1.0730387736699907,3.0423805229937053,-1,1.0
2024-07-23 12:00:00,1.08779,1.08783,1.08661,1.08674,2868,1.088495026729836,1.088918549751243,0.000717857142857151,29.751037635012928,27.539503386004895,-2.934405199307496,-2.444813354995188,-3.0347956733732797,4.550236896090833,-0.0868810398614941,0,1,0,1,1.699502487562168,1.462686567164156,0.03278688524593446,0.1065573770491505,0.1065573770491505,-0.6008003213547845,-0.3160841714417925,-0.5899823183780919,-0.0009652598387556166,-0.0016169039963251919,-0.002157764739369683,12,1,-2.9857379767827923,-5.163515754560583,-7.1091210613596525,-1.0401326699837228,1.1376451077940686,0,0,0,0,-4.095522388059575,-2.7582089552236693,1,0.0
2024-07-23 13:00:00,1.08674,1.08691,1.08566,1.08616,3283,1.0882726432317562,1.0888103713296255,0.0007707142857142912,35.24712538084683,19.189765458420624,-2.7709389759533813,-2.741149698293468,-3.4388506593843564,5.576881172450444,-0.05418779519068508,0,1,0,1,1.6218721037997685,0.7525486561631409,0.13600000000000567,0.3999999999999645,0.3999999999999645,-0.8597149978495222,-0.4283843977295386,-0.6977009610908887,-0.0005337063142978327,-0.0013515625718305557,-0.002626214394593429,13,1,-3.5335186901452715,-5.561940067964261,-7.374111831943012,-1.72134692616652,0.3070744516524696,0,0,0,0,-4.567191844300203,-3.3215940685818612,1,0.0
2024-07-23 14:00:00,1.08616,1.08685,1.08562,1.08572,2808,1.0880295343525412,1.0886891802970913,0.0007978571428571517,40.296024989890206,17.751479289939965,-2.5486285756197162,-2.894671525118776,-3.721443523659546,6.6586621300823525,-0.009725715123943103,0,1,0,1,1.5416293643689087,0.5514771709937221,0.5609756097561328,0.08130081300811687,0.08130081300811687,-1.0832168295569453,-0.5342235240115295,-0.8267719985407698,-0.00040509685497536196,-0.001902940824975441,-0.002553973357831918,14,1,-3.964786630856509,-5.92420173082668,-7.674723962995942,-2.2142643986872472,-0.2548492987170762,0,0,0,1,-4.963294538943498,-3.76007162041164,1,0.0
2024-07-24 10:00:00,1.08434,1.0854,1.08258,1.08293,4810,1.0851174995998243,1.0865485928108138,0.000690000000000016,53.19504783758104,27.238095238093095,-3.260381282575291,-3.1702892751076632,-5.244337406976533,4.355096576650289,-0.15207625651503068,0,1,0,1,4.086956521738778,2.043478260869711,0.37588652482266155,0.12411347517725974,0.12411347517725974,-0.7895836172531308,-0.7136398290124727,-2.07404813186887,-0.001300330154748619,-0.0016225834109284687,-0.0012634879645855301,10,2,-5.115942028985437,-8.101449275362107,-12.768115942028667,-0.4492753623188772,2.5362318840577935,0,0,0,0,-3.5797101449274127,0.5072463768113656,1,1.0
2024-07-29 10:00:00,1.08581,1.08599,1.08435,1.08446,4543,1.0857459943062873,1.0855907366978663,0.0007207142857142809,27.531578508334373,32.30769230769043,-2.819685442804885,-1.7843330315185453,-1.568911176425063,3.5220666000373293,-0.06393708856093717,0,1,0,1,2.275520317145823,1.873141724479643,0.10975609756101193,0.06707317073173703,0.06707317073173703,-0.13978424226735267,0.014026774629328937,0.21542185509348238,-0.0012433114449120763,-0.001335285612988124,-0.0018224660358603373,10,0,-1.480013214403547,-3.306904525933079,-5.115295672282752,0.32837793194612586,2.155269243475658,0,0,0,0,-3.5381565906839416,-0.8880079286421898,1,0.0
2024-07-29 11:00:00,1.08446,1.08446,1.08318,1.08323,3522,1.0855063758009267,1.0854981587881463,0.0007607142857142892,29.25315918718217,27.272727272725774,-3.2321007089949942,-2.9924188932370503,-2.9816171862956526,5.123631776270568,-0.1464201417990069,0,1,0,1,1.6826291079811444,1.6169014084507816,0.0,0.03906249999991055,0.03906249999991055,-0.49666012557586053,-0.14240085124827312,0.010801706941397685,-0.0011342050421409011,-0.002467976167454089,-0.002771026660775,11,0,-3.0190923317683045,-4.749921752738518,-6.463223787167438,-1.3057902973393851,0.4250391236308285,0,0,0,0,-4.969014084507173,-2.4582159624413538,1,0.0
2024-07-29 14:00:00,1.08359,1.0836,1.08168,1.08179,2402,1.084849678395266,1.0852172145198047,0.0009457142857142799,34.73326457689666,24.258760107817096,-2.737836465875214,-3.2353094813989927,-3.623942845714915,6.796471823908771,-0.047567293175050346,0,1,0,1,2.0302114803624676,1.9033232628399162,0.005208333333252018,0.05729166666669738,0.05729166666669738,-1.090904249116376,-0.44376478465151004,-0.38863336431592216,-0.0016703580657068118,-0.001329357569491152,-0.003702305191515931,14,0,-3.9511581067470782,-5.343403826787333,-6.721550855991879,-2.573011077542532,-1.1807653575022774,0,0,0,0,-5.5196374622356865,-3.4999999999999414,1,0.0
2024-07-30 12:00:00,1.08288,1.08352,1.08279,1.08319,3071,1.0825409874607859,1.0834293703138433,0.0006335714285714079,36.10242018802752,60.20151133501503,2.6014668544602038,1.024371538782363,-0.37781109287548464,3.091222795208775,1.020293370892043,1,0,1,0,1.1521984216462238,0.4892897406990525,0.45205479452039377,0.12328767123305588,0.5479452054796062,-0.027057999155448917,-0.3321146910196202,-1.4021826316578476,0.00028627364066191596,0.0008408175333556311,0.0007113689695312786,12,1,0.07891770011290868,-4.419391206313423,-10.527621195039728,6.187147688839214,10.685456595265546,0,0,0,0,1.0417136414883619,2.478015783540216,-1,1.0
2024-07-30 15:00:00,1.08244,1.08261,1.08018,1.0802,3538,1.0823724061109523,1.0832625778023035,0.0008121428571428803,26.32805685975033,35.08771929824522,-3.1066616888848846,-2.6749063811196847,-3.770984101341,3.943634796771361,-0.12133233777699638,0,1,0,1,2.9920844327177827,2.758135444151221,0.0699588477366225,0.008230452674950517,0.008230452674950517,-0.07066174974206932,-0.24550457983678184,-1.0960777202213154,-0.002069398765751518,-0.0027603652175518523,-0.0015436235407210175,15,1,-3.620052770448375,-7.129287598944341,-11.894459102902038,1.145118733509322,4.654353562005288,0,0,0,0,-4.161829375549498,-1.748460861917248,1,1.0
2024-07-31 15:00:00,1.08284,1.08481,1.08253,1.0841,4927,1.0824440411544105,1.0825855811561647,0.0010235714285714253,39.18399864598302,71.5460526315792,2.50191224395395,1.6178244129974775,1.479543880927828,3.7936090940473295,1.0003824487908146,1,0,1,0,2.227494766224769,1.230983949755799,0.3114035087719166,0.13596491228071245,0.6885964912280834,0.4244712154815394,0.1040912459818678,-0.1382805320696495,0.0011636068117173437,0.0013763035626863651,0.0021075594830932687,15,2,2.4294021865551,0.687136543382347,-1.2342405210512535,4.3507792509887,6.093044894161453,0,0,0,0,1.0453593859038253,3.360781577111074,-1,0.0
2024-08-01 10:00:00,1.08163,1.08201,1.07993,1.08012,4699,1.082275468930829,1.082449703216577,0.0010649999999999985,11.20073821484715,38.47328244274687,-2.504489001736425,-2.023914489041283,-2.187514757349294,4.38742709717637,-0.0008978003472813929,0,1,0,1,1.9530516431923595,1.4178403755869715,0.18269230769223585,0.09134615384611793,0.09134615384611793,-0.20132855682534287,-0.08596072081105047,-0.1636002683080112,-0.001396041160101058,-0.002382931559988921,-0.0023184282718934357,10,3,-2.309859154929702,-4.544600938967309,-6.769953051643353,-0.08450704225365789,2.15023474178395,0,0,1,0,-3.220657276995351,-0.07511737089209401,1,0.0
2024-08-01 12:00:00,1.07845,1.07863,1.07776,1.07779,3129,1.081518649170134,1.0821162696743565,0.0009828571428571267,15.850521214764717,19.676549865229376,-2.7659674412105817,-3.7936837486829584,-4.401727866351115,7.470892056850529,-0.05319348824210526,0,1,0,1,0.8851744186045908,0.6715116279068687,0.20689655172423474,0.03448275862066325,0.03448275862066325,-1.0786816712810317,-0.46743146944411795,-0.6080441176681566,-0.0006119894292734296,-0.003550197387276688,-0.004534958899048647,12,3,-4.87354651162806,-7.295058139535127,-9.706395348837475,-2.462209302325712,-0.040697674418646024,0,0,0,1,-5.860465116279153,0.030523255813928035,1,1.0
2024-08-02 11:00:00,1.08041,1.08153,1.08033,1.08146,5405,1.0798347444508694,1.0805147825373618,0.0009014285714286085,24.955384191373785,76.64359861591718,2.7428187741923,1.8029776297804536,1.048577216872889,4.201289455476017,1.0485637548384368,1,0,1,0,1.3312202852615347,1.1648177496037504,0.05833333333334104,0.06666666666672835,0.941666666666659,0.41827609211376493,-0.0347697636012983,-0.7544004129075644,0.0009625886229429614,0.0009440598274776946,0.001982729866953248,11,4,1.456946645536064,-1.1907025884840035,-4.966191230850317,5.232435287902377,7.880084521922445,0,0,0,0,2.340729001584752,3.139461172741673,-1,0.0
2024-08-02 12:00:00,1.08146,1.08249,1.08145,1.0820400000000001,4019,1.080044768788882,1.080574594986877,0.0008835714285714598,26.658455414559104,76.5625000000006,2.725611878408478,2.258143650416661,1.6585020358708586,5.33992664814767,1.0451223756817183,1,0,1,0,1.1770412287791838,0.656426839126925,0.4326923076921825,0.009615384615448256,0.5673076923078175,0.6307666064867204,0.06666836841851129,-0.5996416145458024,0.0005363120226360429,0.0022229632099590724,0.0021022995637962616,12,4,2.1428186472647774,-0.5583400700620977,-4.41013203988127,5.994610617083949,8.695769334410825,0,0,0,0,3.0444624090541477,3.859337105901391,-1,0.0
2024-08-02 15:00:00,1.08314,1.08971,1.08293,1.08912,8333,1.081353165870094,1.0810695518737972,0.001409285714285716,34.0702527910909,91.30434782608727,3.5657952978360066,5.511184886907584,5.712431513778044,8.715531237299684,1.2131590595671886,1,0,1,0,4.810947795235681,4.243284338570768,0.0870206489675321,0.030973451327440005,0.9129793510324679,1.1988349371499758,0.42102863529954443,0.20124662687046035,0.005520985283527624,0.0065431961849840015,0.008052424057311214,15,4,6.36729177225878,4.673762459874868,2.2588275046460398,8.78222672748761,10.47575603987152,0,0,0,0,6.932589964521066,7.443487075519583,-1,0.0
2024-08-02 16:00:00,1.08912,1.09066,1.08845,1.09057,8356,1.0822309595967516,1.0814421184669816,0.0015257142857142889,35.54728299622412,93.6310395314778,2.8927806697280167,5.465663185649689,5.982693888682504,10.920330757677768,1.0785561339456016,1,0,1,0,1.4485018726592027,0.9503745318351721,0.040723981900417025,0.30316742081455056,0.959276018099583,1.5705529982374498,0.6078044482526761,0.5170307030328152,0.0013313500807992096,0.007622514598270458,0.008423797458990467,16,4,6.8317727840198925,5.267478152309473,3.036828963795206,9.062421972534159,10.626716604244578,0,0,0,0,7.353932584269653,7.825842696629238,-1,0.0
2024-08-02 17:00:00,1.09057,1.09267,1.09003,1.09225,7955,1.0831851539208706,1.0818659569584725,0.0016364285714285704,38.74101050852948,94.1532258064507,2.577253449626768,5.539408341676625,6.3455522733035234,12.597536716163752,1.0154506899253521,1,0,1,0,1.61326931470972,1.0266259275424998,0.1590909090909435,0.20454545454545073,0.8409090909090565,1.9190480946242403,0.7891343344538303,0.8061439316268988,0.0015404788321702334,0.008410731761360424,0.009435880374107919,17,4,7.3961879819582705,5.9377273388620395,3.8579950531062615,9.475920267714049,10.93438091081028,0,0,0,0,-0.2566564818856928,8.323003055434292,-1,0.0
2024-08-05 10:00:00,1.09053,1.09671,1.09035,1.0949,10222,1.0904158980696843,1.0867961878818582,0.0017471428571428044,54.94065044746946,65.3877551020409,2.7659497399499045,2.566534220131699,4.638322553311074,3.4335163912240176,1.0531899479899778,1,0,1,0,3.6402289452168723,2.501226492232283,0.2845911949685611,0.02830188679246304,0.7154088050314389,0.823425750189848,0.7370172290228779,2.071788333179375,0.003988812984274004,0.0015001006165047404,0.0024812532617950467,10,0,4.349959116925754,-0.8699918233851253,-3.9435813573182252,7.423548650858853,12.643499591169732,0,0,0,0,0.5265739983647112,3.216680294358209,-1,0.0
2024-08-05 15:00:00,1.09629,1.10089,1.09618,1.09912,8842,1.0927319287242034,1.0884978553393436,0.0022328571428571315,39.42594189671107,79.24137931034505,2.7080827538599994,2.8609404306191193,4.7571985044527,5.156478857681575,1.0416165507719937,1,0,1,0,2.1094049904030783,1.2674344209853405,0.375796178343913,0.02335456475585025,0.624203821656087,1.0372498132843246,0.7621031479461455,1.8962580738335804,0.0025631436363804383,0.0036250741907501993,0.0038542332633118015,15,0,5.2936660268715015,1.2092130518234885,-1.1957773512475844,7.698656429942575,11.783109404990588,0,0,0,0,-0.7927063339730552,2.6065259117083377,-1,1.0
2024-08-08 09:00:00,1.09358,1.09448,1.09337,1.09429,4727,1.0929040138603174,1.0924995318353807,0.0006742857142856749,21.584755221800354,85.76388888889363,2.5458875725240113,2.0554879190208495,2.655355328884639,4.517504797209874,1.009177514504771,1,0,1,0,1.6461864406779796,1.0529661016949596,0.1711711711711009,0.18918918918923786,0.8288288288288991,0.6970722635731063,0.36254206773712483,0.5998674098637897,0.0006400936365547061,0.0007132993754057626,0.0013817968850087237,9,3,3.1144067796615142,0.6822033898310659,-1.5127118644065696,5.30932203389915,7.741525423729598,0,0,0,0,1.3199152542374504,2.8622881355933685,-1,1.0
2024-08-08 15:00:00,1.09305,1.09326,1.08917,1.08976,5875,1.0926891138683403,1.09250990123994,0.0010842857142856963,30.8421127229314,31.52585119798259,-3.2481097910990644,-2.70142253997131,-2.536140800998633,4.332204429906814,-0.14962195821983834,0,1,0,1,3.7720685111989414,3.034255599473055,0.051344743276240876,0.14425427872863106,0.14425427872863106,-0.2944607866001511,-0.04470453092823559,0.16528173897267734,-0.0030099263528658993,-0.0026905829596411968,-0.003875685557586883,15,3,-2.241106719367359,-3.7536231884054665,-5.118577075098643,-0.8761528326741826,0.636363636363925,0,0,0,0,-4.389986824769392,-2.397891963109335,1,0.0
2024-08-08 16:00:00,1.08977,1.09064,1.08816,1.08929,6323,1.0923653887380222,1.0923836306030796,0.0012092857142857064,31.974201388060152,29.25659472421944,-2.760109657167278,-2.543144851288273,-2.5582296776794986,5.055035126486428,-0.05202193143346967,0,1,0,1,2.050797401063246,0.3969285292378877,0.35080645161295776,0.45564516129034605,0.45564516129034605,-0.5869782580126043,-0.18184696407931122,-0.015084826391225502,-0.0004312876229628504,-0.002974719461072306,-0.0040412906529151416,16,3,-2.398109864146237,-3.7542823390427666,-4.978145304193517,-1.1742468989954866,0.1819255759010428,0,0,0,1,-4.324867099822701,0.9344359125812852,1,1.0
2024-08-13 16:00:00,1.0941,1.09626,1.09382,1.09588,5259,1.093321101186578,1.0928451796458012,0.0009221428571428555,20.320227635158993,65.06666666666607,3.1186600586892617,2.7749483646713924,3.2910522818577013,4.379574586741955,1.1237320117378393,1,0,1,0,2.646010844306741,1.930286599535131,0.1557377049180522,0.11475409836067961,0.8442622950819478,0.2373639789193572,0.16711531438436109,0.5161039171863088,0.0016269079608810522,0.003259118207118883,0.0032315649745959796,16,1,3.4231861605988163,1.5651949393231837,0.2349599793440318,4.753421120577968,6.611412341853601,0,1,0,0,-0.4120836560806094,4.86909372579384,-1,0.0
2024-08-13 19:00:00,1.09535,1.09741,1.0953,1.09724,2955,1.0940460417923268,1.0932112648992383,0.0011121428571428632,25.72123803977084,71.03762827822118,2.636131112315524,2.871895626681097,3.622497842688762,5.869352520110823,1.0272262224631175,1,0,1,0,1.8972382787412092,1.6994219653178624,0.08056872037914642,0.023696682464504352,0.9194312796208536,0.9932547484573123,0.49114963340290557,0.750602216007665,0.0017254758752909272,0.001241011789612001,0.003842494327746415,19,1,4.06122885891655,2.5206593877111394,1.4176835795331866,5.164204667094503,6.704774138299914,0,0,0,0,0.8811817597944546,5.260115606936307,-1,0.0
2024-08-13 21:00:00,1.09769,1.09995,1.09769,1.09993,3402,1.0949195489501813,1.0936431168869938,0.0012885714285714484,30.901301997177125,77.0758122743683,2.748197765836766,3.888376646200773,4.878955852665562,7.868692387046256,1.0496395531673544,1,0,1,0,1.7538802660753057,1.7383592017738245,0.008849557522083898,0.0,0.9911504424779161,1.2404805260779257,0.6192417614576563,0.9905792064647889,0.0020497777129948602,0.004181311909435381,0.0036956601087712038,21,1,5.592756836659126,4.263118994826087,3.3111603843310453,6.544715447154167,7.874353288987205,0,0,0,0,2.848115299334816,6.6274944567626415,-1,0.0
2024-08-19 17:00:00,1.10445,1.10736,1.10431,1.10657,4740,1.103475895030414,1.1017033846130266,0.001034285714285686,68.24779208682448,75.76642335766607,2.9189663746252705,2.9915379540197575,4.705291120002051,4.811951770485415,1.083793274925037,1,0,1,0,2.9488950276243875,2.049723756906251,0.2590163934425728,0.04590163934427184,0.7409836065574271,0.7666486196809331,0.6249261785389032,1.713753165982293,0.0019104358691126588,0.0021100485401726043,0.0027638828476148625,17,0,5.562615101289447,1.5050644567221556,-0.5768876611417356,7.6445672191533385,11.70211786372063,0,0,0,0,1.4599447513813737,3.4226519337018466,-1,0.0
2024-08-19 18:00:00,1.10656,1.10721,1.10599,1.10693,3602,1.1038048574084698,1.1019083499223197,0.0010785714285714049,68.14690785263484,76.75070028011353,2.550016238603151,2.8974831974452666,4.6558345091076605,5.5301556678291455,1.0100032477206147,1,0,1,0,1.1311258278145933,0.34304635761588437,0.22950819672135922,0.4672131147540655,0.7704918032786408,0.9503638229158656,0.69320558654305,1.7583513116623941,0.00032532962216569317,0.002744813841833338,0.0029265198876506915,18,0,5.667991169978126,1.7770419426050086,-0.21942604856512266,7.664459161148256,11.555408388521373,0,1,0,0,1.7337748344371597,3.6158940397351924,-1,0.0
2024-08-20 15:00:00,1.10809,1.10987,1.10805,1.10984,3153,1.1077103730529347,1.105481949072753,0.0008442857142857577,27.45274854614604,59.938837920488886,3.071325519861672,2.5224007833258257,5.161820049192397,3.1535902453278375,1.1142651039723093,1,0,1,0,2.1556683587138536,2.072758037224839,0.016483516483503078,0.02197802197804477,0.9835164835164969,0.5535718861520521,0.7591612808964928,2.6394192658665716,0.0015702553921124185,0.002040484660250197,0.0010372601899539813,15,1,4.011280315848617,-1.03835307388598,-3.6520022560629744,6.624929498025611,11.674562887760208,0,0,0,0,1.1133671742807527,3.126903553299303,-1,0.0
2024-08-20 16:00:00,1.10984,1.11053,1.10927,1.11022,4878,1.1079493851431315,1.1056677549914686,0.0009092857142857553,25.885122408676526,61.9738751814225,2.7641951134352016,2.497141240860794,5.006396710089243,3.7587880522173864,1.0528390226870175,1,0,1,0,1.3857030636292025,0.4179104477612268,0.24603174603176423,0.45238095238090625,0.7539682539682357,0.6996639890474599,0.7738567698192416,2.5092554692284486,0.00034239169610028597,0.0018137356638183721,0.0020216971425477404,16,1,4.142445666404663,-0.5462162869860128,-2.973029588897424,6.569258968316074,11.25792092170675,0,0,0,0,1.4516889238019635,3.3212882953651537,-1,0.0
2024-08-20 17:00:00,1.11022,1.1117,1.10936,1.11119,5450,1.1082580151294998,1.1058843136192542,0.0010250000000000378,25.68760803547344,69.86666666666815,2.9000599468074544,2.8604730443901962,5.176279395849262,4.555835177301799,1.080011989361503,1,0,1,0,2.282926829268217,0.9463414634145166,0.2179487179487216,0.3675213675214016,0.7820512820512784,0.8969893115343274,0.7976889216508315,2.315806351459065,0.0008737007079677728,0.0027885569894412487,0.003259358240488064,17,1,4.621138211381889,0.4617886178861543,-1.6910569105690736,6.773983739837117,10.933333333332852,0,0,0,0,2.2341463414632377,3.8926829268290644,-1,0.0
2024-08-21 18:00:00,1.11248,1.11479,1.11246,1.11423,5466,1.1119438932848338,1.1098793399238223,0.001289285714285707,16.505184594700232,62.939698492462774,2.841927802579948,1.7731575630098588,3.3744731892791933,2.6398334467443356,1.0683855605159536,1,0,1,0,1.8072022160664483,1.3573407202217231,0.24034334763944531,0.008583690987085607,0.7596566523605547,0.3016833640560515,0.44570008940686556,1.6013156262693344,0.0015730619876312968,0.0015550561797752493,0.0015640590027776735,18,2,2.440627885503218,-0.5713758079410346,-2.0967682363805675,3.9660203139427503,6.9780240073870035,0,0,0,0,0.9462603878116388,3.35844875346258,-1,0.0
2024-08-21 19:00:00,1.11422,1.11483,1.11417,1.11465,3427,1.1122016177338971,1.1100664246326921,0.0013007142857142581,14.194967155184086,64.7550776583041,2.6741667733889276,1.882336722978562,3.5238910017743317,3.2659379772175154,1.0348333546778061,1,0,1,0,0.5074135090608762,0.33058758923663667,0.27272727272742564,0.07575757575741264,0.7272727272725743,0.5026602591538084,0.5200325656835832,1.64155427879577,0.0003769419240191585,0.0028700987889800356,0.0028520531183646725,19,2,2.742083104521252,-0.2434559765698848,-1.7554457257919602,4.254072853743327,7.239611934834464,1,0,0,0,1.2608456891816902,3.6518396485446867,-1,0.0
2024-08-21 20:00:00,1.11464,1.11586,1.11457,1.11557,3039,1.1125224160449547,1.1102822511176846,0.0013549999999999793,14.229332836649933,68.76355748373201,2.760706189318813,2.2491394502179163,3.902397699125752,4.086071472608366,1.0521412378637423,1,0,1,0,0.9520295202952274,0.6863468634685532,0.224806201550481,0.05426356589148354,0.775193798449519,0.652346871161613,0.5684722606734743,1.6532582489078356,0.0008253711927510565,0.0027775780238745718,0.0027595505617976634,20,2,3.3111931119310674,0.44526445264433673,-1.006150061500831,4.762607626076235,7.628536285362966,0,0,0,0,1.8892988929888819,4.1845018450183975,-1,0.0
2024-08-21 21:00:00,1.11554,1.11741,1.11549,1.11618,4085,1.1128707573740066,1.1105135353875795,0.0014585714285714044,16.73130989318907,72.09543568464775,2.5408574981776626,2.2688245232079827,3.884941458074834,4.723393246768704,1.008171499635547,1,0,1,0,1.3163565132222992,0.4387855044074331,0.6406250000000596,0.026041666666607035,0.3593749999999404,0.8565024550458165,0.6342993417294087,1.6161169348668514,0.0005468056688509026,0.0017500875043752195,0.0042466665467042475,21,2,3.4942866470779905,0.8318641854389428,-0.5164871041464572,4.84263793666339,7.505060398302438,0,0,0,0,-0.843290891283114,4.305582761998004,-1,1.0
2024-08-22 16:00:00,1.11403,1.11416,1.11124,1.11193,5067,1.1138970938232486,1.1125160990027119,0.001267857142857154,16.95572965878599,27.701863354037073,-2.9083208610712354,-1.551510621153777,-0.46227526974449995,3.4794773696292705,-0.0816641722142709,0,1,0,1,2.3030985915493023,1.6563380281689923,0.04452054794519246,0.23630136986303818,0.23630136986303818,-0.18608339285436443,0.18797988243069974,1.089235351409277,-0.0018760884005672995,-0.0023417732876344077,-0.0020910738965770337,16,3,-1.711549295774462,-5.024225352112271,-7.634929577464477,0.8991549295777432,4.211830985915553,0,0,0,0,-3.6045070422534606,-0.6388732394365964,1,0.0
2024-08-22 17:00:00,1.11192,1.11198,1.10983,1.1115,4932,1.1136687991734155,1.1124762519829978,0.001339999999999992,17.73984094254362,28.848641655885515,-2.703203118244836,-1.6185068458325576,-0.7285462559685781,3.8125030559841746,-0.04064062364896597,0,1,0,1,1.6044776119402142,0.3134328358209623,0.02790697674416395,0.7767441860464819,0.7767441860464819,-0.3355584938575285,0.0983062656718134,0.8899605898639795,-0.0003867149910516954,-0.0019574743193736532,-0.002226251817806446,17,3,-1.9402985074626502,-5.074626865671444,-7.544776119402911,0.5298507462688169,3.6641791044776113,0,0,0,0,-3.731343283582198,1.2462686567163046,1,0.0
2024-08-23 17:00:00,1.11142,1.11848,1.11141,1.11749,10758,1.112596714528552,1.1123077863767603,0.0013185714285714229,19.509293377035437,76.36363636363791,3.8249371161290298,3.711050736742866,3.9301728453606333,5.227073804187936,1.2649874232257856,1,0,1,0,5.361863488624007,4.603466955579667,0.14002828854311697,0.0014144271570106987,0.859971711456883,0.2382867507849125,0.10666772251814098,0.21912210861776732,0.005398159227703259,0.005018391776312914,0.005181114119435559,17,4,3.7945106536657036,1.7797038642111223,-1.2639942217405669,6.838208739617393,8.853015529071975,0,0,0,0,3.2535211267606736,5.255687973997934,-1,0.0
2024-08-23 18:00:00,1.11749,1.11961,1.11737,1.11754,5674,1.113067503621071,1.1125129712247306,0.0014057142857142799,20.969464507890667,74.58847736625643,2.798856278042468,3.1816539280998266,3.5761383563908433,6.339606829112968,1.059771255608503,1,0,1,0,1.5934959349593703,0.035569105690974163,0.924107142857142,0.05357142857148167,0.07589285714285803,0.5795990489992165,0.2515196294900758,0.3944844282910166,4.47431296923817e-05,0.005506469201561837,0.005009127944099356,18,4,3.5948509485095146,1.704945799458114,-1.150067750677464,6.449864498645093,8.339769647696494,0,0,0,0,3.0873983739837603,4.965447154471556,-1,0.0
2024-08-27 20:00:00,1.11659,1.11827,1.11646,1.11815,2429,1.1166705831302897,1.1163070276702736,0.0010792857142857112,14.516586825121182,61.4062500000002,3.2142574034542406,1.3707370070115465,1.7075852161594858,2.25418560192938,1.1428514806908334,1,0,1,0,1.6770350761086248,1.4454003970880307,0.0662983425414995,0.07182320441986578,0.9337016574585005,0.13372087307164757,0.11296712231361614,0.33684820914793917,0.0013971108464163606,0.0013702065160932086,0.0020432487655372977,20,1,0.9697771894992061,-0.9512464151776491,-3.8018971983234304,3.8204279726449872,5.741451577321842,0,0,0,0,0.8894771674388514,2.863004632693623,-1,0.0
2024-08-27 21:00:00,1.11815,1.11907,1.11803,1.1186,2417,1.1168543371178812,1.1163969481537923,0.0011342857142857068,14.493022337828124,63.02395209580891,2.8891696151706974,1.5389975031274679,1.9422371440118622,2.89734003744644,1.0778339230341565,1,0,1,0,0.916876574307249,0.3967254408061021,0.451923076923079,0.11538461538452506,0.548076923076921,0.26373373350782925,0.16446847395893355,0.4032396408843945,0.00040245047623321817,0.0023387306337869784,0.001584842814036147,21,1,1.319479429051257,-0.5083963056255308,-3.2208228379512813,4.031905961377007,5.859781696053795,0,0,0,0,-0.414357682619624,3.1209068010076644,-1,1.0
2024-08-29 11:00:00,1.11302,1.11302,1.1072,1.10849,5901,1.1126584212585515,1.1138859023974654,0.0011171428571428166,22.9754071529599,31.887456037514752,-3.047296686905783,-3.73132337722019,-4.830091660135495,5.518076878946385,-0.10945933738116687,0,1,0,1,5.2097186700768585,4.054987212276293,0.0,0.22164948453608718,0.22164948453608718,-0.3427177693020986,-0.33351971606949865,-1.0987682829153052,-0.004061059649059784,-0.0045619045053296725,-0.004570843585552931,11,3,-4.642796248934729,-7.477408354646768,-11.821824381927241,-0.29838022165425443,2.5362318840577838,0,0,1,0,-4.941176470588387,1.1547314578005654,1,0.0
2024-08-30 18:00:00,1.10687,1.1072,1.10532,1.10599,4864,1.1077483358213536,1.1095168540584417,0.0013250000000000364,23.72276044928139,41.22938530734706,-2.616083022059382,-1.327045902908296,-2.661776647880428,2.342548701672586,-0.02321660441184624,0,1,0,1,1.4188679245281737,0.6641509433962021,0.17553191489359693,0.35638297872339925,0.35638297872339925,-0.4013166442213346,-0.4239428506573306,-1.334730744972132,-0.0008130889248253448,-0.0007408678996395635,-0.0017600231059442528,18,4,-2.3672955974841354,-5.051572327043799,-8.737106918238679,1.318238993710745,4.002515723270409,0,0,0,0,-2.6641509433961783,-1.0415094339621878,1,0.0
2024-08-30 19:00:00,1.10599,1.10599,1.1044,1.10496,3801,1.1074827800288436,1.1093381538992872,0.0014121428571428935,20.66801426614171,35.29411764705813,-2.9339750888789036,-1.7864906628128587,-3.100361891250416,3.0314791365503013,-0.08679501777577367,0,1,0,1,1.12594840667674,0.7293879615579585,0.0,0.35220125786157286,0.35220125786157286,-0.5558302653271362,-0.4707695895989159,-1.313871228437557,-0.000931292326332156,-0.0020501612131174074,-0.002878671659973908,19,4,-2.9505985499914833,-5.469229472264212,-8.927330972854255,0.5075029505985597,3.0261338728712888,0,0,0,0,-3.2291350531107756,0.39656044511878163,1,1.0
2024-09-03 07:00:00,1.10582,1.10588,1.10541,1.10543,2162,1.106416969830443,1.10699171482146,0.0005692857142856848,41.39546996303283,32.04819277108487,-2.52571392813273,-1.7336985729237973,-2.7432882685625475,4.205924109542969,-0.005142785626541292,0,1,0,1,0.825595984943529,0.685069008783169,0.1276595744679846,0.042553191489170715,0.042553191489170715,-0.4360429947863879,-0.36148847738030987,-1.0095896956387502,-0.0003526794595866134,-0.0011475557965122674,-0.0011746315722895861,7,1,-1.6921790046008378,-5.54496026767077,-7.928063571727784,0.6909242994561761,4.5437055625261085,0,0,0,0,-2.828105395232462,-0.8431618569637203,1,1.0
2024-09-03 12:00:00,1.10486,1.10507,1.10343,1.10402,3850,1.1059456684641713,1.1066821181046511,0.0008221428571428506,46.04676244105118,23.684210526316363,-2.729801567428834,-2.3422552996002146,-3.238023758915366,5.106299111691076,-0.04596031348575241,0,1,0,1,1.9947871416161063,1.021720243266674,0.1280487804878247,0.35975609756101196,0.35975609756101196,-0.5732596983321029,-0.3765728962055252,-0.8957684593151518,-0.0007602773202034507,-0.0019436433821203858,-0.0012755217426702048,12,1,-2.886765131769505,-5.55459021141034,-7.204749493194317,-1.2366058499855286,1.431219229655307,0,0,0,0,-3.3570807993050953,-2.2988705473500843,1,0.0
2024-09-04 17:00:00,1.10577,1.10952,1.10573,1.10899,7276,1.1055732803375493,1.1056666462649496,0.0010757142857143384,21.577432716899246,81.41993957704061,3.7566764521771026,3.1762334179486156,3.0894390631276427,4.530314100625875,1.2513352904354114,1,0,1,0,3.52324037184574,2.993359893758154,0.13984168865439237,0.010554089709714613,0.8601583113456076,0.4008208605908442,0.09647224935643459,-0.0867943548209728,0.00294827851283741,0.003565449527170639,0.0033021513742377273,17,2,3.929172200088281,1.9645861000440372,-0.3842408145197204,6.277999114652038,8.242585214696282,0,0,0,0,-0.4926958831342375,4.629482071712906,-1,0.0
2024-09-06 16:00:00,1.11211,1.11257,1.10657,1.10834,9448,1.110746223784006,1.109601559987095,0.0015014285714285583,37.173186003184945,33.25301204819225,-3.4054797496509264,-1.6026228818307757,-0.840239763050827,2.6974910628333935,-0.18109594993016356,0,1,0,1,3.996194100856366,2.510941960037967,0.07666666666668775,0.295000000000008,0.295000000000008,-0.08150335308274274,0.1498867840284086,0.7623831187799488,-0.003389952432762744,-0.002178688465555023,-0.003067236339104884,16,4,-1.2210593085948651,-3.0149064383125306,-4.218204884237102,-0.0177608626702933,1.7760862670473723,0,0,1,0,-4.802093244529021,1.1788772597526598,1,1.0
2024-09-06 19:00:00,1.10855,1.10857,1.10698,1.10769,5202,1.1102293584855305,1.1095112774944913,0.0021849999999999925,38.330381490537526,35.884773662551126,-2.557418166796143,-1.1621777965814415,-0.8335366107511405,2.8096127510023567,-0.011483633359217366,0,1,0,1,0.7276887871853481,0.39359267734547543,0.01257861635228382,0.4465408805031429,0.4465408805031429,-0.2989740873242272,-0.01898908676697889,0.3286411858303009,-0.0008388807706877222,-0.0005864626378188076,-0.0027279602420050564,19,4,-1.136536994660494,-2.369183829137942,-3.1960335621661984,-0.30968726163223753,0.9229595728452104,0,0,0,0,-2.6681922196796437,0.5125858123569856,1,0.0
2024-09-09 11:00:00,1.10594,1.10626,1.10457,1.10477,3459,1.1078935059184178,1.1086063668426533,0.0007821428571428582,31.812129969570663,11.834319526626132,-2.696460023735103,-3.993523548662038,-4.904943908415192,7.582916781071627,-0.03929200474701603,0,1,0,1,2.160730593607264,1.4958904109587656,0.18934911242609692,0.1183431952662613,0.1183431952662613,-1.4064755602182564,-0.6588708150972875,-0.9114203597531536,-0.0010579235763241712,-0.001933309844522113,-0.0029151624548736654,11,0,-6.985083713850882,-11.668797564688038,-18.466362252663636,-0.1875190258752829,4.496194824961873,0,0,1,0,-5.561643835616244,-3.6949771689498423,1,0.0
2024-09-10 16:00:00,1.103,1.10349,1.10175,1.1019700000000001,4213,1.1038295639356066,1.105291047065406,0.0009049999999999971,11.679091244876824,37.23577235772408,-2.8433111136530727,-2.054766779675686,-3.669665265641917,3.267336874958494,-0.06866222273062857,0,1,0,1,1.9226519337017465,1.1381215469611798,0.2816091954023451,0.12643678160925262,0.12643678160925262,-0.5191560589600387,-0.5201728778219293,-1.6148984859662314,-0.0009338168631004562,-0.0018839726461662432,-0.0016488643673161496,16,1,-3.7127071823204867,-5.8674033149173095,-10.055248618784438,0.47513812154664065,2.6298342541434634,0,0,0,0,-2.6850828729281107,-0.9613259668507506,1,1.0
2024-09-12 16:00:00,1.10252,1.10409,1.10248,1.10371,5831,1.1019007463357748,1.1025202232943838,0.0010000000000000009,22.687955966433886,65.98802395209577,3.0536551462423307,1.8092536642251285,1.1897767056161512,3.5653993259185914,1.1107310292484984,1,0,1,0,1.61000000000011,1.1900000000000233,0.23602484472050975,0.02484472049691754,0.7639751552794902,0.2935452058181462,-0.0503333670984762,-0.6194769586089771,0.0010884255018093203,0.0013699872981309813,0.0019517774792112697,16,3,1.4399999999998845,-0.6200000000002864,-3.840000000000284,4.659999999999882,6.720000000000053,0,0,0,0,1.3099999999999212,2.759999999999871,-1,0.0
2024-09-12 17:00:00,1.10369,1.10472,1.10299,1.104,5136,1.1021006752561773,1.1025782537534277,0.001080714285714292,23.196599361847355,70.04830917874375,2.618069521933482,1.7574716730680289,1.3155616293465904,4.168750256366873,1.0236139043867105,1,0,1,0,1.600793126239259,0.2868473231989709,0.4161849710981665,0.404624277456729,0.5838150289018336,0.4695906107312929,0.04742079775349812,-0.44191004372143855,0.00026275017894206165,0.0023697327921989864,0.0023060301781274717,17,3,1.600793126239259,-0.3053536021151528,-3.284864507600926,4.580304031725032,6.486450760079443,0,0,0,0,1.4805023132848982,2.822207534699254,-1,0.0
2024-09-16 09:00:00,1.10984,1.11159,1.10977,1.11147,2744,1.1089855286210137,1.1074382428262544,0.0007592857142856925,17.759825704663992,73.01349325337277,2.642622519424775,3.272116585682791,5.309934189317027,6.4888931643518,1.0285245038849418,1,0,1,0,2.3969896519287768,2.146754468485507,0.06593406593412626,0.038461538461543154,0.9340659340658737,1.0075203338600038,0.7787159678208562,2.0378176036342355,0.0014686801701147,0.0009546023540853987,0.00240800865800872,9,0,4.4076513013484355,2.5857635622452704,-0.13609281906555595,7.129507682659262,8.951395421762427,0,1,0,0,1.685794920037609,3.6745061147694256,-1,0.0
2024-09-17 11:00:00,1.11364,1.11463,1.11332,1.11446,3131,1.1125674025031032,1.1108550818908782,0.0008199999999999795,22.43591997088924,67.9817905918066,3.019067461976675,2.308045727923049,4.396241596490086,3.4112455642389947,1.1038134923952903,1,0,1,0,1.5975609756097013,1.0000000000000773,0.12977099236642256,0.24427480916022512,0.8702290076335775,0.4773319921956176,0.6084342589583922,2.0881958685670363,0.0007453103813654938,0.001590739559086618,0.0018518518518517713,11,1,3.6382113821139175,-1.3333333333334365,-4.13008130081309,6.434959349593571,11.406504065040926,0,0,0,0,-0.20731707317074113,3.5,-1,1.0
2024-09-18 21:00:00,1.11239,1.11889,1.11239,1.11496,12353,1.112691676613683,1.1121226986566832,0.0015671428571428622,25.705467774540978,63.6871508379886,2.9165820922349037,1.4474260441402838,1.8104931087709202,2.4963349202780556,1.0833164184469612,1,0,1,0,4.147675478577895,1.6399270738377092,0.6046153846153876,0.0,0.39538461538461245,0.04190148586471874,0.08210259233254544,0.3630670646306364,0.00227430040541865,0.003022670025188967,0.0012752123857247,21,2,1.6441810999694702,0.8380431479791576,-0.5955636584625476,3.0777879064111753,3.883925858401488,0,0,0,0,-2.5077484047401852,2.6353691886964152,-1,1.0
2024-09-19 03:00:00,1.1114,1.11168,1.10791,1.10816,3898,1.1118517880860883,1.111862981972224,0.0021449999999999685,20.32044048388181,36.276174306734575,-2.975163313283309,-1.7211133268477068,-1.72633192178281,3.1672469477575325,-0.09503266265667404,0,1,0,1,1.757575757575807,1.5104895104894904,0.0742705570291921,0.06631299734750136,0.06631299734750136,-0.29824188815897673,-0.09305867355956281,-0.005218594935103249,-0.002915242037070276,-0.00310360648069008,-0.0021880261842803783,3,3,-2.4630924630924866,-4.21756021756027,-6.7567987567988155,0.07614607614605852,1.8306138306138422,0,0,1,0,-1.9813519813519476,-0.7086247086247031,1,1.0
2024-09-20 17:00:00,1.11548,1.11548,1.11382,1.11438,4727,1.1158516928617002,1.1147995387343095,0.0011564285714285502,24.922948342682982,40.60742407199049,-2.782047159815443,-1.27261890449683,-0.362788281675965,2.8316206853533026,-0.05640943196306195,0,1,0,1,1.4354539839407259,0.9512044471897279,0.0,0.3373493975902986,0.3373493975902986,-0.02972209433240753,0.20092046416161483,0.9098306228208649,-0.0009861225660703354,-0.0015947534403670804,-0.0015321345052818902,17,4,0.6427836112826834,-5.208564957792916,-8.886555486926287,4.320774140416055,10.172122709491655,0,0,0,0,-2.8709079678814518,-0.7523162445955714,1,1.0
2024-09-23 10:00:00,1.11588,1.11596,1.1098,1.11015,5858,1.1155336049888178,1.1152461967926817,0.0010750000000000007,18.781259589798555,15.476190476192897,-3.851270934687459,-5.008004640760785,-4.740648179238783,6.865145385017335,-0.27025418693750153,0,1,0,1,5.730232558139686,5.330232558139544,0.012987012987025627,0.05681818181819206,0.05681818181819206,-0.4938765857960577,-0.07627136589922545,0.2673564615220016,-0.005134960748467643,-0.005562721702676576,-0.005446906103580895,10,0,-5.472868217054381,-7.717829457364498,-9.724031007752018,-3.4666666666668613,-1.221705426356743,0,0,0,0,-6.120930232558164,-5.051162790697714,1,0.0
2024-09-25 18:00:00,1.11728,1.11754,1.11419,1.11432,4429,1.117882603848023,1.116444513672759,0.00133642857142854,43.498169841958365,26.65975103734543,-3.536076758749089,-2.665764504132706,-1.5896948914284785,4.6754839475764305,-0.2072153517498032,0,1,0,1,2.506680919294527,2.214858364511064,0.07761194029848649,0.038805970149243245,0.038805970149243245,-0.0267960362948466,0.25611660507438644,1.0760696127042273,-0.0026314376241877158,-0.004875957777420559,-0.003933066361555992,18,2,-0.8605024051309546,-4.691608765366222,-6.652057723142908,1.0999465526457315,4.9310529128809995,0,0,0,0,-5.3051843933726825,-2.6264029930519985,1,0.0
2024-09-25 19:00:00,1.11432,1.11478,1.1133,1.11345,3448,1.1174604511005921,1.1163270817640234,0.0013814285714285651,40.684559786564016,19.30894308943087,-2.948228653213503,-2.9031186870883716,-2.0826858684760627,6.215675523813939,-0.08964573064270327,0,1,0,1,1.0713547052741554,0.6297828335056372,0.31081081081086553,0.10135135135140508,0.10135135135140508,-0.44675659364378706,0.0637560500093302,0.8204328186123085,-0.0007807452078396615,-0.0054308504461692,-0.005484150447931824,19,2,-1.4622543950361364,-5.168562564632854,-7.065149948293717,0.4343329886247271,4.140641158221444,0,0,0,0,-5.762150982419858,-3.17063081695972,1,0.0
2024-09-26 18:00:00,1.1165,1.11894,1.11644,1.11829,4156,1.1152349772475074,1.115284450343525,0.0017664285714285815,28.45653296124578,69.72727272727255,2.95906345386142,1.7294912468619477,1.701483833022593,3.634511892659397,1.091812690772283,1,0,1,0,1.415285078851559,1.0133441164577142,0.2600000000000213,0.023999999999980103,0.7399999999999787,0.28860890823196,0.08071471002101409,-0.028007413839354678,0.0015942535221360465,0.002833750325074158,0.002590998744844919,18,3,1.5171856045289125,-0.43024666397081057,-3.713708046906513,4.8006469874646145,6.748079255964337,0,0,0,0,-0.3679741205014355,3.226849979781645,-1,1.0
2024-09-27 10:00:00,1.11509,1.11509,1.11248,1.11331,5239,1.116168068686959,1.1159453726914779,0.0010092857142857284,35.48001048307969,11.166666666663332,-2.5018553085535626,-2.8317736459607894,-2.6111265166800637,6.676998134169917,-0.0003710617107246003,0,1,0,1,2.585987261146462,1.7636234961074417,0.0,0.3180076628352904,0.3180076628352904,-0.44732733188254814,-0.08044996050892991,0.22064712928072547,-0.0016231436975393532,-0.002830349225684592,-0.0032321025677756188,10,4,-3.0582684595423175,-6.829912715263022,-9.349846661948535,-0.538334512856805,3.2333097428638995,0,0,0,0,-4.260438782731687,0.8223637650390202,1,1.0
2024-09-30 11:00:00,1.11722,1.12089,1.11721,1.12056,4069,1.116924047154497,1.1165039436650943,0.001069285714285725,19.115066182592646,72.15041128084748,3.2282678954525434,3.4003567025411803,3.7932390573599912,5.471559742462443,1.1456535790905196,1,0,1,0,3.441549766198942,3.123580494321851,0.08967391304346466,0.002717391304365698,0.9103260869565354,0.45910324310029643,0.21943184759551604,0.39288235481881106,0.0029895633805336885,0.0034835716908308,0.004238996979826659,11,0,3.921621019817315,0.28679581384972147,-3.3916722333557736,7.60008906702281,11.234914272990403,1,0,0,0,-0.30861723446888,4.61990647962582,-1,1.0
2024-10-01 11:00:00,1.11156,1.11202,1.10981,1.11031,4022,1.113887027496582,1.1150947829635183,0.001098571428571409,43.382136351520295,30.63660477453584,-2.5553806146823472,-3.2560718434427685,-4.3554591345421505,6.301499951406584,-0.011076122936472862,0,1,0,1,2.0117035110533927,1.1378413524059199,0.2081447963800432,0.22624434389137316,0.22624434389137316,-0.864914711619137,-0.5142863024977348,-1.0993872910993823,-0.0010796124191415624,-0.0030976152851602823,-0.003115516529296758,11,1,-4.502817511920514,-8.022540095362292,-13.150411790204009,0.6250541829212024,4.14477676636298,0,0,0,0,-3.741222366710132,-2.2028608582575973,1,0.0
2024-10-01 12:00:00,1.11031,1.11147,1.10922,1.10952,3445,1.113471120115955,1.1148761640237725,0.0011549999999999855,45.813436386207705,27.55716004813422,-2.6212046586707936,-3.4208832172770975,-4.637371449153721,6.54171969764526,-0.024240931734146428,0,1,0,1,1.948051948051854,0.6839826839825596,0.5155555555556091,0.13333333333332675,0.13333333333332675,-1.1194904644973396,-0.6244636561150557,-1.2164882318766237,-0.0007115130008734649,-0.0035385195696296945,-0.004084123977846854,12,1,-4.966810966811078,-8.314574314574484,-13.19191919191927,-0.08946608946629221,3.2582972582971133,0,0,1,0,-4.242424242424213,-2.779220779220758,1,0.0
2024-10-01 13:00:00,1.10952,1.10977,1.1084,1.10871,3016,1.1130176801049116,1.114634353669899,0.0012085714285714002,48.792182076761556,23.08558558558488,-2.525711774686001,-3.564274318484826,-4.901947481003985,7.2309509166427794,-0.005142354937189227,0,1,0,1,1.1335697399526388,0.6702127659574438,0.18248175182473353,0.2262773722628187,0.2262773722628187,-1.3659266447357918,-0.7372424890485432,-1.3376731625191591,-0.0007300454250486199,-0.0025190956446634605,-0.004534190489872136,13,1,-5.416863672182976,-8.616233254531371,-13.277383766745677,-0.7557131599686708,2.4436564223797252,0,0,0,0,-4.724586288416089,-3.3262411347517786,1,0.0
2024-10-02 15:00:00,1.10757,1.10775,1.10511,1.10535,4290,1.1071795889312748,1.1095422598649698,0.0011357142857143193,20.387754137616124,40.79999999999995,-2.843727132212847,-1.610958807411653,-3.691297994312868,2.120965289727603,-0.06874542644254038,0,1,0,1,2.3245283018867022,1.9547169811319196,0.06818181818184495,0.09090909090909856,0.09090909090909856,-0.2571761084633175,-0.540016419961907,-2.0803391869012153,-0.0020043879845065282,-0.0016348133964375622,-0.0011927674916641928,15,2,-2.8528301886790812,-6.374842767295332,-11.508176100628516,2.280503144654102,5.802515723270353,0,0,0,0,-2.113207547169712,-0.6955974842765738,1,0.0
2024-10-02 16:00:00,1.10536,1.10659,1.10471,1.10513,4083,1.106984389985439,1.1093692300663436,0.0012428571428571647,16.8571103330767,41.073825503355025,-2.5971046915292355,-1.4920379193187703,-3.410874766023555,2.3777583462318703,-0.019420938305880875,0,1,0,1,1.512643678160798,0.1850574712643263,0.6542553191490116,0.22340425531909114,0.22340425531909114,-0.37431007763214347,-0.5406882947851018,-1.9188368467047847,-0.00019903198082060758,-0.0014005855351140184,-0.0019056392471370476,16,2,-2.7839080459769776,-6.0022988505746255,-10.693103448275695,1.906896551724091,5.1252873563217385,0,0,0,0,-2.108045977011511,-0.8126436781608694,1,0.0
2024-10-02 17:00:00,1.10513,1.10564,1.10355,1.1036299999999999,5095,1.10666492427254,1.1091441622206046,0.0013314285714285865,16.00995132558823,33.371040723980485,-3.220125562169498,-2.2794495609206056,-4.141538148522831,3.333047861274776,-0.14402511243392668,0,1,0,1,1.5697424892703125,1.1266094420601158,0.2440191387559946,0.038277511961655894,0.038277511961655894,-0.5686360915215606,-0.5888988893101251,-1.8620885876022255,-0.0013573063802448937,-0.0035573372337640574,-0.003188337728964208,17,2,-3.7253218884120316,-6.729613733905563,-11.108369098712382,0.6534334763947871,3.657725321888318,0,0,0,0,-3.094420600858427,-1.8851931330471983,1,0.0
2024-10-03 17:00:00,1.10375,1.10388,1.10083,1.1017,7752,1.1038827716405284,1.1058424244130092,0.0011928571428571702,36.723143509689635,35.12064343163513,-2.804715503411514,-1.8298684411615675,-3.4726911246783514,3.15710823732061,-0.06094310068230284,0,1,0,1,2.556886227544849,1.7185628742515475,0.042622950819660194,0.2852459016393204,0.2852459016393204,-0.30168679419203254,-0.4537064621778151,-1.6428226835167838,-0.0018663477567588682,-0.002336363965660948,-0.0017125925388958851,17,3,-3.073852295409145,-4.831536926147602,-7.290618762474992,-0.6147704590817545,1.1429141716567022,0,0,0,0,-2.531736526946069,0.729341317365191,1,1.0
2024-10-04 16:00:00,1.0961,1.09792,1.09588,1.09733,6454,1.1019249918690908,1.1036294026575635,0.0013314285714285865,22.977463227600953,22.827041264266313,-2.5641943267479603,-3.451174150604675,-4.731311008899622,7.395926305916796,-0.012838865349593259,0,1,0,1,1.5321888412017308,0.9238197424891416,0.28921568627454824,0.10784313725495318,0.7107843137254518,-0.9009354235543251,-0.5554073088177445,-1.2801368582949477,0.0011221603868258878,-0.004924008850520578,-0.004743506022348076,16,4,-4.195994277539266,-5.7632331902716505,-7.2904148783976925,-2.668812589413224,-1.101573676680839,0,0,0,0,-4.776824034334817,-3.507510729613825,1,0.0
2024-10-08 10:00:00,1.09837,1.09957,1.09786,1.09953,3783,1.0981033558226068,1.0988027585674072,0.0007657142857142902,10.795480822017566,61.690647482011684,2.6200914571375087,1.8631547092820653,0.949755602266618,3.8803903521161662,1.0240182914275333,1,0,1,0,2.2332089552237084,1.5149253731340946,0.023391812865522135,0.29824561403511507,0.9766081871344778,0.47757173606070213,-0.047617446521391514,-0.9133991070154471,0.0010561104181650016,0.0008920850211642239,0.0012293066710376,10,1,3.0646766169151833,0.7748756218901094,-1.2058457711446315,5.045398009949924,7.335199004974998,0,0,0,0,1.0839552238804422,2.180970149253507,-1,1.0
2024-10-10 17:00:00,1.09374,1.09423,1.09137,1.09223,5713,1.0939334257424955,1.0951794135241706,0.0012507142857142797,38.95146309378407,36.11532625189609,-3.1216494643051114,-1.361962329807937,-2.35818328603015,2.0515885752575955,-0.12432989286107628,0,1,0,1,2.286693318104019,1.2073101085093494,0.17132867132870172,0.30069930069932077,0.30069930069932077,-0.26558450105395237,-0.3048513849529671,-0.9962209562222131,-0.0013805840510541234,-0.0007959015643581591,-0.0010426479599768834,17,3,-2.4092899295640535,-3.6992194936226217,-5.991243099181286,-0.11726632400538894,1.1726632400531793,0,0,1,0,-2.6145059965733064,1.111364934323251,1,0.0
2024-10-10 19:00:00,1.09249,1.09283,1.09032,1.09061,3424,1.093492532183766,1.0948988896084328,0.0014321428571428502,41.53780600041158,28.60548271751958,-3.249006170222314,-2.012740676943847,-2.9947358861874824,3.2070424622852474,-0.14980123404445067,0,1,0,1,1.7526184538653538,1.3127182044887018,0.13545816733067942,0.11553784860562633,0.11553784860562633,-0.4414891168289331,-0.35156423721571883,-0.9819952092436354,-0.0017208395500186713,-0.002861740450198269,-0.0022779251669562406,19,3,-3.2352452202825965,-4.361762261014045,-6.363424771404679,-1.233582709891962,-0.10706566916051401,0,0,0,1,-3.4144638403989065,-0.16059850374061596,1,1.0
2024-10-16 18:00:00,1.08798,1.08802,1.08661,1.08725,2795,1.0887912651829568,1.0897235053739414,0.0009942857142857095,23.276052381321048,35.44494720965348,-2.51614627019371,-1.5501230288357883,-2.487720922067421,2.9838894454539737,-0.003229254038737492,0,1,0,1,1.4181034482757797,0.7341954022987509,0.02836879432627129,0.4539007092198682,0.4539007092198682,-0.2498871020917485,-0.27842965648441437,-0.9375978932316325,-0.0006709682163273945,-0.0015061209121214336,-0.0016161467755116954,18,2,-2.4305555555554115,-3.9157088122603025,-5.9305555555553555,-0.4157088122603586,1.0694444444445328,0,0,0,0,-2.916666666666583,-0.2816091954023585,1,0.0
2024-10-16 20:00:00,1.08682,1.08684,1.08616,1.08622,1208,1.088376523199654,1.0894767152644496,0.001042857142857139,22.162341825218334,30.540540540541357,-2.5441739820661207,-2.067898958572425,-3.1228776508420886,4.253338393125437,-0.008834796413199978,0,1,0,1,0.6520547945205637,0.5753424657533635,0.02941176470607443,0.08823529411757022,0.08823529411757022,-0.65617256460444,-0.4404726765958251,-1.0549786922696636,-0.0005520693399090337,-0.001617676795529266,-0.002452038314246563,20,2,-3.3050228310501746,-4.721004566209905,-6.642009132419981,-1.3840182648400992,0.0319634703196313,0,0,0,1,-3.768493150684935,-1.2561643835617868,1,0.0
2024-10-16 21:00:00,1.08622,1.0863,1.08554,1.08558,1512,1.08811018765683,1.089323902901138,0.001057857142857142,22.680546374263763,28.680203045685985,-2.504853957233576,-2.3918046722228206,-3.5391384615753374,5.146658247933539,-0.0009707914467332134,0,1,0,1,0.7184334908846268,0.6049966239027442,0.10526315789482911,0.052631578947414555,0.052631578947414555,-0.8940621504815179,-0.5443515282950435,-1.1473337893525166,-0.000589199241405991,-0.0015359852839733623,-0.003149649681821187,21,2,-3.8631555255457157,-5.259059194237951,-7.152824668016953,-1.9693900517667138,-0.5734863830744784,0,0,0,0,-4.320054017555674,-1.8433490884538606,1,0.0
2024-10-17 15:00:00,1.08632,1.08739,1.08335,1.08429,5736,1.086049426313753,1.0874664957279814,0.0009114285714285789,31.693708465869697,36.920529801324825,-2.6836410348973283,-1.93040504643748,-3.485183400606522,3.0172361273704396,-0.03672820697944452,1,1,0,1,4.432601880877755,2.227272727272683,0.2648514851485433,0.23267326732671553,0.23267326732671553,-0.3308046827425595,-0.4519407340154019,-1.5547783541690419,-0.0018686943073863427,-0.0014642501933914698,-0.0010870866997705342,15,3,-3.2257053291535156,-5.310344827586115,-8.514106583072019,-0.021943573667611554,2.0626959247649874,0,0,1,0,-3.4012539184953825,-0.6692789968651977,1,0.0
2024-10-17 16:00:00,1.08429,1.08448,1.08111,1.08332,5960,1.0857894809505384,1.0873038880523742,0.0011292857142857216,32.043276656473196,31.616595135907687,-3.009941085308866,-2.186763650065561,-3.527794606782907,3.3847359462289766,-0.10198821706179202,0,1,0,1,2.9841872232764723,0.858950031625473,0.056379821958495294,0.6557863501483628,0.6557863501483628,-0.398422599572572,-0.41504064756217157,-1.3410309567173464,-0.0008945946195205723,-0.0028534084424071127,-0.001714001363829043,16,3,-3.4623655913977016,-5.144845034787961,-7.730550284629847,-0.8766603415558161,0.8058191018344438,0,0,0,0,-3.6040480708412326,1.9569892473118555,1,0.0
2024-10-21 18:00:00,1.08349,1.08351,1.082,1.082,2613,1.0850100451305908,1.0853805414914677,0.0009221428571428872,41.15699716579298,23.90300230946798,-2.867162866640762,-3.264185269424439,-3.665962887726174,6.762650519390098,-0.07343257332813705,0,1,0,1,1.6374903175831073,1.6158017041052826,0.013245033112523378,0.0,0.0,-0.6275384478131015,-0.275273186250132,-0.4017776183017351,-0.0013751857423696112,-0.0034446552581648415,-0.002535146347084627,18,0,-3.6798347534210287,-6.84998709011089,-8.548928479214702,-1.9808933643172175,1.1892589723726439,0,0,0,0,-4.240123934933868,-2.6785437645235075,1,0.0
2024-10-23 10:00:00,1.07926,1.07926,1.07807,1.07818,2758,1.0801928288628488,1.081559899115278,0.0006578571428571069,47.92026011930063,31.458699472760088,-2.6912782689228436,-3.059674710085396,-5.137740240379478,5.299420408660474,-0.03825565378458503,0,1,0,1,1.8089033659067593,1.6416938110753,0.0,0.09243697478977328,0.09243697478977328,-0.5781410604312271,-0.6358379390039649,-2.078065530294082,-0.001000685654986011,-0.0018885041935902125,-0.0021194480179922426,10,2,-4.256243213898376,-6.870792616721452,-11.187839305103811,0.06080347448398285,2.6753528773070587,0,0,1,0,-3.587404994571527,-1.5808903365909797,1,0.0
2024-10-23 14:00:00,1.07776,1.078,1.07631,1.07633,2268,1.0793660729337844,1.080996127529641,0.0008085714285713966,46.49423835196694,26.98826597131813,-2.8263053459308,-3.7548605188147577,-5.770829100262834,6.819763834110207,-0.06526106918617652,0,1,0,1,2.0901060070671824,1.7685512367492389,0.14201183431953984,0.011834319526573576,0.011834319526573576,-1.284528014185255,-0.8678598164253541,-2.015968581448076,-0.0013175597309208475,-0.0023173252505027664,-0.0027148231195449624,14,2,-5.750883392226429,-7.878091872791814,-11.390459363957975,-2.2385159010602695,-0.11130742049488403,0,0,0,1,-5.206713780918992,-3.574204946996681,1,1.0
2024-10-24 20:00:00,1.08108,1.08244,1.08107,1.08207,1761,1.0797683833160248,1.0797993455371289,0.0011900000000000244,11.722083011795519,71.81818181818063,2.540051046013743,1.9341316672061177,1.9081129940093933,4.284304820666903,1.008010209202746,1,0,1,0,1.1512605042017356,0.8319327731092656,0.270072992700698,0.007299270073040022,0.729927007299302,0.5631141073947799,0.17386400943136132,-0.02601867319672446,0.0009157509157509125,0.002102241155769624,0.0022321842061390207,20,3,3.13445378151255,1.277310924369693,-0.6806722689075301,5.0924369747897735,6.94957983193263,0,0,0,0,0.7899159663866754,2.68067226890753,-1,0.0
2024-10-25 15:00:00,1.08215,1.08394,1.08211,1.08385,2790,1.0820686725486035,1.0812082148528768,0.0007400000000000263,28.590622764430986,64.35845213849011,3.1911125489507763,2.4071992586437996,3.5699799285447513,3.021482866551489,1.1382225097901408,1,0,1,0,2.4729729729728827,2.2972972972972627,0.049180327868810686,0.02185792349728964,0.9508196721311893,0.5307474904704902,0.42756426764954836,1.162780669900952,0.001570946726424216,0.0014598944810444436,0.0013026126159416673,15,4,3.914414414414414,-1.333333333333019,-4.0855855855852,6.666666666666595,11.91441441441403,0,0,0,0,-0.12162162162151388,2.3513513513513686,-1,1.0
2024-10-25 19:00:00,1.08122,1.08122,1.08025,1.08051,1990,1.082021966954132,1.0813263121187502,0.0010328571428571687,25.245957642892193,36.19550858652679,-2.5533770408034604,-1.4638684203213204,-0.7903436834371512,3.4543248007135623,-0.010675408160673716,0,1,0,1,0.9391424619641483,0.6874135546334432,0.0,0.2680412371135177,0.2680412371135177,0.13632336212312465,0.21873812136028598,0.6735247368841691,-0.0006566656184679998,-0.0026951441256009012,-0.0015155015478444112,19,4,-0.42923005993524566,-4.18902720147494,-6.160903642231019,1.5426463808208333,5.3024435223605275,0,0,0,0,-3.320885200552995,-1.5491009681878958,1,0.0
2024-10-29 14:00:00,1.08056,1.0806,1.07967,1.07992,2528,1.0810987825432752,1.08103057106461,0.000801428571428572,22.94257502375004,35.222672064777655,-2.857859280475237,-1.4708516582756397,-1.3857392963047979,2.86962358440334,-0.07157185609503532,0,1,0,1,1.1604278074867518,0.7985739750445302,0.04301075268821055,0.26881720430113687,0.26881720430113687,-0.12309312540263724,-0.011082428910042104,0.08511236197084182,-0.0006015343753760227,-0.001783981143411717,-0.0011376774730611494,14,1,-0.9940582293522091,-4.121806298276734,-6.683897801544868,1.5680332739159242,4.69578134284045,0,0,0,0,-3.3814616755793083,-0.7985739750445302,1,0.0
2024-10-29 15:00:00,1.07992,1.07996,1.07721,1.07775,3757,1.080779850872487,1.080901921218939,0.0009700000000000106,22.89986328256706,24.892703862661833,-3.667193707912779,-3.1235576005021137,-3.249403318493816,4.630074873509487,-0.2334387415825239,0,1,0,1,2.8350515463917527,2.2371134020618366,0.014545454545468933,0.19636363636362872,0.19636363636362872,-0.40718490943744845,-0.13857301361025612,-0.1258457179917021,-0.0020094081043040557,-0.0037345510681371374,-0.0029695825932504194,15,1,-3.058419243986113,-5.642611683848618,-7.7594501718212365,-0.9415807560134944,1.6426116838490106,0,0,0,0,-5.030927835051487,-2.8969072164947924,1,0.0
2024-11-05 18:00:00,1.0902,1.09207,1.09011,1.09201,2740,1.08933520476185,1.0884764733572838,0.0009778571428571573,59.63101764589152,80.8972503617946,2.5498543132176668,2.735364012717109,3.6135407595343194,6.497170062422429,1.0099708626435462,1,0,1,0,2.0043827611396763,1.8509861212562286,0.03061224489804357,0.045918367347008715,0.9693877551019564,0.744482341246677,0.43214901144083445,0.8781767468172107,0.0016602458264536324,0.0025154461244687454,0.0018899949538968563,18,1,3.364499634769871,1.5953250547844968,-1.216946676406143,6.17677136596051,7.945945945945885,0,0,0,0,1.8714390065741124,3.1804236669100514,-1,0.0
2024-11-05 19:00:00,1.09201,1.09306,1.09181,1.09302,1780,1.0896861376416738,1.0886546508726844,0.0010371428571428634,59.58342697802901,85.05154639175234,2.5554748498955138,3.2144678386066383,4.20901431008396,7.515867969130801,1.0110949699790972,1,0,1,0,1.2052341597795813,0.9738292011020936,0.03199999999985505,0.1599999999999858,0.968000000000145,0.951880171132268,0.5219168670185211,0.9945464714773216,0.0009248999551287884,0.0021822049438862123,0.003166386739723137,19,1,4.146005509642034,2.477961432507049,-0.17355371900811584,6.797520661157199,8.465564738292183,0,1,0,0,2.7382920110194364,3.972451790633704,-1,1.0
2024-11-06 02:00:00,1.09341,1.09341,1.08322,1.08364,8535,1.0904207830025034,1.0893267924302001,0.0018614285714285694,64.81664313472562,34.398699891657415,-2.771478854295425,-3.642784421912864,-3.055068842010858,6.564371251996919,-0.05429577085908579,0,1,0,1,5.474290099769726,5.248656945510397,0.0,0.04121687929341199,0.04121687929341199,0.06474633076267572,0.17867124603309878,0.5877155799020064,-0.00893534904564619,-0.008527302005562842,-0.008654285975665532,2,2,-4.086467127142547,-6.303402404707114,-7.599897672038939,-2.789971859810723,-0.5730365822461555,0,0,0,0,-5.420567920184279,-2.8257866462011,1,0.0
2024-11-06 04:00:00,1.08364,1.08393,1.07615,1.07624,8844,1.088485947083682,1.0885993189638257,0.002555714285714296,61.68960914426332,23.265142398716137,-3.1818187225120558,-4.791594722513893,-4.835954876846212,8.220177474003211,-0.1363637445024128,0,1,0,1,3.0441587479038916,2.8954723309110535,0.037275064267367486,0.01156812339333472,0.01156812339333472,-0.8835227963997808,-0.2671966410071254,-0.04436015433231873,-0.006828836144844974,-0.01570316715596154,-0.015297906602254274,4,2,-5.871809204397198,-7.4864915222656245,-8.430780696851068,-4.927520029811754,-3.3128377119433265,0,0,0,0,-6.843487982112887,-4.953605366126266,1,0.0
2024-11-06 05:00:00,1.07624,1.07797,1.07191,1.07467,8442,1.087170142599522,1.0880530711613228,0.0029228571428571637,62.08637960109812,22.137404580152307,-2.6495430088857033,-4.276686128868663,-4.578763349426131,9.186832978093852,-0.029908601777136487,0,1,0,1,2.073313782991248,0.5371456500488965,0.2854785478547787,0.45544554455445796,0.45544554455445796,-1.274398905470041,-0.46141418691013625,-0.30207722055746766,-0.0014587824277113581,-0.008277656786386589,-0.016167275457050545,5,2,-5.671391332681621,-7.083251873574391,-7.9089279895730975,-4.8457152166829145,-3.4338546757901445,0,0,0,0,-6.521016617790791,0.9442815249267122,1,0.0
2024-11-07 15:00:00,1.07754,1.07947,1.07736,1.07923,5927,1.0755595902161696,1.0779640145890408,0.0016849999999999524,29.20205155721476,72.11678832116871,2.5177790898815107,2.17828473817826,0.751326653388226,5.4956351444147025,1.0035558179763098,1,0,1,0,1.252225519287771,1.0029673590504553,0.11374407582940134,0.08530805687197208,0.8862559241705986,0.4811681584525074,-0.16963282645590966,-1.4269580847900338,0.0015683872524454578,0.0033748605429526624,0.0021636177918098465,15,3,0.5578635014836603,-5.400593471810306,-14.563798219585117,9.72106824925847,15.679525222552437,0,0,0,0,1.2225519287833881,4.712166172106861,-1,0.0
2024-11-07 16:00:00,1.07923,1.08169,1.07813,1.08094,5138,1.076072010195582,1.0780807198992746,0.0018192857142856741,32.75719764612107,80.71030640668651,2.6077434739276466,2.67576981789763,1.5716498394250942,6.419376193823386,1.0215486947855263,1,0,1,0,1.9568119356105695,0.939929328621984,0.21067415730337832,0.3089887640449091,0.7893258426966216,0.7324852399648538,-0.01536623665563511,-1.104119978472536,0.0015844629967662893,0.0046844502277163524,0.005853068440887732,16,3,1.4566156262269885,-4.062033765214071,-12.548881036513892,9.94346289752681,15.46211228896787,0,0,0,0,2.072241853160655,5.304279544562312,-1,0.0
2024-11-08 15:00:00,1.07719,1.0772599999999999,1.07445,1.0753,4518,1.0778064304194026,1.078266203680481,0.001384285714285711,45.36665160404402,17.75417298937873,-2.597905524309959,-1.8106308499297032,-2.1427683966324307,4.359410029094499,-0.01958110486198535,0,1,0,1,2.0299277605779054,1.3653250773995065,0.024911032028396073,0.30249110320285544,0.30249110320285544,-0.2903288950772822,-0.16061229492941967,-0.3321375467027275,-0.0017545651185029154,-0.002365820847056721,-0.0024028425906169604,15,4,-1.9673202614379692,-6.83144134846923,-10.043687650498853,1.2449260405916533,6.109047127622914,0,0,0,0,-3.221878224974302,-0.5779153766770847,1,0.0
2024-11-08 18:00:00,1.07484,1.07504,1.07092,1.07097,3938,1.076693411753232,1.0777385408086253,0.0016549999999999937,54.63478192909432,12.35480464625212,-3.082023930454357,-3.458254835789801,-4.089752754456404,6.476008931756875,-0.11640478609086155,0,1,0,1,2.4894259818730617,2.338368580060456,0.048543689320384165,0.012135922330069094,0.012135922330069094,-0.8879232277573582,-0.42151099967714534,-0.6314979186666028,-0.0036005358937144516,-0.004026783223286423,-0.00679773717889276,18,4,-4.26183282980869,-8.33031218529708,-11.01711983887214,-1.575025176233629,2.4934541792547598,0,0,0,0,-5.311178247734205,-3.0996978851964343,1,0.0
2024-11-13 16:00:00,1.06366,1.06381,1.05762,1.05856,7383,1.061969531097751,1.063823553812521,0.0019235714285714214,9.73859119769308,41.63063619518221,-2.8155215799147273,-1.7725003850172916,-2.736344351106345,3.0535334304681707,-0.06310431598292716,0,1,0,1,3.2179725213516215,2.651318232454576,0.024232633279462755,0.15185783521808616,0.15185783521808616,0.007311265433417284,-0.20140201259037885,-0.9638439660890534,-0.00479476524453315,-0.004888320673836266,-0.003895737272983979,16,2,-2.167842554771642,-3.84701076865954,-5.713330857779479,-0.30152246565170365,1.3776457482361943,0,0,0,0,-3.5662829558114217,-0.4002970664687067,1,0.0
2024-11-13 18:00:00,1.05886,1.0592,1.05623,1.05661,4923,1.0611911581094968,1.063353653480916,0.0022292857142856954,14.148377599121924,32.37367802585173,-2.752308327586439,-2.0549892192552193,-3.0250287963096656,3.958402903029561,-0.05046166551729092,0,1,0,1,1.332265299583441,1.0092918936237858,0.11447811447812002,0.12794612794614732,0.12794612794614732,-0.402336440185311,-0.3308159843624204,-0.9700395770544463,-0.0021249268080765216,-0.0066280578380309985,-0.006721440926524824,18,2,-2.7452739506568204,-4.194168535725751,-5.804549823774459,-1.1348926626081126,0.31400192246081743,0,0,0,0,-3.9519384812560343,0.4710028836911266,1,0.0
2024-11-18 11:00:00,1.05469,1.05713,1.05432,1.05664,3381,1.0545617943063434,1.0552343438074878,0.0013114285714285983,17.78404437960576,65.83514099783096,2.7247963773736545,1.5846884374287293,1.0718511271879345,3.4435224890196348,1.044959275474755,1,0,1,0,2.1427015250544064,1.4869281045752232,0.17437722419924664,0.13167259786476307,0.8256227758007534,0.19397783302468033,-0.060011301161369095,-0.5128373102407948,0.0018488845063480142,0.0022384945175852877,0.0024286581663632845,11,0,1.375090777051568,-1.062454611474216,-4.4658678286128,4.778503994190152,7.216049382715936,0,0,0,0,-0.3736383442264799,2.7527233115468706,-1,1.0
2024-11-19 11:00:00,1.05717,1.0578,1.05237,1.05497,6803,1.0578408792235536,1.0570473676298684,0.001364999999999997,54.777454209587326,27.510917030567697,-2.9499333572153557,-2.1032082223836444,-1.5218810475226638,4.542227154553634,-0.0899866714430733,0,1,0,1,3.9780219780220203,1.6117216117216004,0.11602209944753686,0.4788213627992475,0.4788213627992475,-0.24516461707465217,0.06305720466010123,0.5813271748609804,-0.0020810276492900792,-0.004068801450041626,-0.003532600995551305,11,1,-2.0879120879122692,-5.6776556776559595,-7.802197802198017,0.03663003662978867,3.626373626373479,0,0,1,0,-3.7435897435897134,1.9047619047618618,1,1.0
2024-11-20 11:00:00,1.05643,1.0569,1.05532,1.05556,3039,1.0582912834128255,1.0579047017311478,0.0010592857142857229,30.598313451355175,24.668435013262638,-2.505435698936857,-2.578419944676754,-2.213474324751743,5.955224300501087,-0.0010871397873846132,0,1,0,1,1.491571139581836,0.8213081591368085,0.29746835443037706,0.15189873417723476,0.15189873417723476,-0.6176634629867541,-0.10787942609343944,0.364945619925011,-0.0008235282981361447,-0.003003570281655543,-0.0035400402148567656,11,2,-1.6898179366149166,-6.39109912339841,-8.968307484827829,0.887390424814502,5.588671611597996,0,0,0,0,-3.7855697909640864,-3.228590694538052,1,0.0
2024-11-21 18:00:00,1.05105,1.05148,1.04714,1.04744,6903,1.0529634867304376,1.0546131985839169,0.001862142857142828,38.47773577988165,21.003861003861047,-3.205940429391141,-2.96619924150858,-3.8521204516624103,5.013049531156561,-0.14118808587822584,0,1,0,1,2.3306482546989296,1.938626774069903,0.09907834101380862,0.06912442396312586,0.06912442396312586,-0.5641155474682434,-0.36912193370152085,-0.8859212101538303,-0.003425178870452128,-0.0055634671983290085,-0.004353529400581757,18,3,-4.240634190001343,-6.741337424881759,-9.771896176959606,-1.2100754379234964,1.29062779695692,0,0,0,0,-3.7805907172997215,-2.115841963943292,1,0.0
2024-11-22 11:00:00,1.04438,1.04443,1.03334,1.04019,8474,1.0475430406761912,1.0507308693022068,0.0020664285714285485,71.41521885457963,22.056833558864085,-2.9401425416993514,-3.558332854015852,-5.101008303867886,6.058666305576294,-0.08802850833987858,0,1,0,1,5.366747321120026,2.0276529554096987,0.0045085662759137305,0.6176735798016226,0.6176735798016226,-0.7998713185482738,-0.5936623673334407,-1.5426754498520339,-0.004002412937943567,-0.0064378707267915836,-0.006950079715886792,11,4,-4.598916925913324,-6.279755732227592,-9.089756884434026,-1.7889157737068901,-0.10807696739262126,0,0,0,1,-4.645696508814456,3.314898029726975,1,0.0
2024-11-27 12:00:00,1.05165,1.05307,1.05126,1.05278,3342,1.0494231071391342,1.0487988431856419,0.0012992857142856934,30.12076075424147,78.93432465923294,2.534012493035375,2.5836448626785202,3.06411189670233,6.0874930332304595,1.0068024986070718,1,0,1,0,1.3930731170972264,0.8697086311160698,0.1602209944750954,0.21546961325962377,0.8397790055249046,0.7664135789689231,0.34492418701168404,0.4804670340238099,0.001084021147921499,0.002819530967213435,0.004858307323731381,12,2,3.1863661352392185,-1.5316107751511576,-6.026388125343695,7.681143485431757,12.399120395822132,0,0,0,0,-0.9774601429356041,4.102253985706542,-1,0.0
2024-11-27 15:00:00,1.0528,1.05738,1.05271,1.05726,5992,1.0507096913796914,1.049419734958256,0.0016907142857142757,42.076247434045946,85.5008787346227,2.9019876387058297,3.8742847775379095,4.637250130309215,7.648123997910548,1.08039752774116,1,0,1,0,2.762146176594834,2.6379383185467766,0.025695931477494476,0.019271948608120856,0.9743040685225055,1.129992235802991,0.5358599373350984,0.7629653527713058,0.004236322188450048,0.0042553999886016936,0.005544829422786002,15,2,5.09843683988178,1.4727503168568505,-1.981411068863531,8.55259822560216,12.17828474862709,0,0,0,0,1.8986058301648698,5.802281368821384,-1,0.0
2024-12-03 10:00:00,1.04981,1.05279,1.04972,1.05253,4724,1.049965629314847,1.0514510866187639,0.0012985714285714187,19.598913273072476,70.62937062936983,2.863302992432054,1.9747629038582324,0.8308463881906323,4.466538797742429,1.0726605984864075,1,0,1,0,2.36413641364131,2.0946094609461534,0.08469055374590713,0.029315960912028087,0.9153094462540928,-0.013540239399692391,-0.27618664382028396,-1.1439165156676,0.0026195964868829247,0.0032216556259829776,0.003326851216350235,10,1,1.2115878254491215,-2.5592225889257585,-7.243857719105391,5.896222955628754,9.667033370003633,0,0,0,0,0.7084708470847384,3.426842684268503,-1,1.0
2024-12-05 15:00:00,1.05368,1.05684,1.05332,1.05671,5983,1.052760107398317,1.0519591900344971,0.001287857142857158,32.22596713587147,80.81264108352279,3.1995886003991933,3.067026978566901,3.688926207267894,5.251039062759938,1.1399177200798374,1,0,1,0,2.7332224070992215,2.352745424292886,0.03693181818180814,0.10227272727270434,0.9630681818181919,0.6683998956217132,0.3468923442040764,0.6218992287009927,0.002875635866676829,0.00389507984913684,0.0035042069476363125,15,3,4.52431133296351,1.6875577740802377,-1.058606026991904,7.270475134035652,10.107228692918925,0,0,0,0,1.5995562950637254,3.548530227398709,-1,0.0
2024-12-05 16:00:00,1.05671,1.05896,1.05658,1.05755,5494,1.0532162876460964,1.0521784374841245,0.0014035714285714246,37.60656616140128,82.18029350104955,2.761599324423656,3.0876322114325725,3.8270674413362094,6.28272954948333,1.0523198648847203,1,0,1,0,1.6956743002543342,0.5984732824427155,0.5924369747899219,0.05462184873948443,0.40756302521007814,0.8717648182313658,0.4362909537833633,0.7394352299036367,0.0007949200821417701,0.0037014188772361845,0.004435453233037068,16,3,4.749787955894791,2.1469041560644526,-0.37285835453765637,7.2695504664968995,9.872434266327238,0,0,0,0,-1.0045801526716953,3.8544529262086016,-1,0.0
2024-12-06 15:00:00,1.05813,1.06298,1.05792,1.06044,7331,1.0577217702697017,1.0557155961354239,0.0013592857142857376,19.400630803980526,60.25200458190162,2.8451204975888746,1.9997486192420433,3.475651818395446,3.026634658208623,1.0690240995177795,1,0,1,0,3.7225433526011398,1.6994219653179152,0.5019762845849712,0.041501976284593046,0.49802371541502877,0.4952091001586547,0.48500224639096284,1.4759031991534028,0.002183096594936318,0.002069454287739303,0.0021073321930429323,15,4,3.2443510246978082,-0.9048870204939888,-3.0604308985810924,5.3998949027849115,9.549132947976709,0,0,0,0,-1.8686284813452025,2.714661061481803,-1,1.0
2024-12-11 09:00:00,1.05261,1.05285,1.04882,1.04901,5209,1.0526136123747873,1.0537402376423988,0.0010107142857143092,30.41246276090695,38.192771084337224,-2.931556898851164,-3.565411536891991,-4.680093780465107,5.5333060121687305,-0.08631137977021389,0,1,0,1,3.9872791519433486,3.561837455830353,0.05955334987593531,0.047146401985090194,0.047146401985090194,-0.58152791316691,-0.42438485020276745,-1.1146822435731156,-0.003420070111437301,-0.0032875046319610357,-0.00444153403752523,9,2,-4.079623085983339,-7.328150765606321,-10.985630153120974,-0.42214369846868655,2.8263839811542955,0,0,0,0,-3.799293286219058,0.18798586572429066,1,1.0
2024-12-12 17:00:00,1.05193,1.05211,1.04638,1.04732,7118,1.0501073459709855,1.051106420692537,0.0018985714285714636,26.31730485317839,38.66758241758179,-2.584322639992337,-1.468128050932898,-1.9943525092368417,2.9435316036848254,-0.016864527998457897,0,1,0,1,3.018058690744872,2.428141459744125,0.031413612565456994,0.16404886561953555,0.16404886561953555,-0.2706126238380588,-0.20453331202141492,-0.5262244583039436,-0.004372956118335991,-0.0015158593206280324,-0.0022387988605943043,17,3,-1.6784549786806835,-2.9882116879859444,-4.791321795836425,0.12465512916979753,1.4344118384750582,0,0,1,0,-2.522949586154995,0.49510910458987695,1,1.0
2024-12-13 14:00:00,1.04889,1.05194,1.0488,1.0516,3701,1.048155116728133,1.0491787642600339,0.0012807142857143175,43.22472740485635,73.79239465570411,2.7696153761244506,2.689814043844761,1.8905354355564,5.773753477145476,1.0539230752248967,1,0,1,0,2.451756832124981,2.116006692693749,0.10828025477706736,0.028662420382210646,0.8917197452229326,0.5008616331630646,-0.02647416658625003,-0.7992786082883611,0.0025836837037249705,0.0028035778994146554,0.005401787848367645,14,4,2.264361405465741,0.4528722810933216,-2.9749023982151055,5.692136084774169,7.503625209146588,0,0,0,0,2.756274400446137,4.911321807027307,-1,1.0
2024-12-18 17:00:00,1.04965,1.04988,1.04702,1.04739,3725,1.049502312157393,1.0498168090652926,0.0012178571428571436,21.401236977240362,31.357048748353805,-2.9588706556735778,-1.7344498653079825,-1.9926877955481574,3.0553783048530194,-0.09177413113471639,0,1,0,1,2.348387096774079,1.8557184750732543,0.08041958041956766,0.1293706293706291,0.1293706293706291,-0.31672426288853195,-0.15615021930314127,-0.25823793024017494,-0.002153098651931473,-0.0015823840617701368,-0.0023526946450002084,17,2,-2.282697947214079,-4.1219941348973785,-6.7988269794721905,0.3941348973607331,2.2334310850440326,0,0,0,0,-2.4140762463342624,-1.1249266862169025,1,0.0
2024-12-18 18:00:00,1.04739,1.04809,1.04672,1.04691,2947,1.0492554252852604,1.049702816552928,0.001262857142857137,22.251651852045644,29.937106918239138,-2.7378309852043707,-1.8572372168351536,-2.211506320191919,3.739707760682295,-0.04756619704088207,0,1,0,1,1.0848416289591791,0.3800904977375868,0.5109489051094808,0.13868613138681044,0.13868613138681044,-0.4837395630325777,-0.2300768573295592,-0.3542691033567658,-0.0004582820152951861,-0.0021826153259625336,-0.0026198959663129573,18,2,-2.581447963800949,-4.35520361990957,-6.936651583710519,0.0,1.7737556561086212,0,0,1,0,-2.708144796380086,0.1504524886877142,1,0.0
2024-12-18 21:00:00,1.04864,1.04864,1.03735,1.03771,10438,1.0479726230462802,1.0491156927926322,0.002155714285714261,26.889343650853288,18.784255107124395,-3.9402681762819176,-4.760660127499218,-5.290911169544516,6.5274778525558235,-0.2880536352563933,0,1,0,1,5.237243207422205,5.070245195493812,0.0,0.03188662533214484,0.03188662533214484,-0.8127411739440987,-0.37118541598926397,-0.5302510420452976,-0.010470205685188194,-0.008787765901558053,-0.011375220311532486,21,2,-5.77998674618966,-6.819085487077687,-8.331345261762944,-4.267726971504402,-3.2286282306163754,0,0,0,0,-5.3532140490392095,-4.179589131875548,1,0.0
2024-12-18 22:00:00,1.03774,1.03804,1.03437,1.03651,8166,1.0468809446609202,1.0486213518988037,0.0023457142857142683,29.450949024456357,14.173614516919486,-2.967555339756005,-4.421230976031763,-5.163182904483927,8.345021062655546,-0.09351106795120374,0,1,0,1,1.5645554202192828,0.5243605359318219,0.08174386920979888,0.5831062670299713,0.5831062670299713,-1.117513549044439,-0.5096346020354857,-0.7419519284521633,-0.0011563924410479265,-0.010519985107825147,-0.010387725680023663,22,2,-5.823386114494564,-6.778319123020768,-8.168087697929444,-4.433617539585889,-3.478684531059686,0,0,0,0,-5.431181485992721,0.9123020706455741,1,0.0
2024-12-20 18:00:00,1.03969,1.04353,1.0396,1.04281,5065,1.0389282893083942,1.040069166848988,0.0018357142857142739,40.26739749623441,75.73822825219423,2.5781146771753867,2.11455057130279,1.4930608604734308,5.0594990933012065,1.0156229354350705,1,0,1,0,2.1408560311284126,1.6996108949416515,0.18320610687024325,0.022900763358759218,0.8167938931297568,0.5385294946151531,0.03600517649445007,-0.6214897108293591,0.0030008944973982654,0.001979341820802283,0.0035221094163500055,18,4,2.814526588845605,1.0477302204927215,-1.4562905317770283,5.318547341115355,7.085343709468239,0,0,0,0,0.4902723735408052,2.2879377431906662,-1,0.0
2024-12-26 17:00:00,1.04024,1.0415,1.03981,1.04089,2975,1.0400019912360963,1.040059202596229,0.0007007142857142926,10.409285448090888,69.86301369863077,2.8494869481080864,1.2672907945620209,1.185643593557145,2.3802056500891,1.069897389621579,1,0,1,0,2.411824668705652,0.9276248725790482,0.360946745562089,0.2544378698225466,0.6390532544379111,0.3087906352716586,0.08007715827785505,-0.08164720100487591,0.0006248558025072626,0.000894265164044894,0.000692194545122593,17,3,1.9218484539587588,0.23309548080216005,-1.874277947672345,4.029221882433264,5.717974855589863,1,0,0,0,0.827726809378213,2.297655453618893,-1,0.0
2024-12-26 18:00:00,1.04089,1.04228,1.04083,1.04221,2022,1.0402122777850396,1.0401435475924554,0.0007807142857143092,12.296359226437378,78.37837837837867,3.5501535531976156,2.558839067652934,2.646874081026934,3.8875681443416408,1.210030710639516,1,0,1,0,1.8572735590120601,1.690759377859037,0.04827586206896974,0.041379310344940586,0.9517241379310303,0.5044895504217286,0.17353262151775842,0.08803501337400012,0.0012681455293066524,0.001864900458534935,0.0019997500312460836,18,3,3.4156755108265617,1.899969502897385,0.008539188777121865,5.307105824946825,6.822811832876002,0,1,0,0,2.433668801463804,3.7529734675206,-1,0.0
2024-12-27 13:00:00,1.04187,1.04408,1.04187,1.04387,1913,1.041587139229284,1.0410082249679518,0.0009485714285713939,15.26737094787288,61.44927536231999,3.0266120419088924,2.406630330574348,3.0169315096896034,3.6573161525690665,1.1053224083818143,1,0,1,0,2.3298192771083324,2.108433734939838,0.09502262443431594,0.0,0.904977375565684,0.46005302073305365,0.2797964358524696,0.6103011791152555,0.0019196252891435783,0.0025258345818448547,0.002545091335164562,13,4,2.5582329317271406,0.024598393574459237,-1.6164658634536964,4.199297188755296,6.732931726907978,1,0,0,0,1.3704819277109765,3.542168674698956,-1,1.0
2024-12-30 10:00:00,1.04268,1.04299,1.04094,1.04129,2513,1.0423962217516307,1.0418980044597714,0.0007200000000000063,30.879102770528966,33.732057416267025,-2.691438107867673,-1.536419099487021,-0.8444506385713578,3.3413569976837696,-0.03828762157349771,0,1,0,1,2.847222222222346,1.9305555555555418,0.15121951219512988,0.17073170731709958,0.17073170731709958,-0.05629507513976062,0.14352481790022759,0.6919684609156633,-0.0013331031572486607,-0.0011894142134997177,-0.0011319270578529217,10,0,-1.5462962962962357,-4.1759259259257995,-6.962962962962875,1.24074074074084,3.8703703703704035,0,0,0,0,-2.5972222222222525,0.4861111111112075,1,1.0
2024-12-30 13:00:00,1.04381,1.04522,1.04368,1.0448,2140,1.042824451462524,1.0421378586417567,0.0009964285714285964,27.248107911036577,68.00573888091851,2.951266092396529,1.9826293566066346,2.6716830835415712,3.484683884376594,1.0902532184792866,1,0,1,0,1.5455197132617071,0.9935483870967958,0.27272727272731206,0.0844155844155554,0.727272727272688,0.3305800488542754,0.24682445593572058,0.6890537269349364,0.0009484484724231468,0.003370818888109861,0.0018410555385086624,13,0,2.4052568697728742,0.5051373954599301,-1.5087216248506983,4.419115890083503,6.319235364396446,0,0,0,0,1.6458781362005388,3.873835125447906,-1,0.0
2024-12-30 15:00:00,1.04495,1.04521,1.03853,1.03879,4285,1.042623371832134,1.0421125254128636,0.001449285714285756,29.891798858668402,33.19870759289208,-3.1779584485438463,-2.64500767126041,-2.2925261596888844,4.264759407863417,-0.1355916897087532,0,1,0,1,4.609167077377899,4.250369640216694,0.03892215568861171,0.03892215568864495,0.03892215568864495,0.15673243602989678,0.1480184003592955,0.35248151157152524,-0.005895018900425764,-0.004809304375317125,-0.0024008681539243737,15,0,-2.493182191555643,-3.799572860193665,-5.184162970264299,-1.108592081485009,0.19779858715301335,0,0,0,1,-4.864465253819476,-1.4834894036469872,1,0.0
2024-12-30 17:00:00,1.04054,1.04058,1.03718,1.03804,4953,1.0420056173047627,1.041892815654089,0.0018164285714286077,32.890674445983485,36.09394313967846,-2.585653005451032,-2.183194741119772,-2.121093950343829,4.612326141869653,-0.017130601090197133,0,1,0,1,1.8718049547778224,1.3763271726306943,0.011764705882364467,0.25294117647060743,0.25294117647060743,-0.33630922225132254,-0.07508368832348354,0.0621007907759429,-0.0023834236727787728,-0.0066127565912244,-0.005527825945334741,17,0,-2.4021496919647904,-3.4444881373704415,-4.549220081268728,-1.2974177480665048,-0.25507930266085377,0,0,0,1,-4.294140778607874,0.4734565473850146,1,1.0
2024-12-31 16:00:00,1.03931,1.03943,1.03748,1.03759,4073,1.0404275034443358,1.0409592330733024,0.0011742857142857468,24.181235506316614,31.704095112285387,-2.899309732543857,-2.4163654635461955,-2.8691765831041467,4.231017987652787,-0.07986194650875958,0,1,0,1,1.660583941605894,1.4647201946471136,0.06153846153851935,0.05641025641028093,0.05641025641028093,-0.5037018625519321,-0.25126890621296016,-0.4528111195579511,-0.001645338208409397,-0.0033139936986090746,-0.004098439329660364,16,1,-3.0912408759123418,-6.531630170316177,-10.465936739659192,0.8430656934306731,4.283454987834507,0,0,0,0,-4.13868613138682,-2.026763990267625,1,0.0
2024-12-31 17:00:00,1.03759,1.03893,1.03527,1.03548,5531,1.0399563126401135,1.040744361188075,0.0013564285714286076,25.125474753307948,17.647058823529562,-3.2110094231747692,-3.300072509825557,-3.881045636284739,5.489604629831211,-0.14220188463494152,0,1,0,1,2.6982622432858654,1.5555555555555556,0.3661202185792071,0.057377049180339805,0.057377049180339805,-0.8024682509257648,-0.3769705212122721,-0.5809731264591818,-0.0020335585346813456,-0.003656377492109897,-0.005579617589720587,17,1,-4.23170089520795,-7.210110584518065,-10.616113744075687,-0.8256977356503276,2.1527119536597885,0,0,0,0,-5.138493944181116,-3.310163243812522,1,0.0
2024-12-31 18:00:00,1.03548,1.03614,1.0346899999999999,1.03504,3918,1.039488092388674,1.040520660749327,0.001410000000000054,25.989053055999754,16.268980477222016,-2.630627607758259,-3.1546754529601997,-3.8869934392388297,6.713065131682804,-0.02612552155165952,0,1,0,1,1.0283687943263247,0.31205673758863767,0.4551724137931214,0.24137931034484872,0.24137931034484872,-1.103725984504556,-0.5153017061934861,-0.7323179862786301,-0.0004249237068798539,-0.004098912729721849,-0.005763467301928893,18,1,-4.38297872340414,-7.248226950354416,-10.52482269503519,-1.106382978723366,1.7588652482269098,0,0,0,0,-5.255319148936067,-3.4964539007091577,1,0.0
2025-01-02 12:00:00,1.03517,1.03569,1.03138,1.03168,4116,1.0361904297337676,1.0380124623799096,0.001391428571428599,39.1505428146079,26.51685393258478,-3.390245566661213,-3.241581944186165,-4.551050991721459,4.176131375905277,-0.17804911333223938,0,1,0,1,3.0975359342915456,2.5082135523613416,0.1206496519721744,0.06960556844546739,0.06960556844546739,-0.5815712276636988,-0.4672179866661739,-1.309469047535294,-0.0033714269153858334,-0.004448561696050346,-0.004535016113780821,12,3,-4.096509240246353,-6.223819301848007,-9.867556468172463,-0.45277207392189645,1.674537987679757,0,0,0,0,-4.003080082135498,0.21560574948662495,1,0.0
2025-01-02 17:00:00,1.03036,1.03089,1.02727,1.02742,6197,1.033998151459367,1.0367010632533915,0.0018314285714285633,32.2920990690451,20.50739957716783,-2.6993095222959056,-3.591814369389185,-5.067663242881501,7.1901151659501075,-0.03986190445918659,0,1,0,1,1.976599063962665,1.6053042121684626,0.14640883977903738,0.04143646408842185,0.04143646408842185,-1.1970318190954996,-0.7160525651815041,-1.4758488734923163,-0.003085581214826272,-0.004273959857728493,-0.004129187344913077,17,3,-5.438377535101411,-7.054602184087418,-9.82293291731683,-2.6700468018719987,-1.053822152885992,0,0,0,0,-5.367394695787858,-2.162246489859584,1,0.0
2025-01-06 10:00:00,1.03273,1.03525,1.03266,1.03503,3534,1.0310548087409674,1.0312354957652659,0.001050714285714254,20.18551098792465,80.67129629629713,3.0763229269420056,3.7833227482295033,3.611356851548483,6.5989417719993755,1.1152645853884124,1,0,1,0,2.4649898028553627,2.1889870836166234,0.084942084942124,0.02702702702703166,0.915057915057876,0.8765986395808499,0.23736419410319348,-0.1719658966810202,0.0022271067946122436,0.004015947385268781,0.0032763049483834905,10,0,5.713573532744152,2.1572626331292177,0.2886924994332787,7.582143666440091,11.138454566055024,0,1,0,0,3.0455472467708717,4.044867437117601,-1,0.0
2025-01-06 11:00:00,1.03503,1.03689,1.03402,1.03556,4944,1.031483874575161,1.031405084166628,0.0011678571428571174,21.74928837319003,80.95781071835928,2.623436525916856,3.4902603026144483,3.5577260958537944,7.317712217226501,1.0246873051833623,1,0,1,0,2.457492354740243,0.45382262996955,0.4634146341463358,0.35191637630658623,0.5365853658536642,1.0422034477253026,0.34050457212638396,0.06746579323934587,0.0005120624522962913,0.004159919322776817,0.0039068180275900755,11,0,5.594291539245744,2.394699286442365,0.7135575942914762,7.275433231396633,10.475025484200012,0,0,0,0,3.1938837920490086,4.092966360856364,-1,0.0
2025-01-07 10:00:00,1.04148,1.04253,1.04031,1.04253,4041,1.0388310364649185,1.036230070353108,0.001112857142857106,33.283201039642044,83.05343511450424,2.614233580281095,3.32384399814778,5.661040761007089,5.42146588738548,1.022846716056214,1,0,1,0,1.994865211809979,0.9435173299101683,0.0,0.5270270270270054,1.0,1.087108978779425,0.8675994906656271,2.337196762859309,0.0010177921591596473,0.0027412280701755165,0.0031175129174723093,10,1,4.606760804450154,-2.450149764655911,-8.09927257167354,10.255883611467782,17.312794180573846,0,0,0,0,2.9653401797175576,4.403080872914052,-1,0.0
2025-01-07 11:00:00,1.04253,1.04344,1.04242,1.04277,3115,1.039206175849212,1.036486538182398,0.0010935714285713921,34.8052706062738,81.95121951219566,2.5055857788586056,3.258885572242603,5.745817468741385,6.095720561640969,1.0011171557717147,1,0,1,0,0.9327237099935185,0.21946440235142806,0.6568627450979752,0.10784313725495318,0.3431372549020248,1.3135703396419558,0.9770146426967499,2.4869318964987817,0.00023020920261296318,0.0029045443616253497,0.003454646933158889,11,1,4.907467885913375,-2.2738950576968477,-8.022643152623997,10.656215980840525,17.83757892445075,0,0,0,0,3.237099934683209,4.700195950359328,-1,1.0
2025-01-08 13:00:00,1.03191,1.03199,1.02732,1.02978,5993,1.034301471722318,1.0354276961610516,0.0012407142857142775,63.90935385559299,25.862068965519,-2.5605188222753354,-3.644248941419328,-4.551971574825771,7.118636821101741,-0.012103764455054568,0,1,0,1,3.76396085204374,1.7167530224526666,0.017130620984980468,0.5267665952890647,0.5267665952890647,-1.4033831786699966,-0.6645130247518788,-0.9077226334064434,-0.0020641335000146643,-0.002044791596003459,-0.0051972641910430495,13,2,-5.924006908463059,-8.478986758779808,-13.572826712723327,-0.8301669545195403,1.724812895797209,0,0,0,0,-4.827864133563778,1.9827288428324077,1,0.0
2025-01-10 07:00:00,1.02951,1.02975,1.02847,1.02856,1035,1.0299723399360674,1.0311520839746817,0.0007364285714286061,25.67698329508993,33.413461538458506,-2.9385002585734474,-1.9178233855425677,-3.519803651362127,3.239378199225749,-0.0877000517146599,0,1,0,1,1.7381183317166273,1.2900096993209955,0.18750000000002168,0.07031249999994307,0.07031249999994307,-0.3449273774046989,-0.45766164537946474,-1.6019802658195592,-0.0009227690843216507,-0.0015822324037313429,-0.0009712887058550557,7,4,-2.1635952150018194,-4.5987714193343425,-7.323634012285802,0.5612673779496395,2.996443582282163,0,0,0,0,-2.566440349175667,-0.8962172647915649,1,1.0
2025-01-10 08:00:00,1.02856,1.02884,1.02812,1.02818,1536,1.0298016408945372,1.031035531661949,0.0007157142857143274,27.058158626054894,32.10161662817414,-2.7298787554884507,-2.265765720909975,-3.9897647971340464,4.2890486659118485,-0.04597575109770614,0,1,0,1,1.0059880239521126,0.5309381237522195,0.3888888888889403,0.08333333333356463,0.08333333333356463,-0.5899050658673126,-0.5631209867114109,-1.7239990762240713,-0.00036944854942810856,-0.0016215953779674663,-0.001960784313725372,8,4,-2.757152361942689,-5.262807717897583,-8.066533599467366,0.04657351962709376,2.5522288755819873,0,0,1,0,-3.171656686626554,0.08383233532957539,1,1.0
2025-01-10 15:00:00,1.03055,1.03117,1.02134,1.02565,8034,1.0295646528793574,1.0306466341235945,0.0015692857142857333,26.651723754420175,31.17370892018677,-3.636419359413629,-2.49454439285405,-3.1840181033373907,3.472744918035623,-0.2272838718827361,0,1,0,1,6.263996358670842,3.1224396904870706,0.06307222787383952,0.438453713123096,0.438453713123096,-0.17440874371438625,-0.19686252649547123,-0.6894737104833409,-0.004754742613167884,-0.004435945720331569,-0.004484261407204038,15,4,-2.869670763161975,-4.012441207707683,-5.291154604764147,-1.590957366105511,-0.44818692155980344,0,0,0,0,-3.517523896222059,2.7464724624487835,1,0.0
2025-01-10 16:00:00,1.02565,1.02728,1.02445,1.02533,8773,1.0291613526051329,1.0304381386677672,0.001712857142857151,28.935911128314277,30.542778288867737,-2.8026941668495375,-2.236819702746404,-2.982232750155959,4.217168252076316,-0.06053883336989643,0,1,0,1,1.652210175145882,0.18682235195989333,0.5759717314487932,0.3109540636042497,0.3109540636042497,-0.40423257851517747,-0.2802077022095543,-0.7454130474095547,-0.0003119972700237339,-0.004707915121629269,-0.0045339805825241886,16,4,-2.8159577425632736,-3.8629413400056998,-5.034473172087882,-1.6444259104810917,-0.5974423130386655,0,0,0,0,-3.4095079232692846,2.3294412010009165,1,0.0
2025-01-14 00:00:00,1.02443,1.0273,1.02379,1.02584,1865,1.0223622310216807,1.0244850783568087,0.0019978571428571463,38.62396898864515,62.315930388219826,2.9415611243575186,1.74074957799327,0.6781874510074916,3.7928682789459263,1.0883122248715174,1,0,1,0,1.7568823739721722,0.7057561673221964,0.415954415954406,0.18233618233616847,0.5840455840455939,0.22779152565213634,-0.1740492573535591,-1.0625621269857786,0.0015621338748730285,0.005006221037884728,0.003953807007242238,0,1,1.7618877368610144,-0.53557382910245,-1.872005720414654,3.0983196281732184,5.395781194136683,0,0,0,0,1.8469789059707764,2.5727565248481192,-1,0.0
2025-01-14 01:00:00,1.02584,1.02775,1.0251,1.0264,2163,1.0227467804481873,1.0245601733232084,0.001852857142857148,39.00764328188385,77.83911671924311,2.5314722807221304,1.9716682238001837,0.9929673660401885,5.090655891136056,1.006294456144425,1,0,1,0,1.430223592906726,0.3022359290670198,0.5094339622641288,0.27924528301893337,0.4905660377358712,0.46843494231624355,-0.07893005629947028,-0.9787008577599953,0.000545894096545263,0.004629674943964268,0.0046886776754340165,1,1,2.2020046260601776,-0.2752505782574024,-1.7162683114880233,3.6430223592907987,6.120277563608378,1,0,0,0,-0.7286044718581118,3.076329992289912,-1,0.0
2025-01-14 17:00:00,1.02681,1.02958,1.0263,1.0295,5852,1.0253187490543296,1.0251131927708,0.0016871428571428395,50.770443012586234,74.41364605543625,2.8629108912564436,2.478302846714098,2.600139763285468,4.274203532345909,1.0725821782512999,1,0,1,0,1.9441151566468997,1.5944115156647558,0.024390243902396094,0.15548780487805436,0.9756097560976039,0.48425878822636276,0.17529232257606397,0.12183691657137023,0.002619764123839907,0.004596063583758525,0.0034015263009132823,17,1,4.255715495343084,1.535139712108585,-0.047417442844962875,5.8382726502966324,8.558848433531132,0,1,0,0,1.1913632514818473,3.283657917019569,-1,0.0
2025-01-15 15:00:00,1.02999,1.03544,1.02962,1.03446,7181,1.0300247210547613,1.0282034545999845,0.001492142857142815,36.628397192259555,66.84210526315644,3.8556615167640103,2.9724224621035367,4.192993566310112,3.5393359896336536,1.2711323033528186,1,0,1,0,3.9004308281475066,2.9956917185256775,0.16838487972508448,0.06357388316150954,0.8316151202749156,0.5974137157737621,0.4617684699377497,1.2205711042065754,0.004339847959689003,0.003589584384337874,0.00467149031224201,15,2,4.0165948619755145,0.8823998723472177,-0.70815382160528,5.6071485559280125,8.74134354555631,0,0,0,0,-0.6567735758736295,3.424605074198243,-1,1.0
2025-01-16 14:00:00,1.02902,1.02902,1.02641,1.02719,3174,1.0289876080563274,1.0287074345585754,0.0011364285714285463,28.060648119928505,36.90322580645126,-2.9110432752318127,-1.5818047007280507,-1.3352661106257189,2.6955805396401495,-0.0822086550463817,0,1,0,1,2.2966687617850927,1.6103079824010398,0.0,0.29885057471264465,0.29885057471264465,-0.27485670337243906,-0.028637093408562034,0.24653859010233187,-0.0017783910905522227,-0.0013902121288716929,-0.0024957271597264574,14,3,-2.5870521684475243,-6.282840980515472,-10.955373978629902,2.0854808296669076,5.781269641734855,0,0,0,0,-2.6046511627906246,-0.8623507228158414,1,0.0
2025-01-20 15:00:00,1.03203,1.04002,1.0308,1.03981,8240,1.0312757142789952,1.0301063140049245,0.0017457142857143346,40.53560973353319,87.49202297383547,3.402970352033941,4.888707041491903,5.558576265591333,8.06776881036588,1.1805940704067843,1,0,1,0,5.2815057283140945,4.456628477904891,0.0227765726681175,0.133405639913239,0.9772234273318825,0.9029198082708835,0.42628647075486836,0.6698692240994307,0.007538540546301764,0.008056228793019704,0.008554884140486108,15,0,6.268685215493535,4.930169121658337,2.522367703218686,8.676486633933186,10.015002727768383,0,0,0,0,4.536824877250241,5.16121112929607,-1,0.0
2025-01-20 16:00:00,1.03981,1.04303,1.03795,1.0415,8231,1.0322494557762338,1.0305531252204176,0.0020228571428571834,46.259289970892134,88.32638475282936,2.842843544149195,4.573009150166842,5.4115906396239835,9.221540008481497,1.0685687088298403,1,0,1,0,2.511299435028185,0.8354519774012078,0.3011811023621688,0.36614173228346114,0.6988188976378312,1.2167740149459365,0.5641849631087483,0.8385814894571415,0.0016252969292469555,0.00861901994964187,0.010546947012992192,16,0,6.245291902071519,5.0901600753295515,3.012241054613961,8.323210922787109,9.478342749529077,0,0,0,0,-0.7563559322032803,5.28954802259884,-1,0.0
2025-01-23 19:00:00,1.04196,1.04381,1.04139,1.04354,3314,1.0411179306907286,1.0405250007375921,0.0017042857142857454,27.119158832178403,62.87657920310933,3.1997972867789337,1.421163886412338,1.769069139719537,2.520001946089185,1.139959457355775,1,0,1,0,1.4199497066218574,0.9270746018440236,0.11157024793388733,0.23553719008264085,0.8884297520661126,0.168992489920588,0.12453277933787105,0.34790525330719907,0.0015163729893661326,0.002545898221713916,0.0030469928967578053,19,3,0.9231628946632213,-0.6767253422744999,-2.884884045822941,3.1313215982116627,4.731209835149384,0,0,0,0,-0.1584241408214512,3.7200335289186315,-1,0.0
2025-01-24 04:00:00,1.04159,1.04492,1.04159,1.04489,4037,1.041808211659558,1.0410338372674162,0.0016857142857143062,10.766640430386747,68.99159663865647,2.7044056516573773,1.828179523991083,2.287554163397221,3.766296381645696,1.0408811303314744,1,0,1,0,1.975423728813568,1.957627118644092,0.0090090090090012,0.0,0.9909909909909989,0.24662089491397196,0.17473645869297055,0.45937463940613843,0.0031682331819622433,0.003187495799610085,0.0032452880913291793,4,4,2.4025423728813915,0.2432203389830606,-1.5186440677965298,4.164406779660982,6.323728813559312,1,0,0,0,0.6406779661018009,2.2186440677966286,-1,0.0
2025-01-24 10:00:00,1.04611,1.04953,1.04579,1.04935,5432,1.0437883605163674,1.0421034266530458,0.001417857142857169,31.971751779930127,84.93975903614586,2.6736258825266077,3.9225668902194224,5.11093334293991,8.21853943430039,1.0347251765053134,1,0,1,0,2.637783375314867,2.2851385390427152,0.04812834224600677,0.08556149732622766,0.9518716577539932,1.2083811691725572,0.6554593419540347,1.1883664527204882,0.003087599892937831,0.004018561928909703,0.0045375786178574185,10,4,6.002015113350027,3.43476070528956,1.3400503778337374,8.09672544080585,10.663979848866317,0,0,0,0,2.785894206548995,5.783375314861344,-1,0.0
2025-01-29 11:00:00,1.04242,1.04247,1.0402,1.04038,3409,1.0429600074708207,1.044032401820791,0.000940714285714263,25.677887079075905,30.402010050251647,-3.017758145883196,-2.7426047525808697,-3.88258356044595,4.423448920556884,-0.10355162917662479,0,1,0,1,2.4130599848140233,2.1685649202732096,0.02202643171810821,0.07929515418505262,0.07929515418505262,-0.4822402319378172,-0.3925109402752328,-1.1399788078650803,-0.001956984708658571,-0.003209642340451957,-0.0033433281922078395,11,2,-4.471779296380798,-7.88053657301985,-12.922804353328742,0.570488483928094,3.979245760567146,0,0,0,0,-4.2414578587699685,-2.3492786636293297,1,0.0
2025-01-30 12:00:00,1.04077,1.04123,1.03959,1.04008,3130,1.0417276093240033,1.0424782737033584,0.001031428571428572,30.922949382251385,43.693107932378624,-2.808890096269027,-1.5974051617761773,-2.325196111289446,3.067649304662754,-0.06177801925378937,0,1,0,1,1.5900277008311072,0.6689750692521542,0.28048780487811154,0.2987804878047889,0.2987804878047889,-0.28545234818693876,-0.24672343722565915,-0.7277909495132688,-0.0006533686921096349,-0.0022256331542594987,-0.002034158510842543,12,3,-1.3993536472762098,-4.5826408125578055,-7.3425669436750685,1.360572483841053,4.543859649122648,0,0,0,0,-2.7437673130194957,1.2216066481992678,1,0.0
2025-01-30 13:00:00,1.04008,1.04008,1.03914,1.03918,2644,1.0414849798645744,1.0423489296365602,0.0010078571428571476,32.134775825778426,31.901041666665904,-2.9179566260190084,-2.2870104963885316,-3.144225011470099,4.3167300950402465,-0.08359132520378737,0,1,0,1,0.9326718639262304,0.8929836995037954,0.0,0.042553191489406936,0.042553191489406936,-0.4740869570672048,-0.3289721310755212,-0.8572145150815672,-0.0008653180524573756,-0.0028785814350689165,-0.00213174572690622,13,3,-2.3250649657453537,-5.5828017954169376,-8.4072761634774,0.4994094023151076,3.7571462319866917,0,0,0,0,-3.7009213323883707,0.3571934798014741,1,1.0
2025-01-30 15:00:00,1.04034,1.04598,1.04013,1.04568,6364,1.0417858451952637,1.042403867765237,0.0014099999999999907,32.91641694187138,61.76900584795349,2.9855628126779963,2.761811918252646,2.323498038839004,4.567488838214463,1.0971125625355997,1,0,1,0,4.14893617021273,3.7872340425531457,0.051282051282046416,0.03589743589744388,0.9487179487179536,-0.1668839441175349,-0.1747686094451095,-0.43831387941364197,0.005132937308956587,0.005384201215291151,0.0033583450075800325,15,3,2.947990543735187,0.6193853427895655,-1.3995271867612733,4.9669030732860255,7.295508274231648,0,0,0,0,1.9645390070921684,4.716312056737651,-1,1.0
2025-01-31 19:00:00,1.03998,1.0434,1.03909,1.04201,6512,1.039398121486283,1.0404163694116908,0.0018407142857143066,26.657142965807328,64.68120805369134,2.7851364849500837,1.4189483582474947,0.8657674907384549,3.0361013129173258,1.057027296990029,1,0,1,0,2.3414823438106254,1.1028327512612517,0.322505800464035,0.2064965197215378,0.677494199535965,0.05883024154736372,-0.11817785490050488,-0.5531808675090397,0.0019519606146274349,0.004957227039069645,0.0036214784493140417,19,4,0.2625792264907799,-1.3165179148880373,-4.165049799508329,3.1111111111110707,4.690208252489888,0,0,0,0,-0.7551416375630505,3.248738843616624,-1,1.0
2025-02-03 00:00:00,1.02357,1.02559,1.02328,1.02495,1028,1.037274467265639,1.039313802035502,0.0031742857142857484,18.349389315903597,24.421691315889703,-3.8600346455447387,-3.882595448221088,-4.525050146197675,5.238984004798327,-0.2720069291089505,0,1,0,1,0.7277227722772307,0.4347434743474102,0.2770562770562617,0.12554112554117713,0.7229437229437383,-0.669017981300976,-0.3473434578452706,-0.6424546979765866,-0.010455888316051598,-0.012220155546774913,-0.016372203721653378,0,0,-4.133213321332096,-5.090909090909091,-6.77002700270027,-2.4540954095409164,-1.4963996399639203,0,0,0,0,-4.334833483348286,-3.5409540954094765,1,0.0
2025-02-03 01:00:00,1.02495,1.02707,1.02344,1.02472,5703,1.0360788037165305,1.0387414960733254,0.0032914285714285957,17.843277780380156,24.283559577677764,-2.8016246888811724,-3.451025434709737,-4.260003147277641,6.7121426322803766,-0.060324937776236334,0,1,0,1,1.102864583333332,0.06987847222220726,0.5840220385674619,0.3526170798898518,0.3526170798898518,-0.9390831914386496,-0.46815479475825417,-0.8089777125679039,-0.00022440119030187056,-0.012194299044699375,-0.011841851494696076,1,0,-4.055989583333295,-4.979600694444446,-6.59895833333334,-2.436631944444401,-1.51302083333325,0,0,0,0,-4.250434027777731,-3.4848090277777124,1,0.0
2025-02-03 23:00:00,1.02956,1.03499,1.0293,1.03426,4510,1.028418422316257,1.031547656223989,0.003270000000000043,48.3950873751203,73.36504161712274,2.5367666042345665,1.7864151938051904,0.829462928443732,4.987506793751847,1.0073533208469112,1,0,1,0,1.7400611620794797,1.4373088685014876,0.12829525483306203,0.04569420035148123,0.871704745166938,0.29745816257889107,-0.12257426317902725,-0.9569522653614583,0.0045748142392307845,0.0062265289047145345,0.006461532473093223,23,0,-1.1651376146789116,-2.0948012232416375,-3.7247706422018783,0.46483180428132903,1.394495412844055,0,0,0,0,0.20795107033639298,2.207951070336364,-1,1.0
2025-02-04 17:00:00,1.03601,1.03859,1.03577,1.03802,6954,1.0326106266378072,1.0323028239268908,0.0017785714285713755,26.19082756293509,69.48356807511698,2.5375989702984185,3.0414147417951916,3.2144765069691106,5.897568065628243,1.00751979405968,1,0,1,0,1.5855421686746465,1.1301204819276576,0.2021276595744664,0.08510638297873513,0.7978723404255336,0.8242915090270009,0.29659869078386936,0.1730617651739187,0.001940135712975577,0.005307300443566199,0.004373488147072946,17,1,4.449263721552946,-0.631593038822116,-3.3772423025437606,7.19491298527459,12.27576974564965,0,0,0,0,1.7261044176706815,3.362248995983965,-1,0.0
2025-02-05 12:00:00,1.0404,1.04306,1.04018,1.0425200000000001,3424,1.038155051637943,1.0357451497596917,0.001389285714285696,50.99026097535418,71.55266015200846,2.9930368695722462,3.1418651449254904,4.876498887625676,4.800173115720811,1.0986073739144633,1,0,1,0,2.0730077120822847,1.5259640102828842,0.18749999999999517,0.0763888888888498,0.8125000000000048,1.1350902432433616,0.7555299001768195,1.7346337427001852,0.002037677816224548,0.0021725337896296715,0.004557762167683332,12,2,5.679177377892231,0.35269922879201127,-2.627249357326303,8.659125964010546,13.985604113110766,0,0,0,0,-0.3886889460154184,3.7357326478149795,-1,0.0
2025-02-07 15:00:00,1.03744,1.04094,1.03495,1.03638,6989,1.0380520262736965,1.0379690603024874,0.0013699999999999665,21.62287921129282,37.26190476190419,-2.5884768759909424,-1.220457134085028,-1.1598980310126477,2.6549446268830934,-0.017695375198173133,1,1,0,1,4.3722627737226905,0.7737226277371275,0.5843071786310674,0.2387312186978392,0.2387312186978392,-0.14625066217558622,-0.02436277153318019,0.06055910307238035,-0.0010217458359036424,-0.0017049559312236617,-0.003269922483602139,15,4,-1.2068126520682825,-3.2311435523117744,-5.075425790754406,0.6374695863743495,2.6618004866178415,0,0,0,0,-3.328467153284678,-0.6569343065692868,1,1.0
2025-02-07 17:00:00,1.03856,1.03877,1.03274,1.0355,6995,1.0378561938430941,1.037896006838244,0.0018135714285713986,18.286719389922393,38.29959514170072,-2.767145649431343,-1.2992010162787389,-1.321153829673649,2.5869715172370937,-0.05342912988627111,0,1,0,1,3.324931075226511,1.687278456085013,0.0348258706467735,0.45771144278608705,0.45771144278608705,-0.25430733258585203,-0.085094280507033,-0.021952813394910037,-0.00298478721355655,-0.0018699876619369116,-0.0025526176371428733,17,4,-1.3968754102666232,-2.9260863857164017,-4.319285808061002,-0.0036759879220229844,1.5255349875277553,0,0,1,0,-2.999606144151229,-0.9814887751082675,1,0.0
2025-02-07 18:00:00,1.03554,1.03554,1.03219,1.03281,7733,1.0373756039532755,1.0376965555896853,0.002016428571428538,15.783187345212138,31.312458361092638,-3.3444084859623078,-2.264203164925918,-2.423371528713976,3.693413904207014,-0.16888169719244298,0,1,0,1,1.6613531703861237,1.3538788522847758,0.0,0.185074626865693,0.185074626865693,-0.4638773346706361,-0.17932990583073352,-0.15916836378805818,-0.002597778850796817,-0.003444682452382386,-0.005239585841560257,18,4,-2.590388475617121,-3.965757468414495,-5.218797969063783,-1.337347974967833,0.038021017829541204,0,0,0,1,-4.031880977683368,-2.2167906482465702,1,0.0
2025-02-07 19:00:00,1.0328,1.03611,1.03053,1.03218,6733,1.036880784529154,1.0374802200763644,0.002359999999999981,14.997562694524845,30.9007232084156,-2.7346390701399463,-1.9918578513364618,-2.2458559645611733,4.111176816173839,-0.04692781402799007,0,1,0,1,2.3644067796610955,0.2627118644067152,0.5931899641577174,0.29569892473120246,0.29569892473120246,-0.5708663178791338,-0.2346185721635416,-0.2539981132247114,-0.0006099863479245293,-0.006181398035817298,-0.0050701727328807955,19,4,-2.4802259887006506,-3.6553672316385906,-4.725988700565016,-1.4096045197742249,-0.2344632768362848,0,0,0,1,-3.7118644067796396,0.6991525423729511,1,0.0
2025-02-12 15:00:00,1.0373,1.03761,1.0317,1.03331,6970,1.0357912190749428,1.0346076327424396,0.0012457142857142944,56.87258595512633,32.8813559322038,-2.7910655888357887,-1.9918043032797637,-1.0416776602153148,4.2042120752426655,-0.05821311776713721,0,1,0,1,4.744266055045726,3.202981651376253,0.052453468697092685,0.27241962774956474,0.27241962774956474,0.33640083736265314,0.3441506053750665,0.9501266430644489,-0.0038465246312543444,-0.004105747082124744,-0.0036640279237496465,15,2,-0.9579510703364218,-5.191131498470875,-8.126529051987653,1.9774464831803569,6.21062691131481,0,0,0,0,-4.222477064220188,1.2924311926604526,1,1.0
2025-02-19 11:00:00,1.04405,1.04437,1.04284,1.0429,2946,1.0449912340926748,1.04567015647592,0.0008250000000000598,28.62639953752868,34.60076045627497,-2.7161019901408143,-2.5348292032420767,-3.357765425357526,4.4906155001705965,-0.04322039802813821,0,1,0,1,1.854545454545358,1.393939393939274,0.20915032679744539,0.03921568627447566,0.03921568627447566,-0.38404995163741856,-0.29039601167988766,-0.8229362221154495,-0.00110147981418518,-0.002496389321957726,-0.0022387202939038175,11,2,-3.22828282828275,-5.705050505050324,-9.422222222221631,0.48888888888855736,2.965656565656132,0,0,0,0,-3.927272727272602,-1.454545454545458,1,0.0
2025-02-19 12:00:00,1.0429,1.04299,1.04189,1.04241,2906,1.0447454022743248,1.0455423072023546,0.000856428571428631,30.212484914095505,28.545454545455527,-2.5578251607539477,-2.726908410387302,-3.657406241281155,5.390089192308499,-0.01156503215077285,0,1,0,1,1.2844036697247991,0.5721434528772172,0.0818181818183066,0.4727272727272984,0.4727272727272984,-0.6927986095032833,-0.41621224028229986,-0.930497830893853,-0.0004698437050530968,-0.00260254705156282,-0.003079483182387599,12,2,-3.681957186544096,-6.067834306366078,-9.648596052265054,-0.1011954406451193,2.284681679176863,0,0,1,0,-4.355296080066433,0.6071726438699381,1,0.0
2025-02-19 18:00:00,1.04242,1.04249,1.04043,1.04048,3634,1.0436815701411402,1.0448830089391228,0.0011607142857143402,30.14176338403763,19.21568627451049,-2.5357196013761008,-2.758275813905176,-3.793361547551695,5.960256194468675,-0.007143920275214745,0,1,0,1,1.774769230769105,1.6713846153843912,0.03398058252427969,0.024271844660245977,0.024271844660245977,-0.7306531383887336,-0.4645482452870198,-1.0350857336465193,-0.0018610540856850433,-0.002798543224075134,-0.0019185020336121017,18,2,-4.37948717948697,-6.139897435897199,-8.781948717948257,-1.7374358974359114,0.022974358974317106,0,0,0,1,-3.1532307692306185,-1.2147692307690974,1,1.0
2025-02-20 17:00:00,1.04468,1.04752,1.04419,1.0474,4509,1.0438844048130744,1.044040646171023,0.0013685714285714332,36.43660593169428,79.05181918412364,3.236903539211908,2.5688065040166674,2.4546426725302455,4.5119185409836815,1.147380707842387,1,0,1,0,2.43319415448855,1.9874739039666312,0.0360360360360048,0.1471471471471752,0.9639639639639952,0.5457105616657539,0.14429560623741983,-0.11416383148642212,0.0026036681088945635,0.003679711755912418,0.003026124262621721,17,3,3.3562978427279786,1.3712595685456364,-1.0643702157272021,5.791927627000817,7.77696590118316,0,0,0,0,2.6597077244259424,3.6826722338205604,-1,0.0
2025-02-20 18:00:00,1.0474,1.04785,1.04643,1.0475,3011,1.0442287472118292,1.0441763071054926,0.0013457142857142834,40.72867159516924,75.45219638242904,2.535257973097457,2.4308672523562724,2.4698354842412558,5.642294024806699,1.007051594619504,1,0,1,0,1.055201698513785,0.07430997876856944,0.24647887323933532,0.6830985915494037,0.7535211267606647,0.7604399779314222,0.24735698655331628,0.038968231884983134,9.547450830638127e-05,0.002545844339803427,0.0034966709776309557,18,3,3.487615003538654,1.4688605803256036,-1.0081387119603742,5.964614295824632,7.983368719037682,0,0,0,0,2.77919320594486,3.819532908704997,-1,0.0
2025-02-20 19:00:00,1.0475,1.04947,1.04712,1.04893,2617,1.0446764855726074,1.0443627264346889,0.0014457142857142724,45.847693814682465,83.37155963302777,2.6265653447888004,2.942154248196437,3.15918131987922,6.508635227805482,1.025313068957752,1,0,1,0,1.6254940711461578,0.9891304347824935,0.22978723404256124,0.16170212765960462,0.7702127659574388,0.9941819464058103,0.36688180627231476,0.21702707168278276,0.0013651551312647836,0.004068231420147672,0.005145846908658713,19,3,4.235507246376799,2.356389986824716,0.05072463768103143,6.541172595520483,8.420289855072566,0,1,0,0,3.5760869565217006,4.5444664031620725,-1,0.0
2025-02-24 03:00:00,1.05043,1.05208,1.05022,1.05181,4380,1.0477085455737258,1.0469633399177525,0.0016671428571428829,27.66055991800071,67.83369803063471,2.665439486238711,2.4601697501215156,2.9071654306539427,5.054382545020152,1.0330878972477284,1,0,1,0,1.1156812339331283,0.8277634961439082,0.1451612903225787,0.11290322580647665,0.8548387096774213,0.4503710692157138,0.2282347775176687,0.44699568053242705,0.0013137477033213774,0.004172076682196657,0.0054775925359438205,3,0,2.839188803198996,1.557554984290127,-0.5378463296201609,4.934590117109284,6.216223936018153,0,0,0,0,3.0051413881747364,3.658954584404396,-1,1.0
2025-02-25 13:00:00,1.04727,1.04898,1.04716,1.04895,2626,1.047417500369034,1.047422612221372,0.000949285714285716,21.334215967415652,66.36636636636663,2.5679139828066235,1.6143713193020521,1.6089863732726941,3.567935707864965,1.0135827965613315,1,0,1,0,1.9172310007523712,1.7697516930023867,0.016483516483503078,0.060439560439470616,0.9835164835164969,0.057752786308299824,0.0033170556101039307,-0.0053849460293578936,0.001604170844194952,0.0018528953878187426,0.0011835336114003336,13,1,0.6917481815902543,-2.4825683471280526,-7.261600200651961,5.4707800351141636,8.645096563832471,0,0,0,0,0.9691497366441252,3.4868322046653093,-1,0.0
2025-02-25 14:00:00,1.04895,1.05003,1.04883,1.04937,3436,1.0476034527148403,1.0474989803695534,0.0009850000000000136,21.950089112970147,68.09116809116793,2.521277923017018,1.7934490204665434,1.8995123151741438,4.18770796274753,1.0042555846034091,1,0,1,0,1.2182741116752014,0.42639593908615137,0.5500000000000462,0.10000000000009251,0.4499999999999537,0.33558878438738177,0.12051941558077764,0.10606329470760034,0.00040040040040034697,0.001957376923958254,0.0028191357198830147,14,1,1.0930626057528932,-1.9661590524534729,-6.571912013536285,5.698815566835706,8.758037225042072,0,0,0,0,1.3604060913704348,3.7868020304568115,-1,0.0
2025-02-25 15:00:00,1.04937,1.05096,1.04937,1.0500099999999999,3240,1.0478326476943793,1.0475974517276103,0.0010350000000000081,23.359158284193075,77.98561151079096,2.519699391248304,2.103722034415974,2.3309645143860394,4.949405685482899,1.0039398782496756,1,0,1,0,1.5362318840579399,0.6183574879226753,0.5974842767295712,0.0,0.40251572327042884,0.5650123809435913,0.22386794720111983,0.22724247997006541,0.0006098897433697292,0.002616326257794066,0.002865302146111137,15,1,1.658615136875918,-1.2528180354267764,-5.636070853462137,6.041867954911278,8.953301127213972,0,0,0,0,1.9130434782607297,4.222222222222174,-1,0.0
2025-02-27 15:00:00,1.04767,1.04886,1.04197,1.04236,6568,1.0474663287552461,1.048225472521511,0.0014064285714285069,27.668365517705535,20.673952641166906,-3.539596292640517,-3.630706072800913,-4.170473098078127,5.231821879545182,-0.20791925852812052,0,1,0,1,4.898933468765983,3.775520568816937,0.17271407837443103,0.05660377358489107,0.05660377358489107,-0.41034830460277033,-0.2345279043788925,-0.5397670252772141,-0.005068389855584443,-0.005524018508801132,-0.0052392995180607915,15,3,-5.164381242593817,-6.667005248011243,-8.98256306077588,-2.8488234298291806,-1.3461994244117548,0,0,0,0,-4.621635347892508,-2.5241239207720403,1,0.0
2025-02-27 16:00:00,1.0423499999999999,1.04417,1.0414,1.04203,6421,1.0469485831595085,1.047982512814785,0.001524999999999935,29.616356354186497,22.146341463416064,-2.749256298343788,-3.225300432464687,-3.903287091662486,6.200782733089386,-0.04985125966875629,0,1,0,1,1.8163934426229884,0.20983606557369808,0.657039711191406,0.22743682310466506,0.22743682310466506,-0.7408395321399251,-0.3718738737418304,-0.6779866591977992,-0.0003165892781763491,-0.005316914852997345,-0.006085405518833298,16,3,-4.979234972677813,-6.365027322404699,-8.500546448087862,-2.843715846994649,-1.457923497267763,0,0,0,0,-4.478688524590284,-2.544262295081999,1,0.0
2025-02-28 20:00:00,1.03965,1.03982,1.03627,1.03637,5327,1.0400200656907,1.0424012322280916,0.001440714285714319,29.65864061303327,37.16216216216214,-2.905346784521838,-2.533511138810001,-4.186279186578069,3.6934621218444756,-0.08106935690436179,0,1,0,1,2.4640555280118015,2.27664848785316,0.04788732394366373,0.0281690140845044,0.0281690140845044,-0.3510515953755254,-0.467372462963613,-1.6527680477680677,-0.00315490790169759,-0.0034999663464775344,-0.00415109206391906,20,4,-4.5324739712444195,-6.78829945463568,-11.202776400594868,-0.11799702528523066,2.137828458106029,0,0,1,0,-3.907783837382177,-1.9920674268714955,1,1.0
2025-03-04 10:00:00,1.04931,1.05242,1.04864,1.05189,5475,1.0479224259180278,1.0457184939597413,0.0015178571428571264,45.51295132063122,68.36616454229248,3.3343814835330905,2.613931159887619,4.065933391229327,3.239898876862285,1.1668762967066102,1,0,1,0,2.490352941176428,1.699764705882389,0.1402116402116228,0.17724867724866855,0.8597883597883772,0.6227578526770435,0.5174604968665885,1.4520022313417087,0.002468312208138812,0.003386305969437231,0.003960906331723635,10,1,3.873882352941289,-0.8301176470587118,-3.7091764705882913,6.752941176470869,11.45694117647087,0,0,0,0,1.5021176470588793,3.142588235294113,-1,0.0
2025-03-04 13:00:00,1.05114,1.05447,1.05098,1.05444,3567,1.0490774818455622,1.0464639402331652,0.001633571428571409,46.42044360428225,78.93660531697239,3.047220415427651,3.2826958531758357,4.88259015022687,5.202042753003951,1.1094440830855246,1,0,1,0,2.136423261915194,2.0201136860516695,0.008595988538674656,0.04584527220628604,0.9914040114613254,1.0784132922284146,0.7063112995223384,1.5998942970510341,0.0031394485986644405,0.0024242078544334245,0.005559740990453976,13,1,5.160472234368328,0.7896808045475957,-1.8854394403148282,7.835592479230751,12.206383909051484,0,0,0,0,2.9567118495847127,4.480979449059953,-1,0.0
2025-03-04 14:00:00,1.05444,1.05568,1.05361,1.05531,4370,1.0496710550031276,1.0468108445377469,0.0017249999999999766,45.72974596519291,81.03773584905626,2.652399914710447,3.268953621375315,4.927046644784475,6.298916797633781,1.0304799829420919,1,0,1,0,1.2000000000000257,0.5043478260869207,0.17874396135264664,0.40096618357492847,0.8212560386473534,1.2558078041446616,0.779274657235093,1.6580930234091609,0.0008250825082507518,0.0038907174521032317,0.005727627942437863,14,1,5.39130434782621,1.2521739130435892,-1.2811594202898988,7.924637681159698,12.063768115942318,0,0,0,0,3.3043478260870236,4.74782608695654,-1,1.0
2025-03-04 20:00:00,1.05418,1.05912,1.05378,1.0590600000000001,5652,1.0518533676643904,1.0484147440123506,0.002511428571428577,39.69506126794876,79.48583420776485,2.5088558267496555,2.869535059685311,4.238725364820625,6.181742723540673,1.0017711653499344,1,0,1,0,2.1262798634812725,1.9431171786121413,0.011235955056169963,0.07490636704118854,0.9887640449438301,0.7089623794610316,0.528100042340843,1.3691903051353145,0.004629190460832433,0.006098951208390435,0.004905635312983492,20,1,5.196245733788475,2.3532423208192284,0.6131968145620394,6.936291240045663,9.77929465301491,0,0,0,0,1.2343572241183542,3.7468714448237104,-1,0.0
2025-03-06 15:00:00,1.08002,1.08451,1.0787,1.08263,7112,1.078613405011042,1.0711843266968528,0.0023828571428571787,50.03595197367093,62.944983818770446,2.5148295758286396,1.6856213982436976,4.8033401152295525,2.323328719979391,1.0029659151657344,1,0,1,0,2.4382494004796187,1.0953237410071783,0.3235800344234206,0.2271944922547275,0.6764199655765794,0.5091354074065587,0.856740834479732,3.117718716985855,0.002416621914409056,0.0031689847203046906,0.00231453621323352,15,3,4.067945643485056,-1.2729816147083537,-4.102917665867286,6.897881694643989,12.238808952837399,0,0,0,0,0.16786570743403173,1.9304556354915514,-1,0.0
2025-03-06 16:00:00,1.08262,1.08413,1.08113,1.08372,8589,1.079099747390943,1.0716759217283487,0.002485000000000039,46.791496909223135,65.92261904761914,2.820974050021385,1.85925658312153,4.846711578129231,2.53740288254787,1.0641948100042606,1,0,1,0,1.2072434607646143,0.4426559356137158,0.13666666666666863,0.49666666666664494,0.8633333333333314,0.5846649784839688,0.8481718533462688,2.9874549950077007,0.0010068074965592366,0.0035187791688273684,0.0034537356827377685,16,3,4.339369550637013,-0.7820254862509455,-3.4956405097249883,7.052984574111055,12.174379610999013,0,0,0,0,0.5995975855130656,2.2897384305834545,-1,1.0
2025-03-11 10:00:00,1.08565,1.09016,1.0855299999999999,1.08907,5351,1.0849084919724368,1.083372385399355,0.0017007142857143093,22.970548780348555,79.68750000000098,3.14504843844945,2.4469177818514964,3.3501303825714945,4.3275828837644985,1.1290096876898936,1,0,1,0,2.7223855522889955,2.0109197816043274,0.2354211663066963,0.0259179265658999,0.7645788336933037,0.4368722405883277,0.33627716505209426,0.9032126007199979,0.00315018652420207,0.0033350223409644997,0.0031963890935888806,10,1,3.0771384572308653,1.1152176956461968,-1.0211395772083423,5.213495730085405,7.175416491670073,0,0,0,0,0.9407811843763264,3.2398152036958248,-1,0.0
2025-03-11 11:00:00,1.08907,1.09193,1.08849,1.09172,5531,1.0855572070226809,1.0836997428346746,0.001821428571428593,26.419775213020728,83.99378399378429,3.1508395811399157,3.383494183626156,4.403278443708008,6.023666820978157,1.1301679162279847,1,0,1,0,1.88862745098043,1.4549019607843192,0.061046511627917674,0.16860465116279258,0.9389534883720824,0.6969124797753947,0.43667143844266004,1.019784260081852,0.002433268752238149,0.007261152373483348,0.005776406098852993,11,1,4.32810457516342,2.4962091503269073,0.5014379084968416,6.322875816993485,8.154771241829998,0,0,0,0,2.3333333333333535,4.479999999999917,-1,0.0
2025-03-13 15:00:00,1.08562,1.08758,1.08263,1.08349,6752,1.087801493729732,1.0882865437680485,0.0017871428571428444,50.44914204696728,28.064516129033038,-2.9433032342828245,-2.412506483463134,-2.683917376206152,4.403430589088338,-0.0886606468565698,0,1,0,1,2.769784172661896,1.1918465227817636,0.39595959595958746,0.17373737373739015,0.17373737373739015,-0.626794027932219,-0.2584070646337927,-0.2714108927430184,-0.0019620124905583847,-0.00409945309986659,-0.002816253278726144,15,3,-3.5102584598986595,-4.737543298694263,-6.554223288036233,-1.6935784705566885,-0.4662936317610854,0,0,0,0,-2.8313349320542884,-1.3541167066346274,1,1.0
2025-03-14 13:00:00,1.08524,1.09128,1.08516,1.08949,6357,1.0856027736756007,1.0865131464487914,0.0014628571428571466,25.908227806687513,69.75476839237058,3.3302778621961266,2.6572836201949075,2.034958482271561,4.377816598615869,1.1660555724392208,1,0,1,0,4.183593750000075,2.905273437500052,0.29248366013070615,0.013071895424849407,0.7075163398692939,0.1050306604625419,-0.12557135851002135,-0.6223251379233464,0.003916184438465198,0.005129482531159857,0.004064216463302239,13,4,2.5862630208334214,0.22330729166676294,-2.52701822916667,5.336588541666854,7.699544270833513,1,0,0,0,-1.2236328124999682,4.3886718750000515,-1,0.0
2025-03-14 14:00:00,1.08949,1.09094,1.08875,1.08968,6414,1.085991080944591,1.0866373367841329,0.0015492857142857133,26.949907936998848,70.45658012533532,2.6312313929356046,2.38104503345903,1.963913555654194,5.229939223266698,1.0262462785871171,1,0,1,0,1.4135546334715914,0.12263715998150189,0.5753424657534649,0.33789954337899175,0.4246575342465351,0.44749507255740045,0.033399895414021843,-0.41713147780483595,0.00017439352357517812,0.003952496337721767,0.005369697193364331,14,4,2.564622714000342,0.33348701398497443,-2.2634086368526876,5.161518364838004,7.392654064853371,0,0,0,0,-1.0327339787921004,4.266482249884745,-1,0.0
2025-03-17 12:00:00,1.08838,1.09005,1.08771,1.08999,3458,1.0880032294557782,1.0875428781036562,0.0011807142857142969,24.339350782114586,68.49015317286724,3.5122371374680164,1.6826852764128863,2.0725775286637935,2.2522584637963674,1.2024474274936243,1,0,1,0,1.9818511796733098,1.3635813672112127,0.025641025641003744,0.2863247863247632,0.9743589743589962,0.22544548332701866,0.15121812344601512,0.38989225225090707,0.001479262757492883,0.0020224491859641702,0.001626509345536764,12,0,2.14559386973192,-1.569671304698265,-4.807824158096248,5.383746723129903,9.09901189756009,0,0,0,0,0.4996975196612939,2.650937689050252,-1,0.0
2025-03-17 13:00:00,1.08999,1.091,1.08965,1.09078,2499,1.0882676837933232,1.0876698240603757,0.0012307142857142914,24.11677875190392,77.16535433071094,3.1720605711540744,2.041348049534336,2.5271307692827043,3.2128126141660656,1.1344121142308101,1,0,1,0,1.0969239698200457,0.6419036564132854,0.16296296296288376,0.25185185185186404,0.8370370370371162,0.4301624048544396,0.23593384025536446,0.4857827197483683,0.0007247772915348616,0.0028962055110652862,0.0027855665364284743,13,0,2.700328883730106,-0.8639969046234207,-3.9705939253238802,5.806925904430566,9.371251692784092,0,0,0,0,1.1213000580384291,3.1851421938480433,-1,0.0
2025-03-18 11:00:00,1.09351,1.09547,1.09329,1.09515,3430,1.091648017937224,1.0901271008013163,0.0008892857142857194,31.064313831374896,69.32153392330494,3.1229493855650876,3.9379717974990553,5.64824006277695,5.858430627753186,1.1245898771130232,1,0,1,0,2.4514056224897756,1.844176706827395,0.14678899082564134,0.1009174311926157,0.8532110091743587,0.8015289775634181,0.6190361609355526,1.7102682652778949,0.0014997576611097685,0.003997103017079562,0.003951083568626057,11,1,5.05274431057575,0.7834002677377511,-1.8179384203479731,7.654082998661473,11.923427041499473,0,0,0,0,-0.3598393574295773,5.386345381526154,-1,1.0
2025-03-19 10:00:00,1.09208,1.09232,1.08732,1.08928,4772,1.0928697182290272,1.091961102986969,0.0010807142857143237,27.339888696313615,12.857142857145533,-2.693311946164987,-3.3216163388221487,-2.48086198397641,6.749233964964045,-0.0386623892330055,0,1,0,1,4.62656972901494,2.590879048248342,0.048000000000004615,0.39200000000000074,0.39200000000000074,-0.4882998694738128,0.04506909795248557,0.8407543548457385,-0.0025639147315213995,-0.003403476669716299,-0.0044054473996892884,10,2,-3.5007710949546356,-7.029301608283338,-9.256223837849245,-1.2738488653887288,2.2546816479399734,0,0,0,0,-4.848645076007679,1.8136153337738599,1,0.0
2025-03-24 16:00:00,1.08298,1.08307,1.07926,1.07937,4082,1.0829160727583973,1.0840102482964142,0.0015485714285714389,27.97889139080027,30.89430894309025,-2.6782863580377696,-2.2898993827289047,-2.9964703021125327,4.073520860759016,-0.03565727160757134,0,1,0,1,2.4603321033209324,2.3311808118081756,0.023622047244075215,0.028871391076072502,0.028871391076072502,-0.11339563804693018,-0.1754800983788487,-0.7065709193836277,-0.0033333948918725653,-0.005014703035554735,-0.004537531472207701,16,0,-1.9351168511687016,-3.6377613776140683,-6.067958179581933,0.4950799507991634,2.19772447724453,0,0,0,0,-4.178044280442761,-2.247232472324805,1,0.0
2025-03-25 13:00:00,1.08007,1.08246,1.08,1.08203,3302,1.0803951439969544,1.081723149295923,0.001050714285714254,25.214591070238093,63.98852223816412,2.833702944022988,1.555947249669639,0.29204009905367256,3.4988437688657936,1.0667405888045733,1,0,1,0,2.3412644459551144,1.8653976886471986,0.17479674796745803,0.0284552845528525,0.825203252032542,-0.23769232887300634,-0.3782096886032194,-1.2639071506159663,0.0018146971955521618,0.003049854459832746,0.0015828643364930173,13,1,0.6344890097440989,-2.4047133469292916,-6.665307047359983,4.8950827101747905,7.934285066848181,0,0,0,0,1.0754588715160798,4.111488783140941,-1,0.0
2025-03-26 16:00:00,1.07843,1.07907,1.07676,1.07748,4121,1.0791135574425157,1.0801293654524053,0.0011542857142857108,39.58749397116903,39.61988304093511,-2.5239290684312965,-1.4152106556447925,-2.2952423473808796,2.561497155200063,-0.004785813686251024,0,1,0,1,2.001237623762412,0.8230198019802061,0.2770562770562617,0.3116883116883304,0.3116883116883304,-0.24235114431359464,-0.2657899248414708,-0.880031691736087,-0.0008809102120675982,-0.001584521724626864,-0.002268665561656835,16,2,-2.1427392739273943,-4.086221122112255,-6.742986798680011,0.5140264026403629,2.4575082508252235,0,0,0,0,-2.425742574257358,-0.2685643564356725,1,1.0
2025-03-26 20:00:00,1.07877,1.07894,1.07519,1.07567,4641,1.078672346087618,1.0797922374973623,0.001549999999999972,34.44101279405456,36.30454967502282,-3.328986110487365,-1.9369974758826598,-2.659508062814501,2.9084705502417236,-0.16579722209749972,0,1,0,1,2.4193548387096695,2.0000000000001026,0.04533333333333523,0.1279999999999531,0.1279999999999531,-0.3955901741285587,-0.2872679486757593,-0.7225105869318411,-0.0028736431306025656,-0.0031508613899006166,-0.0025592759845332047,20,2,-2.7634408602151574,-4.2107526881721995,-6.189247311828218,-0.7849462365591392,0.6623655913979031,0,0,0,0,-2.496774193548458,-1.3677419354839744,1,0.0
2025-03-26 21:00:00,1.07566,1.07614,1.07533,1.07553,2632,1.0783730750316542,1.0796250909288383,0.0015592857142856995,33.90495041588677,36.4738805970149,-2.6079439613245072,-1.8233188476023137,-2.626260788077659,3.657910028591166,-0.021588792264906228,0,1,0,1,0.5194686211636692,0.08337150710029803,0.5925925925924911,0.24691358024709972,0.24691358024709972,-0.4748856505753686,-0.3234009770929347,-0.8029419404753454,-0.00013015144049732807,-0.0023653161175420934,-0.001809778371756221,21,2,-2.836768972362149,-4.275461902580544,-6.2421743777676815,-0.870056497175011,0.5686364330433833,0,0,0,0,-2.571690334402125,-1.4493815849747733,1,0.0
2025-03-28 12:00:00,1.07783,1.07806,1.07689,1.07737,2625,1.078698104703371,1.078681004087664,0.0009435714285714562,45.982792506173226,30.866425992776726,-2.549696119085895,-1.407529587221391,-1.3894063003252175,3.7897675005018847,-0.009939223817164897,0,1,0,1,1.2399697199092456,0.48750946252850785,0.19658119658113657,0.4102564102564005,0.4102564102564005,-0.32439469135566235,-0.09485021058765573,0.018123286896173763,-0.00042678344451363426,-0.0010662760078625766,-0.0013718311164667707,12,4,-1.2329043653798026,-6.7792076709563185,-10.580368407771708,2.5682563714355875,8.114559677012103,0,0,0,0,-2.7766843300529795,-1.5367146101437337,1,0.0
2025-03-28 13:00:00,1.07737,1.0778699999999999,1.07678,1.07687,2242,1.078523999493526,1.0786099843195203,0.0009600000000000085,46.07197273233981,19.065420560745608,-2.5137714731005665,-1.7229161390896415,-1.8124836661669332,4.601734269450205,-0.002754294620121093,0,1,0,1,1.1354166666664622,0.5208333333332714,0.4587155963303033,0.08256880733939348,0.08256880733939348,-0.5087153613356628,-0.18025734245345137,-0.08956752707729179,-0.00046409311564266087,-0.0017335039027013277,-0.002057289012037833,13,4,-1.7326388888888908,-7.184027777777825,-10.920138888888863,2.003472222222146,7.45486111111108,0,0,0,0,-3.2499999999999836,-2.031249999999874,1,1.0
2025-04-01 14:00:00,1.07983,1.07984,1.07783,1.07811,3774,1.0811213213890778,1.0811163498241891,0.0012278571428571297,28.09498793102185,31.062124248496175,-3.046449056107498,-2.4525014221693393,-2.4484524455293633,4.393006843951019,-0.10928981122151243,0,1,0,1,1.6369982547991935,1.4008144269925875,0.004975124378031959,0.13930348258699377,0.13930348258699377,-0.49021617400553974,-0.15190531800194668,0.004048976639975951,-0.0015928433179298596,-0.003383343964058927,-0.002516584476744743,14,1,-2.850494473531201,-5.464805119255434,-8.176847004072263,-0.13845258871437313,2.4758580570098605,0,0,1,0,-3.9255381035486545,0.22803955788235863,1,1.0
2025-04-02 15:00:00,1.08025,1.08196,1.07964,1.08192,3400,1.0799264067683836,1.0801937436581477,0.0010771428571428401,21.22387242382653,63.430851063828456,3.329710021782582,1.8508159975218939,1.6026252510565426,3.297715895363156,1.1659420043565372,1,0,1,0,2.1538461538462803,1.5503978779841654,0.017241379310361328,0.2629310344827471,0.9827586206896387,0.3379335194269029,0.04988222338216787,-0.2481907464653512,0.0015459384401759202,0.0012122782502475005,0.0025482546772057635,15,2,1.7577365163572052,-0.2816091954022929,-3.0512820512820933,4.527409372237005,6.566755083996504,1,0,0,0,1.0119363395225953,3.0822281167109145,-1,0.0
2025-04-02 16:00:00,1.08192,1.08293,1.08148,1.0826500000000001,4162,1.0801857965999662,1.0802900674362597,0.0011414285714285472,21.993441313755437,70.6940874035995,2.963659909533832,2.1588765707431796,2.0675254000229684,4.327768007191664,1.0927319819067762,1,0,1,0,1.270337922402988,0.6395494367961132,0.1931034482757554,0.30344827586207634,0.8068965517242446,0.53049857555941,0.14486118984719726,-0.09135117072021148,0.0006747264123041496,0.0029273082659404537,0.002685806899745513,16,2,2.2982895285775147,0.373800584063535,-2.2398831873174174,4.9119732999584675,6.836462244472447,0,0,0,0,1.594493116395664,3.548185231539595,-1,0.0
2025-04-02 17:00:00,1.0826500000000001,1.08617,1.08191,1.08585,5129,1.0807252445428266,1.0805081040073867,0.0014035714285714246,24.398794662149665,82.15297450424823,3.471536874563369,3.651225262108279,3.805930987103602,5.9214374763637645,1.1943073749126656,1,0,1,0,3.035114503816911,2.27989821882943,0.07511737089203908,0.17370892018783063,0.9248826291079609,0.745886289861458,0.25959108803488257,0.15470572499532315,0.0029557105251003524,0.005183985188613738,0.004849113000990002,17,2,4.148939779474112,2.583884648006793,0.458354537743849,6.274469889737056,7.839525021204376,0,0,0,0,3.576590330788832,5.165394402035623,-1,0.0
2025-04-02 18:00:00,1.08585,1.0873,1.0851,1.08674,4498,1.0812980783958908,1.0807524920855285,0.0015049999999999944,26.044853494719746,82.88043478260775,2.8402038898393354,3.615894753560996,3.9784105743997205,7.33827341255032,1.0680407779678704,1,0,1,0,1.4617940199335469,0.5913621262458876,0.25454545454540867,0.340909090909107,0.7454545454545913,1.0881565898699717,0.4215149121178058,0.3625158208387244,0.0008196343878068557,0.004455042886720051,0.006716134470907464,18,2,4.460686600221511,3.0011074197121204,1.018826135105244,6.442967884828387,7.902547065337778,0,0,0,0,-0.37209302325574484,5.408637873754197,-1,0.0
2025-04-09 03:00:00,1.09775,1.10166,1.09713,1.10148,7294,1.0954579685042658,1.0953790283403102,0.0028621428571428765,19.736485605648333,76.52068126520697,2.6188445692387647,2.104028972804553,2.1316097638047617,4.532048164444963,1.023768913847745,1,0,1,0,1.5827302221113453,1.303219366109304,0.0397350993377623,0.13686534216336535,0.9602649006622377,0.5296020041943365,0.17385412933874805,0.02758079100020898,0.0033978592575723,0.005210947552862555,0.005532124664512139,3,2,2.4049579901838354,0.3901505698361133,-1.2112137093419983,4.006322269361947,6.021129689709669,0,0,0,0,1.28924382330919,4.419765410531557,-1,0.0
2025-04-09 22:00:00,1.0964,1.09767,1.09325,1.09345,7406,1.1005654053486706,1.0990407716280735,0.004933571428571426,43.54417453151039,28.34242837653491,-2.5821842919496003,-1.442242288712735,-1.1332098276100757,3.6061379446102415,-0.01643685838991469,0,1,0,1,0.8959027073982654,0.5979441146662825,0.2873303167420634,0.045248868778276906,0.045248868778276906,-0.31926552471593445,-0.02635690804988507,0.3090324611026593,-0.002708815964684974,-0.007776628373350691,-0.009627925512643909,22,2,-0.2324212151923095,-1.4012837218280965,-2.3302929395299556,0.6965880025095496,1.8654505091453366,0,0,0,0,-3.255248298827271,0.43173592008107037,1,1.0
2025-04-15 18:00:00,1.13289,1.13291,1.12821,1.12888,5584,1.1333863666779642,1.1322022799798714,0.0028814285714286064,13.296269506370255,41.10552763819127,-2.772299125957268,-1.5639348907163317,-1.1529975140852284,3.025093853897698,-0.05445982519145529,0,1,0,1,1.6311353495290353,1.391670798215101,0.004255319148963913,0.14255319148939347,0.14255319148939347,-0.4547286217502527,-0.05829237846218134,0.4109373766311032,-0.0035396199101411785,-0.0021303114144028967,-0.004918639705234096,18,1,-2.357626838539012,-4.465377623533216,-6.820690794909838,-0.002313667162390556,2.1054371178318143,0,0,1,0,-3.1269211700544854,-1.1070897372334336,1,0.0
2025-04-15 19:00:00,1.12888,1.12919,1.12642,1.12743,4792,1.1328190936610152,1.1320151317453668,0.0028785714285714603,16.47098359351524,29.946808510638192,-2.672161514882545,-1.872141718466817,-1.5928497378445627,3.8393746872175214,-0.0344323029765144,0,1,0,1,0.9622828784118789,0.5037220843673004,0.11191335740065604,0.36462093862815076,0.36462093862815076,-0.5845342070503668,-0.12717569834618805,0.27929198062225413,-0.0012844589327476452,-0.0038170974155070647,-0.004608661104489431,19,1,-2.863688999172855,-4.973531844499562,-7.331182795698893,-0.5060380479735245,1.603804797353183,0,0,0,0,-3.6337468982630345,0.35086848635233797,1,1.0
2025-04-18 17:00:00,1.13794,1.13975,1.1378,1.13961,3325,1.137404093303603,1.1366023184978122,0.000964285714285735,35.52949334269058,67.7471636952972,3.1285171676086945,2.287606944411744,3.1190771133798485,3.863385117974612,1.1257034335217038,1,0,1,0,2.0222222222223016,1.7318518518518773,0.07179487179488231,0.07179487179488231,0.9282051282051177,0.6173510735639426,0.38231802368129647,0.8314701689681043,0.0014675641949488671,0.0013707657835770881,0.002366041586039591,17,4,2.7758024691357366,-0.7535802469136653,-4.898271604938249,6.92049382716032,10.449876543209722,0,0,0,0,-0.14518518518521212,3.8370370370369926,-1,0.0
2025-04-21 01:00:00,1.14026,1.14381,1.13799,1.14329,2633,1.1389252170843531,1.1375403274820386,0.001314285714285744,55.26803110908117,85.9953703703689,2.9300393870813055,3.321030479296397,4.374750828883517,6.28033551900901,1.0860078774162614,1,0,1,0,4.428260869565069,2.305434782608542,0.08934707903781472,0.39003436426117166,0.9106529209621853,0.7918942003337228,0.485311655573049,1.05372034958712,0.0026572886885445346,0.0033612412897336963,0.0036078582840286533,1,0,3.796739130434566,1.940217391304175,0.8369565217390194,4.8999999999997215,6.756521739130113,0,0,0,0,2.6934782608694103,4.032608695651977,-1,0.0
2025-04-21 02:00:00,1.14329,1.14584,1.14329,1.1449,4061,1.1394942440287004,1.1378289420905863,0.0014550000000000316,60.54721293860206,89.50495049504913,2.8012285166391386,3.715296200205874,4.859833614717254,7.442733474622955,1.0602457033278354,1,0,1,0,1.7525773195876266,1.1065292096220456,0.3686274509803614,0.0,0.6313725490196386,1.0032639325728285,0.5678063556217046,1.1445374145113802,0.001408216637948545,0.004924119407701433,0.004774191283590579,2,0,4.536082474226664,2.85910652920952,1.8625429553264132,5.53264604810977,7.209621993126914,0,0,0,0,3.5395189003435577,4.749140893470668,-1,0.0
2025-04-21 03:00:00,1.14491,1.1486399999999999,1.1449,1.14662,6496,1.1401728874545385,1.1381736894595829,0.0016807142857143051,64.34669123621434,90.67722075637597,2.67640126865843,3.8359360661478865,5.025429135819729,8.117016922888125,1.035280253731692,1,0,1,0,2.2252443688906656,1.0174245643858062,0.5401069518716549,0.002673796791461471,0.4598930481283451,1.1915351017418792,0.6393378146685034,1.189493069671842,0.0015023146126298403,0.005577675267044224,0.006283678233549361,3,0,4.950276243093796,3.498512537186462,2.6357841053972955,5.813004674882962,7.264768380790296,0,0,0,0,4.0875478113046295,5.134721631959091,-1,0.0
2025-04-21 05:00:00,1.14768,1.15313,1.1472,1.15045,4481,1.1417985314537151,1.1390132904238595,0.002075714285714308,68.50403872072695,92.62865090403298,2.5338645436057554,4.167947682311994,5.509770614795784,9.39951687889469,1.0067729087211479,1,0,1,0,2.8568479008946657,1.334480385409454,0.4519392917369342,0.08094435075885947,0.5480607082630657,1.6055992028985726,0.822677506490468,1.3418229324837896,0.002413564756726494,0.004847584941916283,0.008936558328802136,5,0,5.853406744666089,4.677907777012972,3.9793530626289693,6.551961459050091,7.7274604267032085,0,0,0,0,-1.2911218169304823,6.00275292498269,-1,0.0
2025-04-25 06:00:00,1.13479,1.13592,1.13251,1.1326,3656,1.1362814222967694,1.1375377116218484,0.0018657142857142958,26.8007207887741,31.540162122328326,-2.6345854866501175,-1.9731972494169598,-2.6465529366721254,4.553052417573178,-0.02691709733001326,0,1,0,1,1.8277182235835234,1.1738131699846337,0.3313782991202436,0.026392961876874472,0.026392961876874472,-0.5954716884906638,-0.3391512379660064,-0.6733556872551655,-0.001929872487420492,-0.0018770985168277132,-0.0053133096210423725,6,4,-2.1117917304746308,-5.107963246554238,-6.849923430321563,-0.3698315467073064,2.6263399693723013,0,0,0,0,-1.7794793261868147,-1.1523736600305543,1,1.0
2025-05-01 17:00:00,1.13193,1.13193,1.12704,1.12817,6554,1.1320028709080268,1.1341316177818213,0.00208285714285718,50.26740307943726,35.37563822027751,-2.772362475957499,-1.840198652687762,-2.86223075944779,2.919766183520456,-0.054472495191485476,0,1,0,1,2.3477366255143908,1.8052126200275023,0.0,0.2310838445807442,0.2310838445807442,-0.2600983407736073,-0.3016860918718695,-1.0220321067600278,-0.003321760179516575,-0.0034098036271125176,-0.0028813094932961247,17,3,-3.2167352537723053,-4.724279835390896,-7.168038408779074,-0.7729766803841275,0.7345679012344632,0,0,0,0,-2.851851851851828,-0.28326474622774755,1,1.0
2025-05-02 12:00:00,1.1333,1.13551,1.13259,1.13502,4029,1.1312531007899547,1.132215735533312,0.0015957142857142875,38.924717639147325,76.57192075796704,2.511083411233367,2.3606351361071365,1.7573725395537472,6.200443136165727,1.002216682246663,1,0,1,0,1.8299015219337702,1.0778871978513511,0.167808219178115,0.24315068493150008,0.8321917808218849,0.7410611144425067,0.10396744406746024,-0.6032625965533892,0.0015707175885071312,0.0021543732010100847,0.0040515197622164045,12,4,3.2085944494180887,1.1342882721576195,-1.5040286481646987,5.846911369740408,7.921217547000876,0,0,0,0,-0.3070725156670283,4.756490599820935,-1,1.0
2025-05-07 22:00:00,1.13339,1.13345,1.13009,1.13068,6370,1.1347336609830527,1.134315474300213,0.0020000000000000018,21.576417736591402,24.69775474956623,-2.905864048039969,-2.0268304915264084,-1.8177371501065782,3.8344877171785328,-0.08117280960798712,0,1,0,1,1.6800000000000133,1.354999999999994,0.0178571428571936,0.1755952380951974,0.1755952380951974,-0.4489325443106647,-0.0935703853990332,0.2090933414198302,-0.002391056917742329,-0.003727167793041053,-0.005304783102110466,22,2,-1.8216666666667198,-4.983333333333335,-6.881666666666669,0.07666666666661374,3.2383333333332294,0,0,1,0,-2.9149999999999983,-2.02000000000002,1,0.0
2025-05-07 23:00:00,1.13068,1.13081,1.12917,1.1301,1962,1.1342923599370478,1.1341501615825578,0.001984285714285724,23.73528429073187,17.771883289124105,-2.552594814361697,-2.112780385841161,-2.0411181481572007,4.774359397358388,-0.01051896287233637,0,1,0,1,0.8264938804896,0.29229661627059755,0.0792682926830358,0.567073170731737,0.567073170731737,-0.6311359895321482,-0.18191855388084263,0.0716622376839604,-0.0005129656489898382,-0.0034743042573452954,-0.004071489001691964,23,2,-2.12838972882164,-5.315094792416487,-7.228461723062028,-0.2150227981760988,2.971682265418749,0,0,1,0,-3.2303815694743276,0.4686825053996148,1,0.0
2025-05-08 18:00:00,1.12782,1.12898,1.12345,1.12485,7126,1.1300269907455833,1.1317857766909307,0.0024085714285714266,20.520417698483215,24.833836858005284,-2.6999528137984927,-2.1494030379053366,-2.8796225881681945,3.9577709380455106,-0.03999056275969723,0,1,0,1,2.295966785290645,1.2330960854093114,0.2097649186256858,0.25316455696199586,0.25316455696199586,-0.4572412558063936,-0.3040134069650621,-0.7302195502628579,-0.0026333989466404972,-0.004539903361121533,-0.0034639781707360706,18,3,-3.119414788453999,-4.445235270858133,-6.710755239225077,-0.8538948200870543,0.471925662317079,0,0,0,0,-2.9768683274021877,-1.1168446026097618,1,0.0
2025-05-08 19:00:00,1.12481,1.12496,1.12206,1.12262,5068,1.1293215630555278,1.1314263344677569,0.002522142857142838,25.202013503051376,22.986577181207565,-2.778901186036027,-2.657090987748238,-3.4916081152250853,4.996229177753151,-0.05578023720720131,0,1,0,1,1.1498159161710266,0.868309260832686,0.05172413793099224,0.19310344827583198,0.19310344827583198,-0.6590138066513368,-0.3876229430424374,-0.8345171274768473,-0.0019824865537626524,-0.007066981540937989,-0.006187976381228921,19,3,-3.8631171528368498,-5.1292362881148925,-7.292740489002287,-1.6996129519494554,-0.4334938166714128,0,0,0,0,-3.726989521382103,-1.9507221750212695,1,0.0
2025-05-12 10:00:00,1.12181,1.12186,1.10977,1.1105,10655,1.1223677679787216,1.1248495455907497,0.002550714285714279,40.70709546972993,15.227976980965437,-3.6582927717624782,-4.652723374463807,-5.625696955208497,6.969048397414813,-0.23165855435249894,0,1,0,1,4.739848781853897,4.434052086250335,0.004135649296948294,0.06038047973532754,0.06038047973532754,-0.7126342338796482,-0.4293283495724881,-0.9729735807446905,-0.010081921180948639,-0.010919519754889695,-0.010989989669053513,10,0,-5.5461588723980695,-7.493325865770659,-9.313730981051076,-3.7257537571176513,-1.7785867637450614,0,0,0,0,-5.1279753570428515,-4.5987118454214695,1,0.0
2025-05-13 17:00:00,1.11356,1.11646,1.11304,1.11615,5680,1.1121162886824403,1.1150727389527118,0.0016114285714285653,36.600290881208345,78.803245436107,2.9384346798434917,2.5031896474218067,0.6685130612604258,5.44024875301574,1.0876869359687102,1,0,1,0,2.1223404255319096,1.607269503546025,0.09064327485381123,0.15204678362575416,0.9093567251461888,0.38896572473804764,-0.29721680831097175,-1.834676586161381,0.00232587377420157,0.004906815521743102,0.004897768094281885,17,1,1.8658392434989226,-2.2257683215128483,-9.143026004728124,8.7830969267142,12.87470449172597,0,0,0,0,2.296099290780173,4.002659574468142,-1,0.0
2025-05-13 18:00:00,1.11615,1.11778,1.11569,1.1175,4541,1.1126290230936364,1.1151679256604488,0.0016935714285714212,41.33072956851398,81.03448275862229,2.735288353525388,2.8761567561826,1.3770156370188398,6.571638724353517,1.0470576707050707,1,0,1,0,1.2340784479122344,0.7971320118093443,0.13397129186606124,0.22009569377986668,0.8660287081339387,0.7290600073341084,-0.10938988974556994,-1.4991411191637602,0.001209514850154525,0.0039709634527616,0.0063125287035452615,18,1,2.572472936876224,-1.3206804442568676,-7.902432166455801,9.154224659075158,13.04737804020825,0,0,0,0,2.9818641923239264,4.605651623787469,-1,0.0
2025-05-14 11:00:00,1.1215,1.12523,1.12127,1.12388,6597,1.118411451449982,1.1172523584801828,0.001517142857142836,82.24470581203073,73.90917186108567,2.644001736856913,3.6045046939854712,4.3685019433824,6.4835131245842215,1.0288003473713738,1,0,1,0,2.610169491525436,1.5687382297552328,0.34090909090908456,0.05808080808079661,0.6590909090909155,0.9386766553191958,0.4658694325943559,0.7639972493969289,0.002122157824342441,0.004684259457913065,0.0038765921717849317,11,2,5.593848085373644,0.8590709353422001,-1.8345888261142929,8.287507846830136,13.02228499686158,0,0,0,0,2.4915254237287785,3.86252354048968,-1,0.0
2025-05-14 12:00:00,1.12388,1.12659,1.12311,1.12522,5448,1.1190598846452218,1.1175648150103716,0.0017007142857142618,82.93730789848766,75.78512396694177,2.8452314498103113,3.6220753871019724,4.50115875072659,6.156841703818449,1.0690462899620603,1,0,1,0,2.046199076018466,0.7879042419152427,0.39367816091951147,0.22126436781607858,0.6063218390804885,1.1132024379923298,0.5457076616900473,0.8790833636246177,0.0011922981101186725,0.005729301668737419,0.005675368898978572,12,2,5.777964440711388,1.5542489150218506,-0.8486630267394228,8.180876382472661,12.404591908162198,0,0,0,0,-0.8055438891221532,4.233515329693522,-1,1.0
2025-05-16 17:00:00,1.12003,1.12024,1.11519,1.11548,5923,1.1194425244285986,1.1192818106915132,0.0015028571428571391,35.49565720502125,25.703200775945973,-3.210054241972676,-2.6366607414629324,-2.5297219430220954,4.327094833431738,-0.14201084839452838,0,1,0,1,3.360266159695825,3.0275665399239977,0.04158415841580623,0.057425742574281895,0.057425742574281895,-0.29743391509731665,-0.061934861171340214,0.10693879844083697,-0.00406239118595042,-0.0035374830272278945,-0.003546384385189172,17,4,-2.5262991128010226,-4.2541191381495125,-6.5985424588085735,-0.1818757921419618,1.5459442332065276,0,0,1,0,-4.3184410646387175,-2.2224334600759836,1,0.0
2025-05-16 18:00:00,1.11548,1.11588,1.11402,1.11403,3526,1.1189270459115892,1.1190758573310617,0.0015621428571428453,36.42221741309954,22.805507745267207,-3.013580296124972,-3.1348259150547912,-3.2300869974789137,5.743851090448091,-0.10271605922498293,0,1,0,1,1.1906721536351081,0.9282121627800399,0.21505376344083968,0.005376344086056806,0.005376344086056806,-0.621643438280966,-0.20661517207138963,-0.09526108242412246,-0.0012998888370925332,-0.005081627549744505,-0.005312594867765363,18,4,-3.358634354519125,-5.020880963267749,-7.276329827770121,-1.1031854900167521,0.5590611187318717,0,0,0,0,-5.082761774119732,-3.0663008687699316,1,1.0
2025-05-19 11:00:00,1.1238299999999999,1.1259299999999999,1.1236,1.12574,4271,1.1194831751542227,1.1189634153266015,0.0019199999999999853,34.29759452978833,83.07012002526747,2.5037095257065225,3.2587629405090226,3.5294711840617343,7.9845066735631205,1.0007419051412985,1,0,1,0,1.2135416666666463,0.994791666666715,0.08154506437764682,0.09871244635191334,0.9184549356223531,0.8103982366474154,0.3083233867136118,0.2707082435527116,0.0016995453048949116,0.006472954850245793,0.0068150109111722035,11,0,4.451388888889057,2.329861111111358,-0.15798611111099084,6.9392361111114065,9.060763888889106,0,1,0,0,3.041666666666725,4.2135416666666625,-1,0.0
2025-05-20 10:00:00,1.12577,1.12778,1.1253,1.12764,4045,1.1242011762647037,1.1224043976071236,0.0013592857142857215,31.23506408979171,75.02714440825207,2.772277581410147,2.529875580354557,3.851730609577955,4.406476053691037,1.0544555162820155,1,0,1,0,1.8244876510772645,1.3757225433526221,0.056451612903236636,0.18951612903224327,0.9435483870967634,0.7087153813243594,0.5187605871339763,1.3218550292233984,0.0016610853016159055,0.003024265281434735,0.0039261771854384175,10,1,3.2222806095638665,-1.4272201786651333,-5.532317393589019,7.327377824487753,11.976878612716753,0,0,0,0,-0.1029952706253492,4.289017341040441,-1,1.0
2025-05-22 11:00:00,1.13211,1.13349,1.13014,1.13019,4935,1.1325082972378622,1.1306061634183642,0.0018321428571428852,21.699333564220048,36.179577464789126,-2.673994050770596,-1.2653474202756145,-0.22714572542292225,2.9571522065010343,-0.034798810154103424,0,1,0,1,1.8284600389864283,1.0479532163742102,0.4119402985074872,0.014925373134359026,0.014925373134359026,-0.1484330994701523,0.19040408816368004,1.0382016948526922,-0.001678311794998666,-0.0027881942912604263,-0.0027617971976139355,11,3,-1.2371669915528012,-3.680571799869741,-5.7728395061726365,0.8551007147500939,3.2985055230670337,0,0,0,0,-2.1941520467835445,-0.5076023391812108,1,0.0
2025-05-22 12:00:00,1.13019,1.13035,1.1291,1.12943,4054,1.1322151260723516,1.130560039362742,0.001772857142857179,22.96362686245468,38.44714686623034,-2.559313311455743,-1.5709816685303424,-0.637411405253348,3.7957621986005576,-0.011862662291153665,0,1,0,1,0.7050765511683832,0.4286865431104391,0.1279999999999531,0.26399999999995877,0.26399999999995877,-0.34722165501469116,0.10322903588858219,0.9335702632769943,-0.0006724533043117598,-0.002508235668171155,-0.0034235998976450688,12,3,-1.7072253558956603,-4.232339511146635,-6.394574268063193,0.4550094010208984,2.980123556271873,0,0,0,0,-2.6962127316679583,-0.953263497179657,1,0.0
2025-05-27 10:00:00,1.13651,1.13712,1.13373,1.13409,4766,1.1379646885649848,1.136882056749773,0.001310714285714292,40.62542295113776,28.196721311476793,-3.3266893491778524,-2.9561656626586434,-2.1301795366115495,4.7576573268899525,-0.16533786983558135,0,1,0,1,2.586376021798356,1.846321525885448,0.17994100294985213,0.1061946902655273,0.1061946902655273,-0.5257593126288224,0.028091444744541085,0.825986126047094,-0.002138105796642309,-0.003295718202910747,-0.0045555087423636564,10,1,-3.636693914622991,-5.808537693006266,-8.115168029064417,-1.330063578564839,0.8417801998184365,0,0,0,0,-5.065940054495873,0.2746594005450631,1,0.0
2025-05-29 02:00:00,1.12918,1.12924,1.12107,1.12297,5685,1.1298056783402317,1.1320982161234854,0.0018364285714285642,28.401692557746987,11.432813659984518,-3.168520387312031,-3.722267474260755,-4.970634995285705,6.220396010133758,-0.1337040774624058,0,1,0,1,4.448852586542225,3.381563593932362,0.007343941248463758,0.232558139534885,0.232558139534885,-0.7677190894361483,-0.5199679323906568,-1.2483675210249503,-0.005508373258707455,-0.005288146402820382,-0.005649267277637593,2,3,-4.162064047711733,-5.372747309736963,-7.494619473616011,-2.040191883832685,-0.8295086218074558,0,0,0,0,-3.681057954103409,1.0346168805912208,1,1.0
2025-05-29 15:00:00,1.1271,1.13499,1.1271,1.13493,6270,1.1282233595985534,1.1300696457429118,0.0027650000000000335,53.678960762316116,61.84971098265917,2.7490979387409555,2.425548065622625,1.7578134745345881,5.031405468144499,1.0498195877481953,1,0,1,0,2.8535262206147767,2.8318264014466217,0.007604562737636165,0.0,0.9923954372623638,0.28643134270161236,-0.06515137362585649,-0.6677345910880369,0.0069470322065476875,0.006322042915410497,0.006518384504868857,15,3,1.5611814345990858,0.7570825798672813,-0.6522001205545596,2.9704641350209267,3.774562989752731,0,0,0,0,3.334538878842638,2.940325497287476,-1,0.0
2025-06-02 09:00:00,1.13796,1.14069,1.13786,1.14013,3280,1.1361230619512348,1.1346970508403027,0.0014328571428571405,17.545376237989352,76.37305699481963,2.6432169858151044,2.7964672324383892,3.7916893437569064,5.861614663049629,1.0286433971630249,1,0,1,0,1.9750747756729063,1.5144566301096771,0.19787985865721416,0.0353356890459339,0.8021201413427859,0.6925189465329378,0.4389849406318703,0.9952221113185172,0.0019069211571585143,0.003450066448984046,0.002735220136849126,9,0,3.570953805250914,0.9584579594548954,-1.8168826852774742,6.346294449983284,8.958790295779302,0,0,0,0,1.33300099700903,3.273180458624191,-1,0.0
2025-06-02 10:00:00,1.14014,1.14369,1.13989,1.14238,4343,1.136718960813022,1.1349983429642123,0.0015807142857142845,21.10534568031223,79.66101694915348,2.858590481750624,3.581317153985196,4.669823700904971,6.928561363595826,1.071718096350126,1,0,1,0,2.403976502485332,1.4170808856755672,0.3447368421052988,0.06578947368417362,0.6552631578947011,0.9246372544951224,0.5291865868749454,1.0885065469197746,0.0019734591669369195,0.005120715140423782,0.00520915826337931,10,0,4.66034041271267,2.2922126826327744,-0.22352763970483466,7.176080735050279,9.544208465130174,0,1,0,0,2.6317216448259932,4.390420244012622,-1,0.0
2025-06-04 15:00:00,1.13794,1.1411,1.13794,1.14093,5271,1.1385323351076369,1.138758334253391,0.001693571428571453,31.421429070880574,64.02243589743533,2.7282922900278774,1.415744769847474,1.2822994707940498,3.250148665739928,1.0456584580055812,1,0,1,0,1.8658793757908092,1.7654997891185185,0.053797468354430604,0.0,0.9462025316455694,0.222642293652481,0.042874178963809205,-0.13344529905342412,0.002627555055626951,0.0023104629710972713,0.0019847717073426807,15,2,0.7617039223956106,-1.1396035428089175,-4.582032897511526,4.20413327709822,6.105440742302747,0,0,0,0,0.3129481231547349,2.031210459721541,-1,0.0
2025-06-05 16:00:00,1.14297,1.14951,1.14185,1.14806,8384,1.1421824234013376,1.140943058200429,0.0018914285714285756,39.23939315867369,77.64378478664173,3.85177611290254,3.1074800748215585,3.762733579833665,4.134319034211375,1.2703552225805093,1,0,1,0,4.049848942598178,2.691087613293066,0.1892950391644845,0.14621409921671147,0.8107049608355155,0.5761436861701617,0.32260279139621856,0.6552535050121063,0.0044620984111429784,0.004936888359797775,0.005914256424634834,16,3,4.1467774420947014,1.7588116817724206,0.04405840886208799,5.861530715005034,8.249496475327316,0,1,0,0,-0.7666163141993684,3.552870090634465,-1,1.0
2025-06-06 15:00:00,1.1418,1.1431499999999999,1.13858,1.13968,6881,1.1427938709352343,1.1423846594481148,0.0013164285714285676,42.58885359551664,15.53884711779358,-2.672108983619867,-2.3653930056039227,-2.0545432595554862,5.3850015079244224,-0.03442179672396842,0,1,0,1,3.4715138361367157,1.6104177970699232,0.2954048140043705,0.24070021881840478,0.24070021881840478,-0.7093294249035547,-0.16472620037577454,0.3108497460484365,-0.0018567174636537898,-0.001987827838346723,-0.0026515913923917944,15,4,-3.8817145957679102,-7.170916983179875,-10.75637547476956,-0.2962561041782257,2.9929462832337395,0,0,1,0,-2.6359196961474884,-1.086272381985928,1,0.0
2025-06-11 15:00:00,1.14328,1.14895,1.14283,1.14606,6761,1.1427744167094576,1.1422229007624918,0.0017450000000000282,24.0545589328961,62.5693893735142,2.9817905597862726,1.8828557538925286,2.198910737827071,3.3676232708500917,1.096358111957262,1,0,1,0,3.5071633237821227,1.5931232091690313,0.47222222222220306,0.07352941176471708,0.5277777777777969,0.4808798987071477,0.22482320559046834,0.31605498393454273,0.0024316003078861392,0.0022475054438606534,0.003599106791015494,15,2,2.603629417382963,0.1872015281756911,-1.6771728748806285,4.468003820439282,6.884431709646554,1,0,0,0,-1.656160458452602,1.9426934097420914,-1,0.0
2025-06-11 16:00:00,1.14606,1.14737,1.1453,1.14704,5539,1.1431806627371284,1.1424118066149431,0.0017678571428571624,23.12695708934863,62.922230950511434,2.754828078385924,2.1830594618263848,2.6179679753857115,4.360242029606022,1.0509656156771967,1,0,1,0,1.1709090909090871,0.5543434343434174,0.15942028985504292,0.36714975845414877,0.840579710144957,0.6427898462392836,0.30105693382153853,0.43490851355932647,0.0008551035722388356,0.00280636108512633,0.0034643244567309495,16,2,3.124309764309725,0.7391245791245147,-1.1011447811448236,4.964579124579063,7.349764309764273,0,0,0,0,-1.0804040404039472,2.4719191919191563,-1,0.0
2025-06-11 17:00:00,1.14704,1.14868,1.14672,1.14818,4355,1.143656790095497,1.1426380102771023,0.0017757142857142932,23.397723674703943,74.81602616516957,2.6148621885561627,2.5472622149252198,3.1209917988964944,5.4692317136080835,1.0229724377112444,1,0,1,0,1.1037811745776085,0.6419951729685759,0.2551020408163034,0.16326530612250215,0.7448979591836966,0.8305404076044641,0.3915470134653051,0.5737295839712746,0.0009938624633838433,0.004285914211741515,0.004101478806111114,17,2,3.752480557790226,1.3778492893536065,-0.4542772861357913,5.584607133279624,7.9592384017162425,0,0,0,0,-0.4336283185840337,3.1029766693482834,-1,0.0
2025-06-12 12:00:00,1.15443,1.15888,1.15404,1.15721,4193,1.150949273476956,1.1473987394674208,0.0018114285714285908,66.72862356882817,84.01826484018264,2.6839563213506716,3.4562370395353508,5.416311019562649,6.393214634794183,1.0367912642701376,1,0,1,0,2.671924290220767,1.5347003154573995,0.34504132231401935,0.08057851239671819,0.6549586776859807,1.1244283377895146,0.8005317701303167,1.9600739800272977,0.002416798045771884,0.004330770165419828,0.004923841117112859,12,3,5.943743427970575,2.68480546792865,0.7489484752892872,7.879600420609938,11.138538380651863,0,0,0,0,2.175078864353319,3.660094637224011,-1,0.0
2025-06-12 13:00:00,1.15721,1.16103,1.15668,1.15929,5316,1.1517436283839126,1.1478650634098748,0.002058571428571449,67.59646907836704,85.6655290102388,2.6957343532204554,3.6658293763088476,5.549934499019777,6.974676001126989,1.0391468706440847,1,0,1,0,2.1131158917418618,1.0104094378902757,0.40000000000001024,0.1218390804598005,0.5999999999999898,1.1954571069702513,0.80043324953717,1.8841051227109296,0.0017974265690754443,0.005769364242087738,0.005629770992366279,13,3,6.24057367568812,3.372889197316737,1.6694425167707871,7.94402035623407,10.811704834605454,0,0,0,0,2.9243580846633574,4.231089521165813,-1,0.0
2025-06-17 17:00:00,1.15589,1.1561,1.1510799999999999,1.15267,5751,1.1556727878619275,1.1554305307019435,0.0017585714285714346,27.813308242870793,39.226519337016406,-3.579030262751497,-1.7075154373267183,-1.56975750719769,2.3371537808816703,-0.2158060525502719,0,1,0,1,2.8545897644191753,1.8310316815597016,0.04183266932267339,0.3167330677291224,0.3167330677291224,-0.19670997758524367,-0.023356081699618343,0.13775793012902848,-0.0027857322063518097,-0.0030272364790643325,-0.0025872661509438455,17,1,-2.1797996209044186,-4.678039534254069,-7.507988085567333,0.6501489304088457,3.1483888437584957,0,0,0,0,-3.0308692120226413,-1.0633631194150015,1,0.0
2025-06-17 19:00:00,1.15341,1.15392,1.14987,1.15026,3686,1.1549623048030744,1.1551516356075997,0.001982857142857159,32.13247782389804,29.856115107913197,-3.290885440574583,-2.3714793675446666,-2.466963202679915,3.8009422217027833,-0.1581770881149293,0,1,0,1,2.0425072046109896,1.5886167146973864,0.1259259259259251,0.09629629629632147,0.09629629629632147,-0.5744250093922599,-0.20061170196934325,-0.09548383513524847,-0.0027310323302207618,-0.00487070568998782,-0.005111705026077384,19,1,-3.148655139289142,-5.364313160422719,-7.874159462055725,-0.6388088376561363,1.5768491834774405,0,0,0,0,-3.9034582132563806,-2.1585014409220915,1,0.0
2025-06-23 00:00:00,1.14562,1.14738,1.14507,1.14686,1109,1.1513213829395932,1.1507049751866456,0.0018692857142857003,22.946238809286694,32.3507737656591,-3.756961036312208,-2.386677919537837,-2.0569221479953774,3.6484560905404324,-0.25139220726246225,0,1,0,1,1.2357661444402264,0.6633549866258632,0.22510822510825465,0.2380952380952564,0.7748917748917453,-0.09316314795470097,0.061120543548960106,0.32975577154245955,-0.004565496649654555,-0.005204448068282352,-0.005842579750346744,0,0,-2.6338046108776454,-4.219080371927256,-5.624251687683162,-1.22863329512174,0.3566424659278707,0,0,0,0,-4.038975926633551,0.9575850210164158,1,1.0
2025-06-23 20:00:00,1.15448,1.15735,1.15406,1.15693,4628,1.150936414193405,1.1504873914174085,0.0025935714285714013,19.533572573816105,69.47749612002072,2.5300580442498126,2.3109391708160243,2.4840683050476957,5.275541002760655,1.0060116088499584,1,0,1,0,1.268521068576169,0.9446433489397204,0.12765957446811096,0.12765957446804346,0.8723404255318891,0.7129137479599761,0.2640204225236695,0.17312913423167142,0.002122167555955956,0.0033301823795195418,0.008868464194774939,20,0,1.9843936472964367,0.8418250252455295,-0.17093546314147565,2.997154135683442,4.139722757734349,0,1,0,0,1.8545855136326204,4.3299366565685125,-1,0.0
2025-06-25 21:00:00,1.16426,1.16615,1.16419,1.16611,2194,1.161786166279085,1.1597535754270356,0.001687142857142887,18.307349988316496,68.04281345565744,2.7378776891843692,2.5628142291621345,3.7675674860922777,4.876936467576475,1.0475755378368734,1,0,1,0,1.1617273497035978,1.0965283657916276,0.02040816326532693,0.0357142857142938,0.9795918367346731,0.742606917268161,0.5034038053132629,1.2047532569301433,0.0015889921495197967,0.0035456415287566934,0.005163258973209572,21,2,3.18882303132929,1.090601185435958,-0.9424216765454039,5.221845893310652,7.320067739203984,0,0,0,0,2.8213378492801473,4.214225232853409,-1,0.0
2025-06-27 15:00:00,1.17141,1.17497,1.17028,1.1747,5526,1.17079471089072,1.1684696423997112,0.0017978571428571369,25.43973803294795,77.43324720068873,2.6737701686238533,2.172191002380685,3.465435296147986,4.300968529667304,1.0347540337247738,1,0,1,0,2.6086611044895265,1.829956297179196,0.0575692963752639,0.24093816631131246,0.9424307036247361,0.45165656740660826,0.4280120598689149,1.2932442937673005,0.002800020487955024,0.003202527861992488,0.002765779454697581,15,4,2.6494504039200857,0.009270295325183264,-2.5233743874983343,5.182095086743604,7.822275195338506,1,0,0,0,1.1124354390147047,2.536352800953591,-1,1.0
2025-06-30 18:00:00,1.17386,1.17719,1.1733500000000001,1.17698,4747,1.1727422013458286,1.1711820362967131,0.0018750000000000236,24.472414593559886,66.01689408706912,3.3880065079201,2.260159282224658,3.0922473084195765,3.3600879966987005,1.1776013015840239,1,0,1,0,2.047999999999891,1.6639999999999853,0.05468750000001355,0.13281249999995032,0.9453124999999865,0.2872134189585023,0.2645710423272111,0.8320880261949184,0.0026493564023273297,0.004823576618032455,0.003846580296297475,18,0,2.735999999999889,0.7146666666666026,-1.1840000000000441,4.634666666666536,6.655999999999823,0,0,0,0,-0.11200000000002179,3.311999999999866,-1,0.0
2025-07-03 15:00:00,1.17847,1.17896,1.17172,1.17382,7202,1.1788053629971598,1.1784107546228413,0.0014721428571428583,22.386096820058885,21.22370936902442,-3.954032771749243,-3.3864668588178306,-3.1184165317698556,4.811969746599848,-0.29080655434983443,0,1,0,1,4.918000970402654,3.1586608442502397,0.06767955801106455,0.29005524861878673,0.29005524861878673,-0.4109606607167155,-0.05681229157434608,0.2680503270479751,-0.003962698028833422,-0.004596180590889065,-0.005346868565327623,15,3,-3.185832120329991,-5.773896166909381,-7.4721009218826575,-1.4876273653567145,1.1004366812226758,0,0,0,0,-4.877244056283329,1.4264919941775762,1,1.0
2025-07-07 09:00:00,1.17714,1.17736,1.1750099999999999,1.17561,3009,1.1771663174113858,1.177350957872005,0.0009864285714285945,17.09945438255927,33.33333333333468,-2.751967490806407,-1.577729453975362,-1.7649102250592348,3.203948268519021,-0.050393498161308815,0,1,0,1,2.3823316437364426,1.5510499637943476,0.09361702127654468,0.25531914893622853,0.25531914893622853,-0.39868598714213715,-0.17143281569658309,-0.18718077108387302,-0.0012997604363117476,-0.0010960999235278823,-0.0013506625891946955,9,0,-1.4564325368089037,-3.510982379917668,-5.247888003861753,0.2804730871351816,2.335022930243946,0,0,1,0,-3.467052860246096,-1.3787110789283088,1,0.0
2025-07-07 10:00:00,1.17561,1.17587,1.17453,1.17456,3411,1.1769180967055395,1.1772415085436911,0.0010428571428571707,19.274743102697535,26.373626373627488,-3.0169752051228476,-2.261188621750084,-2.5713095624434437,4.246292406498705,-0.10339504102457883,0,1,0,1,1.2849315068491818,1.0068493150684619,0.19402985074622908,0.022388059701475223,0.022388059701475223,-0.5411977043909171,-0.2381505130990403,-0.31012094069335944,-0.0008931533416693949,-0.0017507776512382112,-0.0018610579987252684,10,0,-2.3844748858445506,-4.327853881278245,-5.970776255707542,-0.7415525114152534,1.2018264840184412,0,0,0,0,-4.2863013698628745,-2.3109589041095497,1,0.0
2025-07-07 11:00:00,1.17456,1.17476,1.17233,1.17244,3373,1.176491611305012,1.1770532140909975,0.0011800000000000224,23.679578357809106,16.441717791411847,-3.298421451227295,-3.4335689025524525,-3.909503466947023,5.884941398841135,-0.15968429024544958,0,1,0,1,2.0593220338982086,1.7966101694915946,0.08230452674896442,0.04526748971186647,0.04526748971186647,-0.7927137184309753,-0.3504401997233676,-0.4759345643945709,-0.001804931208282401,-0.003992728137689805,-0.0037896167898717747,11,0,-3.903954802259797,-5.621468926553511,-7.073446327683531,-2.4519774011297772,-0.7344632768360634,0,0,0,0,-5.584745762711839,-3.838983050847508,1,0.0
2025-07-09 14:00:00,1.1702,1.1706699999999999,1.16896,1.16913,2589,1.1714250150921035,1.1725877733117354,0.001376428571428596,28.621068540335482,37.815126050420915,-2.511863900393348,-1.667369553162868,-2.512134217140329,3.5771086840505766,-0.0023727800786893806,0,1,0,1,1.2423456149454006,0.7773741567202073,0.2748538011695929,0.09941520467837169,0.09941520467837169,-0.4560891455514085,-0.3335777217370409,-0.8447646639774608,-0.0009143736113483847,-0.0018696854830446696,-0.0029507329927767056,14,2,-2.3999308078187482,-5.431932191662341,-8.415499048607318,0.5836360491262289,3.6156374329698218,0,0,0,0,-2.7099117799688233,0.12350804359107453,1,1.0
2025-07-10 16:00:00,1.17065,1.17147,1.16866,1.16927,4260,1.172162997526528,1.1724050185021195,0.0011000000000000215,42.83704719449026,19.40700808625246,-2.580258035044523,-2.6299977513889856,-2.8500168201085825,5.966633699558646,-0.016051607008895876,0,1,0,1,2.5545454545453854,1.2545454545453725,0.2918149466192345,0.21708185053380924,0.21708185053380924,-0.563336077747328,-0.21698087723453627,-0.220019068719597,-0.001178832272669017,-0.003052393741740156,-0.0030013898481399126,16,3,-1.9121212121211861,-4.106060606060578,-5.53030303030302,-0.4878787878787448,1.7060606060606471,0,0,0,0,-4.627272727272672,-3.0363636363634847,1,0.0
2025-07-10 17:00:00,1.16927,1.16938,1.16626,1.16801,6014,1.171767473952573,1.1722326648353698,0.0012235714285714508,45.61192401041561,10.837438423645352,-2.7071826102874583,-3.070906908115628,-3.451097939006208,6.763159145802087,-0.041436522057485985,0,1,0,1,2.5499124343257074,1.0297723292469483,0.03525641025642759,0.5608974358974076,0.5608974358974076,-0.8536183703024384,-0.3502326728261146,-0.38019103089058026,-0.0010775954227851825,-0.0026981565443103817,-0.004330443529481975,17,3,-2.7487838100797743,-4.721151975092424,-6.001556723097889,-1.4683790620743085,0.5039891029383409,0,0,0,0,-5.189725627553968,1.4302393461762062,1,0.0
2025-07-15 16:00:00,1.1678,1.16794,1.16394,1.16433,6412,1.1674572605751359,1.1679781176145891,0.001447142857142869,31.443724356857338,40.071877807726935,-2.813745755636256,-2.160989538593324,-2.5209104937930067,3.6966844242245696,-0.06274915112724146,0,1,0,1,2.764067127344501,2.397828232971257,0.03500000000000722,0.09750000000002804,0.09750000000002804,-0.19906724363605288,-0.1306995230299091,-0.35992095519968287,-0.0029713992121938038,-0.0034663380064704485,-0.0037306728045931603,16,1,-2.0131622244159026,-3.2662059888121524,-5.012175057584691,-0.26719315564336416,0.9858506087528853,0,0,1,0,-3.282329713721614,-1.9763079960512215,1,0.0
2025-07-15 17:00:00,1.16433,1.16442,1.16155,1.16186,6518,1.1669241881394086,1.167738191433625,0.0015621428571428611,33.50366950687708,29.25696594427133,-3.2074127986083227,-3.2418213969694234,-3.7629026095450304,5.210623351845033,-0.14148255972167686,0,1,0,1,1.8372199359853174,1.5811614083220225,0.03135888501739573,0.10801393728216661,0.10801393728216661,-0.5716657843214139,-0.28301876910160273,-0.5210812125756071,-0.002121391701665476,-0.004378861496011188,-0.005682498930252633,17,1,-3.446121018137588,-4.606919676878702,-6.2243560432861935,-1.828684651730097,-0.6678859929889832,0,0,0,0,-4.621856424325693,-3.411979881115711,1,0.0
2025-07-16 16:00:00,1.1598600000000001,1.16033,1.15629,1.15725,5300,1.1613855952565029,1.1635900974679732,0.0013628571428571418,38.90566772431487,32.2810590631364,-2.9756155176633747,-3.034503856972837,-4.6520631316365675,4.499623981632771,-0.09512310353266645,0,1,0,1,2.9643605870021306,1.9150943396228068,0.11633663366335777,0.2376237623761979,0.2376237623761979,-0.6890728326869839,-0.5720929301990707,-1.6175592746637308,-0.0022502715845017507,-0.0038563177330360743,-0.004541818275657583,16,2,-4.167714884696115,-6.838574423480249,-11.497903563941525,0.4916142557651617,3.162473794549295,0,0,0,0,-4.1090146750524505,-2.9350104821802985,1,1.0
2025-07-21 14:00:00,1.16456,1.16699,1.16446,1.16677,3134,1.1636985572391676,1.1629608563475775,0.0011707142857142472,31.231996737973247,76.04456824512602,2.9087072236692655,2.62356306599489,3.253691954479427,5.243350951302433,1.081741444733834,1,0,1,0,2.1610738255033595,1.8877364246492772,0.08695652173908847,0.03952569169960162,0.9130434782609116,0.7123255611578141,0.37012382795153975,0.6301288884845371,0.00189771244075021,0.0021730914588058425,0.002259178449327548,14,0,3.653040471832762,-0.022778116737429258,-4.0345739271911985,7.66483628228653,11.340654870856723,1,0,0,0,1.3239780353876136,2.9127516778525604,-1,0.0
2025-07-21 17:00:00,1.16649,1.16985,1.16639,1.16965,4719,1.1647250776485747,1.1634846260370153,0.0013035714285713723,41.29651012641466,93.47581552305938,2.788932946234948,3.778022625751145,4.729601944207705,7.846767925556084,1.0577865892469784,1,0,1,0,2.6542465753425946,2.4241095890412403,0.05780346820808581,0.028901734104042905,0.9421965317919142,1.131154713509297,0.5760037556851192,0.9515793184565594,0.002708981645792141,0.002468352803037366,0.0044742537185258335,17,0,5.49004566210089,2.188858447489051,-1.4140639269404254,9.092968036530365,12.394155251142205,0,0,0,0,3.398356164383828,4.825205479452362,-1,0.0
2025-07-22 17:00:00,1.17044,1.17266,1.16909,1.1722299999999999,5188,1.1693555061019487,1.1672743551596816,0.0013792857142857257,24.326956054923038,70.26378896882562,3.1101505583393694,2.0840452911815643,3.592906668278383,3.193632328378595,1.1220301116678972,1,0,1,0,2.588296219575381,1.2977731745209327,0.12044817927174893,0.3781512605041834,0.8795518207282511,0.5422775942073532,0.509816925107235,1.5088613770968187,0.001529339393732343,0.001777549886766483,0.0014266675779113225,17,1,3.397894010011939,-1.0198515449681373,-4.018988434317335,6.397030899361137,10.814776454341212,0,0,0,0,0.9280165717244496,3.1393060590367026,-1,0.0
2025-07-23 21:00:00,1.17597,1.17739,1.17595,1.17714,2610,1.17399509371363,1.171930920141378,0.001577857142857107,16.791741689607914,71.16279069767343,2.7347015813991455,1.993150204127696,3.3013634233006863,3.750317131121575,1.046940316279825,1,0,1,0,0.9126301493888122,0.7415119963785418,0.17361111111102867,0.013888888888826782,0.8263888888889713,0.5906486593743394,0.47627044920231876,1.30821321917299,0.0009949233398811597,0.0020941873531516997,0.0038546161586874295,21,2,2.5477591670440543,-0.7605251244906533,-2.617473970122266,4.404708012675667,7.712992304210375,0,0,0,0,1.1724762335899683,3.8343141693075364,-1,1.0
2025-07-24 15:00:00,1.1756,1.17588,1.17319,1.1736,4098,1.1756741502284789,1.1741755273593806,0.001164285714285713,39.97229401205576,26.650062266500328,-2.655303174013638,-1.7814787238469094,-0.4943179773821118,4.688614608445941,-0.031060634802747778,0,1,0,1,2.310429447852833,1.7177914110429482,0.10408921933087344,0.1524163568773268,0.1524163568773268,-0.4035972619307372,0.15699679648800005,1.2871607464647976,-0.0017012589316094395,-0.0014039566049776075,-0.0021765746156986454,15,3,-1.457259713701635,-5.070347648262179,-6.971370143149573,0.4437627811857596,4.056850715746303,0,0,0,0,-3.79631901840499,-2.2245398773006952,1,1.0
2025-07-28 10:00:00,1.1721300000000001,1.17239,1.16705,1.1675,5055,1.1737956939237402,1.174150056630627,0.0016671428571428512,28.180827378657643,28.98154477101768,-3.130175078277441,-3.776337400701068,-3.9888942942922037,6.109573909278378,-0.12603501565549002,0,1,0,1,3.203084832904969,2.7772065124251117,0.04868913857676423,0.08426966292135789,0.08426966292135789,-0.529042482438975,-0.19644143487610313,-0.2125568935911356,-0.003950073797275189,-0.006163065869894568,-0.006788716098955372,10,0,-3.5609825764067744,-5.448443301913757,-7.033990288489026,-1.975435589831506,-0.08797486432452262,0,0,0,1,-4.990574121679601,-2.717223650385568,1,0.0
2025-07-30 15:00:00,1.15313,1.15348,1.14691,1.14731,6685,1.1545393187298523,1.157943547340925,0.0017835714285714083,30.314395697728433,20.763358778625218,-3.808138912934203,-4.053282427630445,-5.961940839925934,5.501622080590791,-0.2616277825868411,0,1,0,1,3.683620344413318,3.2631157388866656,0.05327245053273582,0.060882800608821626,0.060882800608821626,-0.6798476469597892,-0.6254606875931239,-1.9086584122954893,-0.00504713258695888,-0.006838583461015735,-0.006958930194313262,15,2,-4.563876651982451,-6.559871846215557,-9.077292751301623,-2.0464557468963847,-0.050460552663278,0,0,0,1,-5.354425310372479,-3.7621145374449734,1,0.0
2025-07-30 16:00:00,1.1473,1.14809,1.14581,1.14693,6212,1.1538146217079617,1.1575116435236337,0.001916428571428565,32.74007758556178,19.461077844311163,-2.844007132822512,-3.5924228069870923,-5.521543396603497,6.872970103144267,-0.06880142656449426,0,1,0,1,1.1897130078270943,0.19306746179648743,0.3464912280701964,0.4912280701754301,0.4912280701754301,-1.0077917738619757,-0.7385279246168452,-1.9291205896164043,-0.00033120952488874256,-0.006083452489275998,-0.007579887340030567,16,2,-4.44576966082749,-6.303391725680277,-8.646291464778248,-2.102869921729519,-0.2452478568767319,0,0,0,1,-5.181513231457338,0.5844204248975099,1,0.0
2025-08-01 15:00:00,1.14046,1.15584,1.13917,1.15456,9903,1.143072734632776,1.1451193961140829,0.0026221428571428745,15.838056885115614,76.98815566835856,4.09345439773634,4.38086938548447,3.600339264582932,5.716383416445343,1.3186908795472592,1,0,1,0,6.35739580495772,5.377281394715301,0.07678464307138276,0.0773845230953819,0.9232153569286172,0.22601168172637848,-0.12614340929686382,-0.7805301209015383,0.012363432299247634,0.01269198045768305,0.011113349155333019,15,4,4.617088894942327,3.647144284027956,2.256424225914776,6.007808953055506,6.977753563969878,0,0,0,0,4.103514028874978,5.8692454372105365,-1,0.0
2025-08-01 16:00:00,1.15455,1.15832,1.15368,1.15616,11416,1.1443191408582258,1.1455523609723541,0.0028507142857143097,19.34398593726291,78.1086519114686,3.0535567662924463,4.153646404030017,3.7210460132057617,7.5598939330969595,1.1107113532584931,1,0,1,0,1.6276622400400687,0.564770734151876,0.4655172413792996,0.18749999999998504,0.5344827586207004,0.7059227164540364,0.10174583832791603,-0.432600390824255,0.0013858093126386528,0.013100130563174162,0.013588624129889704,16,4,4.808151674601177,3.9159776163033446,2.6367660569614566,6.087363233943065,6.979537292240897,0,0,0,0,4.33575544976198,5.959909797043319,-1,0.0
2025-08-06 13:00:00,1.15851,1.16107,1.15843,1.1607,3554,1.1577020618077085,1.156357895592787,0.0011842857142856694,17.44414810295306,70.23959646910454,3.507127284060595,2.5314315254573754,3.6664331544624016,3.4417247993792097,1.201425456812156,1,0,1,0,2.2291917973462643,1.8492159227987375,0.14015151515150942,0.03030303030297678,0.8598484848484906,0.5267882691043424,0.41651244693283307,1.1350016290050264,0.001890359168241984,0.002236402414278471,0.0024354855425432476,13,2,3.675914756735244,0.6558102131083587,-1.3988741455567386,5.7305991154003415,8.750703659027227,0,0,0,0,1.595898673100324,3.0904704463209827,-1,0.0
2025-08-06 15:00:00,1.16041,1.16287,1.16004,1.16236,3762,1.158379012046673,1.1567459466813845,0.0013499999999999465,23.938961092009745,74.43298969072025,2.9918894406536554,2.948879965427539,4.158558013789447,5.189957077553805,1.0983778881307165,1,0,1,0,2.096296296296461,1.4444444444445894,0.1802120141342723,0.13074204946995302,0.8197879858657278,0.8408772714888783,0.5319152597946349,1.2096780483619078,0.0016804405339492234,0.0033232341542155375,0.0036697723014222916,15,2,4.454320987654566,1.8049382716051563,0.002469135802649887,6.256790123457073,8.906172839506482,0,1,0,0,2.6296296296298554,3.9407407407408903,-1,0.0
2025-08-06 16:00:00,1.16236,1.1635900000000001,1.16174,1.16358,4694,1.1588743442327043,1.1570139487723106,0.0014235714285713971,26.867110708313227,76.80074836295476,2.7743424482233334,3.305528386459712,4.612379186535623,6.487571720340617,1.0548684896446598,1,0,1,0,1.299548419468258,0.8569994982438717,0.005405405405440439,0.3351351351351468,0.9945945945945596,1.1282322132025724,0.652132190210489,1.306850800075911,0.0010495887676795768,0.0024812613078315504,0.005252699784017434,16,2,5.081117243686411,2.568656966048029,0.8593410269277694,6.790433182806671,9.302893460445054,0,0,0,0,3.350727546412632,4.594079277471244,-1,0.0
2025-08-07 17:00:00,1.16428,1.16499,1.16141,1.16244,6699,1.1652154598441469,1.1626086796766952,0.0018450000000000172,29.81117663321847,37.88927335640059,-2.5024842425339373,-1.5043142786704222,-0.09142529902185054,4.026351330230727,-0.0004968485067795303,0,1,0,1,1.9403794037939746,0.9972899728997543,0.1983240223463701,0.2877094972066727,0.2877094972066727,-0.25913524916902797,0.23793377574962538,1.4128889796485715,-0.0015803758546054647,-0.001734709650825339,-0.003958665364248715,17,3,-0.2782294489611712,-4.046973803071362,-6.169828364950361,1.8446251129178282,5.613369467028019,0,0,0,0,-4.037940379403853,-0.5311653116531012,1,1.0
2025-08-12 15:00:00,1.16054,1.16558,1.15993,1.16426,8033,1.16193761596519,1.1627382938339803,0.0014157142857143137,30.944964520729602,63.48773841961812,3.1288560729658674,1.640432718836574,1.0748681293782185,3.0234337343750655,1.1257712145931535,1,0,1,0,3.990918264379445,2.62764883955607,0.23362831858406224,0.10796460176990845,0.7663716814159378,-0.10003922879876641,-0.17048266534148265,-0.5655645894583555,0.0032054043807194788,0.003084398800703214,0.0019190554460728482,15,1,1.0924991590986313,-1.530440632357689,-4.953918600739726,4.515977127480668,7.138916918936989,0,0,0,0,0.9606458123107978,3.115035317860703,-1,0.0
2025-08-12 16:00:00,1.16425,1.16679,1.16175,1.16523,9086,1.1622511763494576,1.1628360078012752,0.0017385714285714465,30.202491288682218,65.43422184006778,2.933892388239481,1.7133743265239372,1.3769881175902718,3.3739928019128684,1.086778477647882,1,0,1,0,2.8989317995069164,0.5636811832374524,0.30952380952381475,0.496031746031742,0.6904761904761852,0.1306241484113634,-0.04924465088244554,-0.3363862089336654,0.0008331472351534863,0.0036088334596566796,0.0032113646147222674,16,1,1.4475486168173275,-0.6883045740891949,-3.476033963297602,4.235278006025735,6.371131196932256,0,0,0,0,1.3401807723910792,3.0944946589974687,-1,0.0
2025-08-12 17:00:00,1.16524,1.16628,1.16417,1.1658,6314,1.1625891595542712,1.1629522427894603,0.0018321428571428694,29.686910515441063,67.6592224979313,2.5790173084950583,1.7525055064406174,1.554331420957302,4.003595127723076,1.0158034616989995,1,0,1,0,1.1516569200779958,0.30565302144243517,0.22748815165877875,0.5071090047393829,0.7725118483412212,0.3782947065335332,0.06469279110069713,-0.1981740854833154,0.0004891738111789667,0.004532372860909684,0.004411207223351754,17,1,1.6847303443794643,-0.34204028589987084,-2.987394411955733,4.3300844704353265,6.356855100714662,0,0,0,0,1.5828460038985717,3.2475633528264343,-1,0.0
2025-08-12 18:00:00,1.1658,1.16973,1.16563,1.16723,5613,1.1630311443586265,1.1631199979741873,0.0020457142857143013,31.839493070663412,70.22086824066912,2.6675749918085856,2.0525132325149418,2.0090792025620523,4.4684936453686745,1.033514998361728,1,0,1,0,2.004189944134059,0.6990223463687305,0.6097560975609637,0.041463414634147266,0.3902439024390363,0.5947092398729468,0.17432709941869312,-0.04343402995288948,0.0012266254932236098,0.002550976585985909,0.005331426996485922,18,1,2.207867783985114,0.39269087523284785,-1.9764897579142473,4.577048417132209,6.392225325884475,0,0,0,0,-1.22206703910611,3.607541899441285,-1,0.0
2025-08-14 09:00:00,1.17015,1.17066,1.16848,1.1685,3665,1.1701431026294165,1.1685948694214185,0.0008335714285714177,19.913292946826175,29.01353965183921,-2.6981242928008693,-1.9711599667377324,-0.11381078833404978,4.669688570313758,-0.03962485856020353,0,1,0,1,2.615252784918714,1.9794344473007122,0.23394495412843758,0.00917431192666531,0.00917431192666531,-0.19632990208963286,0.3583810019276013,1.8573491784036826,-0.0014015416958653715,-0.0015977853157547184,-0.0023990233157745733,9,3,-1.8114824335905733,-5.950299914310632,-9.573264781491245,1.8114824335900404,5.950299914310099,0,0,0,0,-3.62296486718088,-1.6675235646958257,1,0.0
2025-08-14 10:00:00,1.16851,1.16929,1.16779,1.16797,4018,1.169936140474234,1.1685703647382257,0.0008835714285714122,21.60958790316474,27.624309392266,-2.656510170685592,-2.2252196151397503,-0.6794750473048545,5.183799649431541,-0.031302034137139736,0,1,0,1,1.6976556184315341,0.6111560226354026,0.5200000000000592,0.11999999999991118,0.11999999999991118,-0.4381269168504319,0.21344018313144608,1.5457445678348956,-0.0004535729567822777,-0.0020762132604237316,-0.0021444193835008507,10,3,-2.308811641067439,-6.2134195634605955,-9.631366208569569,1.1091350040415335,5.01374292643469,0,0,0,0,-4.017784963621926,-2.1729991915927656,1,0.0
2025-08-14 11:00:00,1.16797,1.16854,1.16679,1.16685,3088,1.169642222333831,1.1685028994543738,0.0009471428571428289,24.09871006596881,24.1545893719814,-2.808231843879112,-2.9480477129438594,-1.7451427120086496,6.392405778458882,-0.06164636877580805,0,1,0,1,1.8476621417797576,1.1825037707391106,0.32571428571427774,0.03428571428568673,0.03428571428568673,-0.7237411810216167,0.045563094374347905,1.2029050009352098,-0.0009589287396080115,-0.002811629377681313,-0.0030075958884796528,11,3,-3.336349924585607,-6.978883861237485,-10.167420814480204,-0.14781297134288698,3.49472096530899,0,0,1,0,-4.930618401206967,0.06334841628954078,1,1.0
2025-08-18 10:00:00,1.16967,1.17035,1.16804,1.16815,3405,1.1697628954691774,1.1688874030026088,0.0009678571428571393,26.024972468219094,32.415902140673595,-3.0931898018536765,-1.6664602633567522,-0.7618924012194555,3.6400642428561714,-0.11863796037073011,0,1,0,1,2.3867158671587156,1.5704797047970183,0.29437229437229606,0.04761904761907051,0.04761904761907051,0.03318568098378726,0.22799222716013978,0.9045678621372968,-0.001282434916427988,-0.0023145380318739806,-0.0016921196790099513,10,0,-0.5338253382534404,-5.128167281672936,-8.08659286592867,2.4246002460022935,7.018942189421789,0,0,0,0,-2.9756457564575687,-1.2398523985240826,1,0.0
2025-08-20 15:00:00,1.1642299999999999,1.16737,1.1642299999999999,1.1671,4151,1.164739323891402,1.1656894332909618,0.0012800000000000272,56.927850984772974,61.061946902655755,2.889204968562929,1.844278209842255,1.1020052414361285,3.850540242402155,1.0778409937125755,1,0,1,0,2.4531250000000595,2.2421875000000697,0.08598726114649051,0.0,0.9140127388535095,0.1250496067535496,-0.13533504855077194,-0.7422729684061263,0.0024909809311113307,0.0022327179046801593,0.0022327179046801593,15,2,0.9010416666666523,-0.6979166666667137,-3.309895833333263,3.513020833333201,5.1119791666665675,0,0,0,0,-0.21093749999998962,3.734374999999926,-1,1.0
2025-08-21 16:00:00,1.16465,1.165,1.16155,1.16212,5158,1.1646190605599709,1.165147773461486,0.0014749999999999883,32.320711758535815,36.27992633517514,-3.0139589152301283,-1.694278345742959,-2.052727770498905,2.9428043894709277,-0.10279178304599955,0,1,0,1,2.3389830508474443,1.715254237288096,0.10144927536234123,0.16521739130433832,0.16521739130433832,-0.2251504616404995,-0.14325448223594478,-0.35844942475594593,-0.002172326450006423,-0.002420725530928647,-0.002900042900042865,16,3,-1.8644067796609016,-3.661016949152319,-5.3559322033897345,-0.1694915254234857,1.6271186440679315,0,0,1,0,-2.8338983050848174,-0.2576271186441017,1,0.0
2025-08-21 17:00:00,1.16212,1.16296,1.1606,1.16158,5224,1.164329626220926,1.1650078607767218,0.0015678571428571209,36.2485656863894,35.850773430391584,-2.694128928220581,-1.7537479313422804,-2.186334891758776,3.504963887383024,-0.03882578564410362,0,1,0,1,1.5052391799544105,0.3444191343963506,0.3559322033898225,0.415254237288142,0.415254237288142,-0.42854492596753074,-0.2270329606954609,-0.4325869604164958,-0.0004646680205142584,-0.0021304743741731302,-0.0033462607680955214,17,3,-2.0984054669702847,-3.7886104783597148,-5.383143507972601,-0.5038724373573984,1.1863325740320316,0,0,0,0,-3.0104783599089626,-0.5867881548975229,1,0.0
2025-08-21 18:00:00,1.16157,1.1626,1.16011,1.16044,5074,1.1639591856284568,1.1648287289815562,0.0016785714285714182,39.95158011771514,32.72425249169406,-2.727235821975944,-2.096536119080706,-2.614561946459082,4.21430525468532,-0.045447164395185126,0,1,0,1,1.4834042553192197,0.6731914893617512,0.4136546184739131,0.1325301204818987,0.1325301204818987,-0.6174765174767671,-0.3088738430338341,-0.5180258273783759,-0.0009814218564370147,-0.003614819902975186,-0.003862859889779857,18,3,-2.63914893617019,-4.217872340425411,-5.70723404255318,-1.1497872340424204,0.4289361702128007,0,0,0,0,-3.491063829787374,0.1965957446808174,1,0.0
2025-08-22 17:00:00,1.16001,1.17201,1.16001,1.17183,11677,1.1615606762383854,1.1624755609357045,0.001898571428571432,39.57645166227382,77.18191377497433,4.0182097953922025,5.408974140805215,4.9270935628343135,7.293686385005819,1.3036419590784385,1,0,1,0,6.3205417607223415,6.225733634311471,0.015000000000005736,0.0,0.9849999999999942,0.5084785808598505,0.03120974426742915,-0.48188057797090084,0.010215693374023616,0.009806540566159594,0.010503169059630002,17,4,5.002006521193777,3.8309505894154294,1.7416603962877641,7.091296714321441,8.262352646099789,0,0,0,0,5.3513920240782165,7.1211437170804865,-1,0.0
2025-08-22 18:00:00,1.17183,1.17323,1.17123,1.17123,6186,1.162481564215682,1.1628188722715591,0.0019571428571428635,39.66172088885383,77.50791974656816,2.750339759693189,4.470003685417913,4.297656503582918,9.281865842779013,1.0500679519386313,1,0,1,0,1.0218978102189757,0.3065693430656587,0.7000000000000333,0.0,0.0,1.0122208079698045,0.26212122164646434,-0.1723471818349943,-0.0005120196615548966,0.008915650196402725,0.010029320455329449,18,4,4.545742092457348,3.4097323600971867,1.3829683698295496,6.572506082724985,7.708515815085146,0,0,0,0,4.884671532846706,6.601459854014599,-1,0.0
2025-08-25 18:00:00,1.16902,1.16916,1.16655,1.16693,3957,1.1691769546716608,1.1674016780393934,0.0014007142857142948,23.77771013836423,39.31419457735222,-2.7000756410182136,-1.6041491791560978,-0.3367410786082445,4.266883314353478,-0.04001512820363338,0,1,0,1,1.8633350331463425,1.492095869454297,0.0536398467433061,0.1455938697318187,0.1455938697318187,-0.014488343284193534,0.2908937640599462,1.2674081005478532,-0.0017792833252068263,-0.0026154069692904125,-0.0015828470713050713,18,0,-0.9399966003739285,-8.033996260411305,-12.327044025157221,3.353051164371988,10.447050824409365,0,0,0,0,-2.841407445181079,-1.1351351351351138,1,0.0
2025-08-25 19:00:00,1.16693,1.16695,1.16513,1.1655,2947,1.168826768512455,1.1673271024300056,0.001485000000000006,22.215142278951255,34.91720662346934,-2.8889080439191583,-2.240248156535309,-1.2303720067377806,5.039593624161091,-0.07778160878382386,0,1,0,1,1.2255892255891754,0.9629629629629876,0.010989010988961384,0.2032967032967006,0.2032967032967006,-0.31892212791010527,0.1373934574009819,1.0098761497975284,-0.0012254376869221817,-0.004110022130888402,-0.004084492600061496,19,0,-1.8496071829405143,-8.54096520763187,-12.5903479236813,2.199775533108914,8.89113355780027,0,0,0,0,-3.6430976430977204,-2.033670033670041,1,0.0
2025-08-25 20:00:00,1.1655,1.1656,1.16408,1.16469,2647,1.1684327905588878,1.1672236866484367,0.0015164285714285772,21.235551261426718,28.154631655725794,-2.663907417569733,-2.46816146134853,-1.6708249212488593,5.8922543841524115,-0.03278148351394095,0,1,0,1,1.0023551577955458,0.5341497880357815,0.06578947368420476,0.40131578947369284,0.40131578947369284,-0.6154306119951352,-0.007791333953161444,0.7973365400996707,-0.0006949806949806403,-0.0036954345985065196,-0.004529953247463747,20,0,-2.3454231433505863,-8.898100172711553,-12.86355785837654,1.6200345423143994,8.172711571675366,0,0,0,0,-4.101742816768783,-2.5256712199717284,1,0.0
2025-08-25 21:00:00,1.16469,1.16485,1.1619,1.16206,2723,1.1678258581247078,1.1670211891328117,0.0016957142857142924,24.611030686252715,23.73923739237385,-2.910134654555847,-3.400253317013828,-2.9257223192654807,7.02162247349395,-0.08202693091116937,0,1,0,1,1.7396798652064007,1.5509688289805643,0.05423728813557204,0.054237288135647314,0.054237288135647314,-0.9612994864214833,-0.19748673618740417,0.4745309977483473,-0.002258111600511592,-0.004173343730986323,-0.007049414257760622,21,0,-3.648413367031657,-9.50828418983424,-13.054479078910383,-0.10221847795551403,5.757652344847069,0,0,1,0,-5.219039595619202,-3.8096040438078513,1,0.0
2025-08-27 07:00:00,1.16252,1.16256,1.16122,1.1614200000000001,1429,1.1636960607609963,1.164494105335739,0.0010964285714286173,24.348133495441477,16.830065359478198,-2.6692057476457363,-2.0758860360876334,-2.803744280152552,4.644478386441974,-0.03384114952915857,0,1,0,1,1.2221498371336077,1.0032573289900755,0.029850746268683923,0.1492537313434196,0.1492537313434196,-0.5778771310847128,-0.3448670447402514,-0.7278582440649182,-0.0009462202800810671,-0.0016847461706407385,-0.0019764204447805245,7,2,-1.988273615634958,-5.0710097719865646,-7.752442996742101,0.6931596091205778,3.7758957654721845,0,0,0,0,-3.0553745928337155,0.18241042345294353,1,0.0
2025-08-27 11:00:00,1.16034,1.16037,1.1577,1.15889,3518,1.162706427642977,1.1639450865027623,0.0011785714285714416,42.67423295014861,13.678618857902407,-2.59712711393707,-3.2381810304047525,-4.289164305374041,7.31239222728029,-0.019425422787402117,0,1,0,1,2.265454545454478,1.2303030303029754,0.011235955056170432,0.44569288389514855,0.44569288389514855,-1.0429732398757097,-0.5722966837633047,-1.0509832749692885,-0.0012496337280452074,-0.002702167758147467,-0.0031225269242679543,11,2,-3.9963636363635855,-6.864242424242289,-9.358787878787668,-1.501818181818207,1.366060606060497,0,0,0,0,-4.989090909090945,1.0096969696969793,1,0.0
2025-08-28 13:00:00,1.16487,1.16748,1.16482,1.16714,2774,1.1640651629622976,1.1636624109078861,0.001210714285714303,24.097806329563916,72.95850066934474,2.6762338912527044,2.5396884087217964,2.872344972837424,4.628637158622779,1.0352467782505577,1,0,1,0,2.197050147492682,1.8749262536872842,0.12781954887217795,0.01879699248124192,0.872180451127822,0.565100846372105,0.252027324163743,0.3326565641156274,0.001940114003159188,0.002370360191690013,0.0029129967776584387,13,3,4.278466076696256,0.5120943952804657,-1.8088495575220271,6.599410029498749,10.36578171091454,0,0,0,0,1.3710914454277048,3.50206489675513,-1,0.0
2025-08-29 17:00:00,1.1670099999999999,1.17053,1.16681,1.17043,5907,1.1671090011657343,1.1661222758288234,0.0013692857142857237,13.7742506085216,64.32748538011816,3.0620728005895548,2.4253512613312425,3.145964444260436,3.839867927363777,1.1124145601179078,1,0,1,0,2.716744913928116,2.4976525821597537,0.026881720430103354,0.05376344086020671,0.9731182795698966,0.14477794760863572,0.19245876258158864,0.7206131829291935,0.003050896843692863,0.003549717480215042,0.0026899913474802695,17,4,2.9114936532776095,-0.786298035124445,-3.1938793253347075,5.319074943487872,9.016866631889927,0,0,0,0,1.037037037037013,3.89254042775171,-1,0.0
2025-09-02 10:00:00,1.17031,1.17066,1.16428,1.16458,6362,1.1697981728885816,1.169454427290213,0.001233571428571437,35.7551966708483,23.7455197132619,-3.85800704369466,-4.230134362486518,-3.95147551030585,5.8918365629208616,-0.27160140873893135,0,1,0,1,5.1719745222930005,4.645049218297605,0.05485893416928991,0.04702194357366215,0.04702194357366215,-0.7090593069642229,-0.15932578278164913,0.2786588521806678,-0.0048961386299356535,-0.004079189293197172,-0.004496341380017865,10,1,-5.2719552209997484,-7.341825902335264,-9.406292221578664,-3.207488901756349,-1.1376182204208332,0,0,0,0,-4.928778228141321,-4.255935147654845,1,0.0
2025-09-02 11:00:00,1.16465,1.16559,1.16337,1.16452,5656,1.1692954897563357,1.1692609203376558,0.0013657142857142876,38.65399742704495,21.44821264894604,-2.79044639775567,-3.49669752032947,-3.471385184476021,7.027114595947681,-0.05808927955112923,0,1,0,1,1.6255230125522175,0.09518828451880158,0.42342342342341804,0.5180180180180369,0.5180180180180369,-0.9288295237950901,-0.28212554061361633,0.025312335853448713,-5.15207199160983e-05,-0.0041986266813746065,-0.004283772113584106,11,1,-4.805788005578736,-6.675383542538179,-8.540097629009606,-2.941073919107308,-1.071478382147865,0,0,0,0,-4.495815899581609,-3.8880753138074717,1,0.0
2025-09-04 17:00:00,1.16389,1.16517,1.16317,1.16347,5704,1.1650241415108467,1.165486800920014,0.0013942857142857288,31.156011898271508,34.52685421994991,-2.5883381585036656,-1.1146506737629558,-1.446476069682233,2.536796068937542,-0.017667631700754062,0,1,0,1,1.434426229508183,0.30122950819678057,0.6399999999999734,0.14999999999998334,0.14999999999998334,-0.2638990147333794,-0.1576705913789328,-0.3318253959192771,-0.001261867563994823,-0.0007128746886539972,-0.0007386222119158958,17,3,-1.1164617486338566,-4.1478825136611,-6.438183060109199,1.1738387978142413,4.205259562841485,0,0,0,0,-1.807377049180365,0.33709016393440155,1,1.0
2025-09-05 04:00:00,1.16596,1.16721,1.16594,1.16706,2117,1.1652034824774498,1.165364649862332,0.0012978571428571442,43.32926363599608,66.995073891625,2.609836573249136,1.4304482837481098,1.3062686806467578,3.15452753066816,1.0219673146498092,1,0,1,0,0.9785360484315598,0.8475509080901644,0.11811023622053715,0.015748031496164865,0.8818897637794628,0.30014031429839827,0.06360532910245158,-0.12417960310135194,0.0009520133796474539,0.0018628368343791557,0.0016994541147388187,4,4,1.5820950284350763,0.035956705191601296,-1.453678224179162,3.0717299578058395,4.617868281049314,1,0,0,0,0.8244358833240861,2.8970831040175975,-1,0.0
2025-09-05 15:00:00,1.16873,1.17497,1.16862,1.17343,8614,1.1676041701289888,1.166483402867552,0.0013907142857142926,35.32966866864924,85.0,2.9693185097048116,4.1890918435622275,4.994985097805456,7.8878091012923415,1.0938637019409558,1,0,1,0,4.565998972778667,3.3795582948124623,0.24251968503938237,0.017322834645677663,0.7574803149606176,1.0716855514718462,0.5236245761212701,0.8058932542432291,0.00402145919074548,0.003952738255148525,0.0048468448410217135,15,4,6.056839582263205,4.6139359698680416,3.223763054271397,7.447012497859848,8.889916110255012,0,0,0,0,4.285567539804782,4.069851052901879,-1,0.0
2025-09-08 16:00:00,1.17378,1.17564,1.17364,1.17511,4045,1.172294710134941,1.1703191884950424,0.001147857142857129,40.395337398831785,78.33089311859334,2.7041903883051304,2.4526482956333275,4.173700128774691,4.820355377766801,1.0408380776610116,1,0,1,0,1.7423771001867057,1.1586807716242047,0.2649999999999595,0.07000000000001444,0.7350000000000405,0.6737091814131126,0.5950382242286695,1.7210518331413633,0.0011416205900645071,0.0021490887693056404,0.0016792539679832963,16,0,4.164281269446422,-1.9601742377097295,-6.864965774735323,9.069072806472015,15.193528313628168,0,0,0,0,-0.4617299315494064,2.69197261978849,-1,0.0
2025-09-10 17:00:00,1.17201,1.17306,1.1715,1.17278,4871,1.1712763205792454,1.1719280754666146,0.0017107142857142957,30.258691045729467,64.54976303317422,2.6094669290982746,0.8789775319650925,0.497993464191845,2.305640522215728,1.0218933858196277,1,0,1,0,0.9118997912317309,0.4501043841335725,0.179487179487216,0.3269230769230824,0.8205128205127841,-0.026243050670310197,-0.10450628712035569,-0.38098406777324756,0.0006569909813056718,0.0019821266852346753,0.0012379090435659101,17,2,-0.19679888656923164,-1.8023660403618507,-4.662769659011848,2.663604732080765,4.2691718858733845,0,0,0,0,-0.16367432150316447,2.1394572025052048,-1,1.0
2025-09-15 13:00:00,1.17461,1.17628,1.1746,1.1752799999999999,2651,1.1733085325685557,1.172723529157165,0.0009749999999999799,16.382437288869873,71.17647058823427,2.5235184161352673,2.022017878404311,2.622021377266665,4.260433362617365,1.004703683227052,1,0,1,0,1.72307692307686,0.6871794871794484,0.5952380952381959,0.005952380952288119,0.40476190476180407,0.48218711303828954,0.2787094520228845,0.600003498862354,0.0005533657407010839,0.0016448629991048236,0.0020975085690897455,13,0,2.6735042735043075,0.05470085470098645,-2.105982905982854,4.8341880341881485,7.452991452991469,1,0,0,0,1.7538461538460652,3.7641025641024775,-1,0.0
2025-09-15 14:00:00,1.1753,1.17633,1.17527,1.17611,2451,1.1735753389905978,1.1728563319353154,0.0009992857142857106,17.605146653204248,76.63230240549552,2.812959209531154,2.5364727756704846,3.255993774523591,4.78663804948405,1.0625918419062397,1,0,1,0,1.0607576840601078,0.8105789849892584,0.20754716981141166,0.02830188679242714,0.7924528301885884,0.76971723941071,0.4029416207453023,0.7195209988531066,0.0007062146892655718,0.002036260777698251,0.003078891257995764,14,0,3.4391231832262146,0.8839647367169416,-1.2242077674527456,5.547295687395902,8.102454133905175,0,0,0,0,2.541815582558967,4.5032165832737325,-1,0.0
2025-09-15 15:00:00,1.17612,1.17708,1.17612,1.17696,3316,1.17389768765816,1.1730172600947149,0.0010171428571428434,19.956637025430584,81.566820276497,2.717180495827173,3.010700336078759,3.8762892327242198,6.02078168414692,1.0434360991654503,1,0,1,0,0.9438202247189662,0.8258426966291773,0.12499999999991326,0.0,0.8750000000000867,1.0221995031024027,0.5195259286698273,0.8655888966454607,0.0007227215141440979,0.0019836033474369685,0.0030766608428856035,15,0,4.214419475655591,1.7041198501875379,-0.36704119850166256,6.285580524344791,8.795880149812845,0,0,0,0,3.332865168539375,5.259831460674195,-1,0.0
2025-09-16 12:00:00,1.1795,1.18181,1.1795,1.18142,3666,1.1775633262337644,1.1756297830591125,0.001031428571428572,35.078237987103016,83.98876404494237,2.774774797817162,3.7391573910870983,5.613783737702499,7.033587199209038,1.0549549595634222,1,0,1,0,2.2396121883656828,1.8614958448752694,0.16883116883121502,0.0,0.8311688311687849,1.2471264955261527,0.819696836494334,1.874626346615401,0.0016278083933869425,0.002273614198211593,0.0031672171793935,12,1,6.1791320406278905,2.8471837488459357,0.5170821791321987,8.509233610341628,11.841181902123582,0,0,0,0,2.6371191135732444,3.936288088642611,-1,0.0
2025-09-16 17:00:00,1.1824,1.18532,1.18213,1.18519,5285,1.1794136428614517,1.176810173852287,0.0016135714285714523,48.494846224988315,85.25490196078503,2.551921399512523,3.5798583417297443,5.193340684726909,7.79863560631205,1.010384279902499,1,0,1,0,1.976980965028761,1.7290836653386636,0.0407523510971669,0.08463949843259883,0.9592476489028331,1.1467212389385548,0.7315392255175743,1.613482342997165,0.0023511303185865806,0.0031910751468571252,0.0031910751468571252,17,1,6.28626235797545,4.156411391471211,2.6669617824997247,7.775711966946937,9.905562933451176,0,0,0,0,4.022133687472202,3.922974767596191,-1,0.0
2025-09-17 22:00:00,1.18347,1.18569,1.1820599999999999,1.18244,7914,1.1843123785666654,1.1824079341219103,0.001949285714285717,44.338612044855736,31.982942430703517,-2.5697832501750195,-0.9605459850976984,0.016450065711086426,2.303741865648322,-0.013956650034982176,0,1,0,1,1.8622205936240468,0.5283986808355144,0.61157024793385,0.1046831955922988,0.1046831955922988,-0.10510069918207537,0.1890057519336808,0.9769960508087848,-0.0008449942540391664,-0.0024297236189383398,-0.0021350751495819997,22,2,-0.5095883718089997,-4.451203126908507,-6.716990350555784,1.756198851838278,5.697813606937785,0,0,0,0,-4.847929644558418,-0.42579699523640535,1,0.0
2025-09-17 23:00:00,1.18246,1.18274,1.1808,1.18131,2168,1.1840264377507925,1.1823648778818352,0.0020335714285714124,44.86381997775585,29.154518950438046,-2.803791768079118,-1.3357965757321575,-0.5187316594904011,2.8162599744713037,-0.060758353615816815,0,1,0,1,0.953986652616714,0.5655075518089185,0.1443298969071445,0.26288659793817265,0.26288659793817265,-0.23914189294146906,0.11312932191646803,0.8170649162417563,-0.000955651026690485,-0.003055032786746903,-0.0026678598867002634,23,2,-1.0441400304413702,-4.822386137454597,-6.9942629668657235,1.127736798969757,4.905982905982984,0,0,0,0,-5.202669476642028,0.2507903055848333,1,0.0
2025-09-19 14:00:00,1.17612,1.1762299999999999,1.17351,1.17368,3073,1.177457955049196,1.179213235430551,0.001333571428571426,46.0004952588975,18.005181347150412,-2.8914424671274044,-2.8329604011109946,-4.1491856469047645,5.096026962650411,-0.0782884934254662,0,1,0,1,2.0396357793249997,1.8296732726298894,0.04044117647052911,0.06250000000000511,0.06250000000000511,-0.8822014776407346,-0.5786636382228489,-1.3162252457937693,-0.002074618236234449,-0.002057648159169978,-0.002524115072451427,14,4,-4.344224245670246,-7.691126584538259,-11.700410640956889,-0.33494018925161667,3.011962149616397,0,0,0,0,-3.1269416175683027,-1.0798071772896862,1,0.0
2025-09-22 12:00:00,1.17624,1.17761,1.17616,1.1776,2430,1.1749554578498744,1.1764801332871193,0.00108785714285718,39.75011768454431,69.50549450549491,2.6163727456463275,2.4309645503451374,1.0294244241844268,5.4185526145210305,1.0232745491292528,1,0,1,0,1.3328956007878283,1.2501641497045133,0.006896551724183343,0.055172413793007344,0.9931034482758166,0.3656455210061957,-0.2089568772496204,-1.4015401261607106,0.001147715196599286,0.0027845665187808954,0.003853104647594252,12,0,1.918144014007491,-0.5025169621359398,-3.955789012912968,5.371416064784519,7.79207704092795,0,0,0,0,2.5830597504923416,4.559422193039966,-1,0.0
2025-09-24 11:00:00,1.17888,1.17888,1.17664,1.17721,3202,1.1797387851631482,1.1793754498555953,0.0010214285714285859,16.11431069198738,21.459854014599685,-2.6632468486743934,-2.4757337261589827,-2.120020837645612,5.523254525621951,-0.03264936973489276,0,1,0,1,2.1930069930069815,1.6349650349648535,0.0,0.25446428571436447,0.25446428571436447,-0.5681803468782761,-0.09635918201838892,0.35571288851337035,-0.00141659880564593,-0.0021868298595513203,-0.002144540322443822,11,2,-3.1100233100229886,-5.691375291374671,-7.2512820512816285,-1.5501165501160314,1.0312354312356509,0,0,0,0,-3.2111888111887166,-3.191608391608169,1,0.0
2025-09-24 13:00:00,1.17676,1.177,1.17509,1.1752,2413,1.1790515678999922,1.1791139158413242,0.0011228571428571715,26.27813857242001,11.872705018359127,-2.6601829524728666,-3.4301495292550452,-3.4856756856575664,7.766139214535548,-0.032036590494566454,0,1,0,1,1.7010178117048609,1.3893129770992063,0.12565445026178437,0.057591623036675386,0.057591623036675386,-1.0832997819969634,-0.3596704600592339,-0.055526156402520815,-0.001342646883869425,-0.0031216069489684584,-0.0038905228896668476,13,2,-4.619168787107408,-6.967345207802614,-8.386344359626356,-3.2001696352836655,-0.8519932145884596,0,0,0,0,-4.711195928753075,-4.693384223918354,1,0.0
2025-09-25 15:00:00,1.17402,1.17456,1.16875,1.16982,6111,1.1742529222203062,1.175822425644694,0.0013564285714286076,23.76477777403403,28.086710650330275,-3.7744585985716155,-3.2680837853756675,-4.425168985029686,4.155449163672214,-0.254891719714338,0,1,0,1,4.2833070036861045,3.0963665086886873,0.09294320137693224,0.18416523235802226,0.18416523235802226,-0.475892836678409,-0.3988386599574461,-1.1570851996540188,-0.0035774518321664006,-0.003984674329501892,-0.002991485771266289,15,3,-4.676496401614622,-7.141302439880252,-11.377918202562341,-0.4398806389325314,2.0249253993330982,0,0,0,0,-4.113744075829214,-2.3886255924169313,1,0.0
2025-09-25 16:00:00,1.16982,1.17104,1.16831,1.1686,6094,1.1737145486755152,1.175539193266471,0.0015221428571429005,24.180546566022713,25.73402417962005,-3.1327759369373185,-3.360097675138862,-4.558831803406345,5.470236370528802,-0.12655518738747248,0,1,0,1,1.793524167057748,0.8015016424213749,0.44688644688642665,0.10622710622714675,0.10622710622714675,-0.73908268955303,-0.48781605016232615,-1.198734128267483,-0.001042895488194806,-0.005158939608056801,-0.004837006506114294,16,3,-4.96887220397283,-7.165337087439006,-10.940716408571468,-1.1934928828403686,1.0029720006258078,0,0,0,0,-4.467386203660072,-2.9300797747534935,1,0.0
2025-09-25 17:00:00,1.16859,1.16947,1.16737,1.16763,5763,1.1731350678492756,1.1752290288246487,0.0016171428571428884,26.50819227678958,20.448877805487,-2.717040491754424,-3.404193899728677,-4.699046092980617,6.696302648749855,-0.0434080983508914,0,1,0,1,1.2985865724381318,0.5936395759717644,0.41904761904761706,0.12380952380948958,0.12380952380948958,-1.0340046907562956,-0.6077501571215239,-1.2948521932519395,-0.0008300530549376628,-0.005442837430367553,-0.005849297573435663,17,3,-5.276796230859701,-7.344228504122274,-10.897820965841952,-1.7232037691400242,0.34422850412254863,0,0,0,0,-4.804770318021142,-3.3577738515900695,1,0.0
2025-09-30 11:00:00,1.17432,1.1761300000000001,1.17432,1.17556,3409,1.173033637666629,1.1722507369952315,0.0010242857142857315,21.629014114209223,67.53623188405723,2.848131492856296,2.4664625290928783,3.2308007020053715,4.391902869388224,1.0696262985712581,1,0,1,0,1.7670850767085653,1.2105997210598618,0.31491712707190794,0.0,0.6850828729280921,0.6561751757272315,0.37650915837717164,0.7643381729124932,0.0011582353943111467,0.0018920347043480668,0.002720983989696002,11,1,2.9516503951648168,-0.05206880520722076,-2.9060901906091487,5.805671780566745,8.809390980938781,1,0,0,0,-0.5564853556487034,4.237099023709842,-1,1.0
2025-10-01 09:00:00,1.17525,1.17746,1.17506,1.17678,3734,1.1743286502188002,1.1734738024424523,0.001102142857142861,19.868919722591155,57.81466113416236,2.5377301794919997,2.224167008217535,2.999790395701065,4.5540821674872864,1.0075460358983848,1,0,1,0,2.1775761503564026,1.3882047958522594,0.28333333333334415,0.07916666666663158,0.7166666666666559,0.5337702517266724,0.33586232146830275,0.7756233874835302,0.0013103706476973453,0.002547304032237463,0.0024277427103831517,9,2,2.91553251242164,0.7863469431841837,-1.5575718297689738,5.259451285374798,7.388636854612254,0,0,0,0,2.286454957874132,3.465975372650609,-1,0.0
2025-10-02 18:00:00,1.17131,1.17133,1.16831,1.16967,4330,1.1733654957356778,1.1735079530409052,0.0013678571428571587,23.23043211457148,24.700239808152844,-2.7711766422027995,-2.701667900756618,-2.805814233559885,5.133787445060484,-0.054235328440566076,0,1,0,1,2.2078328981723145,1.1989556135770723,0.006622516556261202,0.4503311258278204,0.4503311258278204,-0.5773844565510248,-0.19446894396127998,-0.1041463328032674,-0.0014257175542541356,-0.0034760383386581717,-0.004697112807290682,18,3,-3.2727589208008334,-5.171105308964531,-7.893124456048735,-0.5507397737166301,1.3476066144470678,0,0,0,0,-4.50339425587458,0.9942558746736381,1,1.0
2025-10-06 09:00:00,1.17174,1.17196,1.169,1.16937,3675,1.1723322671874707,1.1727704026561692,0.0012142857142856916,32.38788366402785,24.642464246424737,-2.6102637948657024,-2.439514154387701,-2.8003315991981705,5.48412004493832,-0.02205275897314115,0,1,0,1,2.437647058823453,1.9517647058823755,0.07432432432428986,0.125,0.125,-0.44478816614445604,-0.2148447869682805,-0.3608174448104699,-0.0020055986071758625,-0.0026269776962769553,-0.002601456815816805,9,0,-3.480784313725501,-5.825098039215739,-7.730196078431507,-1.5756862745097329,0.7686274509805047,0,0,0,0,-3.0635294117647183,-1.045882352941099,1,0.0
2025-10-06 10:00:00,1.16936,1.17121,1.16622,1.16626,5916,1.1717539560267594,1.172515092748084,0.0015021428571428488,33.47527005424496,19.293712316968467,-3.1516730101601627,-3.6574124762068663,-4.164113099057371,6.5791654034343106,-0.13033460203203454,0,1,0,1,3.321921065145083,2.0637184973846203,0.37074148296595405,0.008016032064136192,0.008016032064136192,-0.733615419388789,-0.334988958392383,-0.5067006228505044,-0.0026595517244327738,-0.004914591901162058,-0.005491600579858424,10,0,-4.8841337771437106,-6.779204311301272,-8.319226501822795,-3.344111586622187,-1.4490410524646258,0,0,0,0,-4.546837850689444,-2.9158345221111714,1,1.0
2025-10-07 10:00:00,1.16868,1.16881,1.16703,1.16765,2993,1.1699500991896388,1.1708469370913344,0.000979999999999965,37.44451564109789,19.71326164874442,-2.543525852664074,-2.347039989427322,-3.2621807054432637,5.337681391374623,-0.008705170532822574,0,1,0,1,1.8163265306122003,1.0510204081631644,0.07303370786515243,0.3483146067416305,0.3483146067416305,-0.6233124539926826,-0.39746795886424313,-0.9151407160159416,-0.0008898852561414206,-0.0018635186309120533,-0.0021620605376949653,10,1,-2.224489795918519,-6.959183673469911,-10.285714285714743,1.1020408163263127,5.836734693877705,0,0,0,0,-3.15306122448972,-2.040816326530687,1,0.0
2025-10-07 11:00:00,1.16764,1.16827,1.16651,1.1666,2491,1.1696310421239589,1.170680390538733,0.001062142857142821,42.70871472467943,13.593749999999403,-2.756023435732708,-2.8537047569216036,-3.8416588797756446,6.141344477657001,-0.051204687146534505,0,1,0,1,1.657027572293249,0.9791526563550447,0.35795454545449673,0.05113636363644679,0.05113636363644679,-0.8547894146308406,-0.4900638993965634,-0.9879541228540408,-0.0008992420674003299,-0.002223742730071754,-0.0031871352524501795,11,1,-3.0410221923337235,-7.40954942837979,-10.47881640887737,0.02824478816385666,4.396772024209923,0,0,1,0,-3.8977807666442046,-2.87155346334912,1,0.0
2025-10-08 04:00:00,1.16473,1.16473,1.16261,1.16267,3823,1.1662702199969648,1.1682651324156628,0.001161428571428583,47.441448318190275,29.808773903263358,-2.812015488331277,-3.0998204155907256,-4.817457184457359,5.417251397497752,-0.06240309766624708,0,1,0,1,1.8253382533826206,1.7736777367773078,0.0,0.02830188679253188,0.02830188679253188,-0.8753257538284714,-0.6617935506311002,-1.7176367688666327,-0.0017772206672733715,-0.002787498284616441,-0.0026249646144475003,4,2,-4.009430094300787,-6.219352193521704,-9.804018040180104,-0.4247642476423872,1.785157851578531,0,0,0,0,-2.9876998769986214,-1.5412054120540692,1,0.0
2025-10-08 05:00:00,1.16268,1.1627399999999999,1.16171,1.16241,2502,1.1659025799972538,1.1680355193797545,0.0011435714285714343,45.4314039021307,25.373134328359356,-2.518026446854803,-3.0540986859183876,-4.919254922958339,6.0504390414880405,-0.003605289370951858,0,1,0,1,0.9006870705807638,0.23610243597750627,0.05825242718442416,0.6796116504854516,0.6796116504854516,-1.0749922321995067,-0.757219621963964,-1.8651562370399515,-0.00022362321208957425,-0.0024543667991110407,-0.0027881200350016178,5,2,-4.2993962107016355,-6.54382677493226,-10.184468040807705,-0.6587549448261909,1.585675619404434,0,0,0,0,-3.2617114303560206,-1.7926296064960248,1,0.0
2025-10-09 17:00:00,1.16027,1.16029,1.15766,1.15811,6622,1.161889958249585,1.1635281526135581,0.0014849999999999902,19.531457608230937,23.933209647495588,-2.6760123393257533,-2.5454264306969807,-3.6485876185577064,5.477646325779661,-0.035202467865156774,0,1,0,1,1.7710437710438718,1.4545454545454235,0.0076045627376920225,0.17110266159697293,0.17110266159697293,-0.6416250705054137,-0.44742339316768176,-1.1031611878607255,-0.0018616356537701773,-0.0026868062313236685,-0.003844896695281208,17,3,-3.2547699214366994,-5.33782267115617,-7.4904601571269005,-1.1021324354659687,0.9809203142535011,0,0,0,0,-2.8552188552188884,-1.4882154882155285,1,0.0
2025-10-09 18:00:00,1.15809,1.15819,1.15472,1.1559,5779,1.1613194860353389,1.1632290093738107,0.0016692857142857065,24.11485742160329,18.03149606299145,-2.843451537190642,-3.2465898371735276,-4.390506257310701,6.550570658951174,-0.06869030743811884,0,1,0,1,2.0787334189131967,1.3119383825418078,0.02881844380403071,0.34005763688758794,0.34005763688758794,-0.8564670193783668,-0.5224350682993041,-1.1439164201371737,-0.0019082815967395028,-0.004829919673528527,-0.00512970581653549,18,3,-4.219369562116801,-6.072457566681101,-7.987448295535676,-2.304378833262226,-0.4512908286979259,0,0,0,0,-3.8639281129653984,0.7068891741548781,1,0.0
2025-10-10 18:00:00,1.15787,1.16309,1.15782,1.16125,9816,1.1578336975509127,1.1594888413007243,0.0015278571428571283,23.125187447513078,75.30612244897875,3.7195631608023016,2.2360090830865436,1.1526985409003716,3.5514055947650136,1.2439126321604506,1,0,1,0,3.4492753623187986,2.212248714352482,0.3491461100569457,0.009487666034133691,0.6508538899430544,0.11086586630731245,-0.22177462525038774,-1.0833105421861722,0.0029191532728198855,0.0034998271690285243,0.003534515538041294,18,4,1.8042699080566444,-0.999220819697839,-5.146641732897186,5.951690821255992,8.755181549010475,0,0,0,0,-1.2043010752688703,3.4689107059372954,-1,0.0
2025-10-13 14:00:00,1.1583700000000001,1.15943,1.15656,1.15685,4196,1.1598021596031918,1.1600176440881036,0.0014992857142857188,37.97726101684342,28.28485456369046,-2.6068057041612254,-1.9690440421479576,-2.112768805786142,4.840921793260135,-0.021361140832232287,0,1,0,1,1.9142448785135242,1.013816102906268,0.36933797909402977,0.10104529616721558,0.10104529616721558,-0.5603506230240674,-0.21118350832368177,-0.14372476363818407,-0.0013121886789196902,-0.0014759701698661143,-0.003926262043550621,14,0,-2.2210576464983625,-5.64935683658882,-7.59028108623148,-0.2801333968557027,3.1481657932347544,0,0,1,0,-4.095283468318257,-1.5607432110528834,1,0.0
2025-10-16 20:00:00,1.16771,1.16937,1.16769,1.16882,4071,1.1660197984174259,1.1640355135279128,0.0013285714285714884,33.40876001756451,63.66492146596835,2.5654604774114196,2.107678610539552,3.60122637683965,3.929999371765196,1.0130920954822782,1,0,1,0,1.264516129032296,0.8354838709676624,0.3273809523809579,0.011904761904839004,0.6726190476190421,0.6803494336406298,0.5503287181416165,1.4935477663000984,0.000950578482671105,0.000950578482671105,0.002366945097164619,20,3,4.272759856630713,1.8691756272402713,0.6372759856632175,5.504659498207767,7.908243727598208,0,0,0,0,1.8290322580643827,3.146236559139698,-1,0.0
2025-10-22 13:00:00,1.15946,1.1597,1.15828,1.15858,2398,1.1605321214242272,1.162095429299466,0.000850714285714292,34.20506819462803,36.89320388349548,-2.6483580687966297,-2.2946851334325697,-4.132326632453863,3.9547339767538263,-0.029671613759343855,0,1,0,1,1.6691855583542845,1.0344248530646345,0.16901408450705768,0.211267605633783,0.211267605633783,-0.659892716127072,-0.6153483631301228,-1.8376414990212924,-0.000784827812227773,-0.001293014274877602,-0.0023937452641730195,13,2,-3.718443884690534,-6.038063252168623,-10.489224741113643,0.7327176042544858,3.052336971732575,0,0,0,0,-3.514693534844699,-0.19983207388749213,1,0.0
2025-10-22 14:00:00,1.15857,1.15892,1.15824,1.15827,2830,1.1603166812885866,1.1619454124641928,0.0007814285714285678,31.44475539589471,30.332681017611662,-2.5209805691075333,-2.6191533857598923,-4.703452879223105,4.898561092546733,-0.004196113821535638,0,1,0,1,0.8702010968921609,0.3839122486291285,0.5147058823527106,0.04411764705878511,0.04411764705878511,-0.9766132268320475,-0.7781323282777104,-2.084299493463213,-0.00026756892057522297,-0.001293359890323087,-0.0023084542831302013,14,2,-4.444850700792072,-6.970140158439638,-11.815965874466679,0.40097501523496853,2.9262644728825347,0,0,0,0,-4.223034734917856,-0.6142595978062646,1,1.0
2025-10-24 15:00:00,1.16154,1.16477,1.16088,1.16342,5975,1.1613483571552792,1.1611541749685261,0.0011085714285714587,28.207770162709043,63.27868852459077,3.1852972474758827,1.8687499887944152,2.0439143325149405,2.7873517366295233,1.1370594494951611,1,0,1,0,3.50902061855676,1.695876288659641,0.347043701799518,0.16966580976865706,0.652956298200482,0.2616109029784515,0.1152605466690181,0.17516434372052522,0.0016444111544453577,0.0019204436827737759,0.001385768757369954,15,4,2.3694158075599723,0.3457903780067252,-0.7607388316152762,3.4759450171819735,5.499570446735221,0,0,0,0,-1.2177835051547723,3.003865979381211,-1,0.0
2025-10-29 21:00:00,1.16451,1.16509,1.15841,1.15944,9447,1.1640783604423737,1.1642528725092816,0.0018049999999999772,28.184746138305922,37.010443864229806,-3.0374393633843706,-2.5697287769383403,-2.6664113624828754,4.180971029897152,-0.10748787267689026,0,1,0,1,3.7008310249308054,2.808864265927962,0.08682634730539271,0.15419161676647955,0.15419161676647955,-0.043706934571287256,-0.015850514572275497,-0.09668258554453511,-0.004396510269973231,-0.0059415108413281015,-0.003635051174301962,21,2,-3.015697137580783,-4.297322253000837,-5.3979686057248415,-1.9150507848567784,-0.633425669436725,0,0,0,0,-3.9722991689750633,-1.8282548476453742,1,0.0
2025-10-31 15:00:00,1.15667,1.15667,1.15533,1.1556,3125,1.1571578421183453,1.1589783062433472,0.0009864285714285945,25.74405102358317,40.47244094488077,-2.6670883185889878,-1.5792751380763088,-3.4247854747907387,2.2435355502322234,-0.033417663717800306,0,1,0,1,1.3584359160029853,1.0847212165098783,0.0,0.20149253731340935,0.20149253731340935,-0.28135821709170217,-0.49373539630605073,-1.8455103367144299,-0.0009337068160597539,-0.0017535827509652657,-0.0007695699919584298,15,4,-2.7506637702147683,-6.423847453535926,-11.935312575428236,2.7608013516775425,6.4339850349987,0,0,0,0,-2.11875452570611,0.09123823316429393,1,0.0
2025-10-31 16:00:00,1.1555900000000001,1.15563,1.153,1.15389,3893,1.1568466190594553,1.1587787648220393,0.0011214285714285907,24.151836201467233,28.701298701299137,-3.510704909502432,-2.636475594418615,-4.359408121563597,3.495677737086715,-0.20214098190050953,0,1,0,1,2.3452229299361855,1.5159235668789859,0.015209125475216472,0.3384030418251284,0.3384030418251284,-0.4914333714972793,-0.5274207634899044,-1.7229325271449811,-0.0014797507788161246,-0.0027741768213637163,-0.0027224642190416537,16,4,-3.944373673035928,-7.175371549893603,-12.023354564755595,0.9036093418260644,4.1346072186837395,0,0,0,0,-3.3885350318470984,-1.4445859872610813,1,0.0
2025-10-31 17:00:00,1.15388,1.15428,1.15221,1.1534200000000001,4041,1.1565202743871263,1.1585686171819596,0.0012200000000000147,24.186355947932707,25.12562814070364,-2.8726752152030373,-2.541208514037866,-4.2201780179995145,4.357051356304408,-0.07453504304060274,0,1,0,1,1.6967213114754027,0.3770491803277864,0.19323671497582262,0.5845410628020028,0.5845410628020028,-0.7373552322894935,-0.601121358948276,-1.6789695039616483,-0.00040731785525482955,-0.0028184113151431545,-0.003636740582051101,17,4,-4.010928961748472,-6.9808743169396745,-11.437158469945159,0.4453551912570128,3.4153005464482162,0,0,0,0,-3.4999999999999547,0.99180327868864,1,0.0
2025-11-04 13:00:00,1.1503700000000001,1.15057,1.14894,1.14901,2099,1.1513394280964664,1.1529078532335848,0.0010628571428571748,17.49088827484768,32.685297691372355,-2.5403031756323973,-2.1916662197934973,-3.6673350315984106,4.636146525701028,-0.008060635126465014,0,1,0,1,1.5336021505376074,1.279569892473106,0.12269938650305244,0.042944785276081976,0.042944785276081976,-0.4766230677041676,-0.4685618216737012,-1.4756688118049133,-0.001199593181442804,-0.002075733889178255,-0.002889772115868383,13,1,-2.973118279569643,-4.534946236558838,-6.388440860214722,-1.119623655913759,0.4422043010754366,0,0,0,0,-4.092741935483611,-1.6370967741933606,1,0.0
2025-11-05 15:00:00,1.14909,1.14936,1.14729,1.14736,3096,1.1487854417731245,1.1501250841130821,0.0009121428571428851,20.21999419282996,37.83783783783659,-2.5963137753304015,-1.5627396103165931,-3.0314156290641647,2.5293375016385107,-0.019262755066088783,0,1,0,1,2.2693813625684682,1.8966327329678456,0.13043478260869099,0.03381642512077968,0.03381642512077968,-0.28840265077706184,-0.4187473276856376,-1.4686760187475716,-0.0015142285266731559,-0.0008447049193177625,-0.0013317201820888247,15,2,-2.4922996606629533,-5.028452101278721,-9.114069433567803,1.593317671626129,4.129470112241896,0,0,0,0,-2.1926389976506786,-0.27407987470642614,1,1.0
2025-11-06 03:00:00,1.1501000000000001,1.1509,1.1501000000000001,1.15073,1278,1.149086648593344,1.1497187742976784,0.001112142857142879,23.59391410810961,62.227912932138636,2.560933567760492,1.477644167834576,0.9092588203276841,3.3934618313068463,1.012186713552083,1,0,1,0,0.7193320488117242,0.5664739884392128,0.21250000000002775,0.0,0.7874999999999722,0.44154280147024444,0.015229163573518126,-0.568385347506892,0.0005651780745687951,0.001348787831323195,0.0016538565322981036,3,3,1.8792549775207692,0.28773281952460983,-0.7642903018625569,2.931278098907936,4.5228002569040955,1,0,0,0,-0.15285806037251137,2.7334617854849914,-1,0.0
2025-11-07 15:00:00,1.1556,1.15698,1.15558,1.15676,3343,1.1542123320950244,1.1528365392180195,0.0008671428571428283,25.1712398910424,64.97622820919125,2.574269095864691,2.9380025263311325,4.524584097835948,5.379079973910405,1.0148538191729144,1,0,1,0,1.6144975288301888,1.3377265238880758,0.1571428571427937,0.014285714285650845,0.8428571428572063,0.9830591028770623,0.6671665375605662,1.5865815715048157,0.0010297948198725315,0.0015151383970701815,0.002826181187689736,15,4,4.8588687534324215,-0.7419000549149017,-3.8478857770458212,7.964854475563341,13.565623283910664,0,0,0,0,1.8566721581550503,4.382207578253882,-1,0.0
2025-11-07 16:00:00,1.15676,1.15789,1.15655,1.15738,3401,1.1545140147526411,1.1530147141506464,0.0008807142857142665,28.224989328459195,78.40531561461711,2.5084498679254095,3.254160053773386,4.956528944927256,6.536220975992561,1.0016899735850704,1,0,1,0,1.521492295215091,0.7039740470398296,0.38059701492534714,0.1567164179104663,0.6194029850746529,1.2596161613936285,0.7891968998509277,1.7023688911538701,0.0005359798056641107,0.0013496911283763513,0.003076709740603256,16,4,5.487969721546635,-0.02649364693152516,-3.0846174641796136,8.546093538794723,14.060556907272884,1,0,0,0,2.5320356853206123,5.018653690186749,-1,0.0
2025-11-11 16:00:00,1.16011,1.1605,1.15934,1.16006,3008,1.1568668304169705,1.155938592150801,0.0011221428571428652,26.616947212451116,77.85467128027904,2.6073716924907235,2.8455998830308316,3.672801393302819,6.257169896756714,1.0214743384981317,1,0,1,0,1.0337364735837418,0.0445576066198831,0.33620689655180663,0.6206896551724336,0.6206896551724336,0.9504894697599006,0.4868861193808052,0.8272015102719873,-3.4479786225172226e-05,0.0024801458706005253,0.0030956004427229455,16,1,3.579461065139052,1.8654784638236044,-0.15446636961577945,5.599405898578436,7.313388499893883,0,1,0,0,-0.44557606619982043,4.535964353914706,-1,1.0
2025-11-12 17:00:00,1.15755,1.1595900000000001,1.15729,1.15941,3350,1.1578426078062973,1.1572618720849932,0.0010300000000000229,41.79219145870917,63.262411347517585,2.5742134109244295,1.5217399938861034,2.085561082530874,2.8776817644003687,1.0148426821848626,1,0,1,0,2.233009708738,1.80582524271838,0.07826086956524089,0.11304347826092496,0.9217391304347591,0.10072739114404428,0.15040298727747312,0.5638210886447704,0.00159818929472344,0.0014857172472768632,0.002065651414841607,17,2,1.5922330097087858,-1.533980582524155,-4.242718446601833,4.300970873786464,7.427184466019405,0,0,0,0,1.3398058252426275,3.0097087378641105,-1,0.0
2025-11-13 09:00:00,1.15857,1.16124,1.15831,1.16115,2467,1.158826395794474,1.1580958638719572,0.0008742857142856846,18.369247696022992,61.960784313724886,2.843817806447414,2.6577172285427966,3.493292956911736,4.730907809487505,1.0687635612894697,1,0,1,0,3.351307189542711,2.9509803921567395,0.03071672354953668,0.08873720136523557,0.9692832764504633,0.32660750940461514,0.2832459585982836,0.8355757283689396,0.002226883140422853,0.0018464033960015058,0.0018982699857630347,9,3,3.107298474945678,0.6786492374729184,-0.8616557734205661,4.647603485839163,7.076252723311923,0,0,0,0,2.09313725490203,3.568627450980273,-1,0.0
2025-11-13 10:00:00,1.16115,1.16294,1.16102,1.1628,2900,1.1592048342902386,1.1582803397985473,0.0009728571428571245,20.43892495120922,71.47651006711298,3.1733720326453443,3.6954713609883783,4.645759384753312,6.06853184971481,1.1346744065290704,1,0,1,0,1.973568281938511,1.6960352422909364,0.0729166666666763,0.06770833333330924,0.9270833333333237,0.6395211607133185,0.3985482654241452,0.9502880237649338,0.0014210050381089356,0.00397168019340377,0.0032960016566290218,10,3,4.488497307880843,2.305922662751171,0.921683798335902,5.872736172296112,8.055310817425784,0,0,0,0,3.5770925110134373,4.90308370044056,-1,0.0
2025-11-14 12:00:00,1.16215,1.16219,1.16125,1.16136,2390,1.1628886303465078,1.1614691914360031,0.0010564285714285931,21.883782779574517,33.10225303292742,-2.561807826411573,-1.4469793678911091,-0.10335903340396074,4.060794442051913,-0.012361565282312139,0,1,0,1,0.8897903989183239,0.7478025693036329,0.04255319148939688,0.11702127659578238,0.11702127659578238,-0.17557182483194586,0.25265335583220594,1.3436203344871485,-0.0007313652438027951,-0.0016676695607324987,-0.0029361767887498003,12,4,-0.8834798287131892,-5.051611449177363,-8.181654270903598,2.246562993013046,6.41469461347722,0,0,0,0,-3.3225152129817936,-0.6720757268424363,1,1.0
2025-11-19 16:00:00,1.15729,1.15739,1.15549,1.15554,3697,1.1578075225007671,1.1585991086053125,0.0012771428571428972,31.099120117573793,34.30232558139649,-3.0638939726868504,-1.7754650453433238,-2.395275194316156,2.9804267023597837,-0.11277879453737051,0,1,0,1,1.4876957494406793,1.3702460850110787,0.05263157894736227,0.026315789473739568,0.026315789473739568,-0.33154514645346866,-0.240835274198864,-0.6198101489728322,-0.0015121533928400543,-0.002675550645584557,-0.0015466634408508595,16,2,-2.4377330350483697,-3.614839671886401,-5.280014914242755,-0.7725577926920159,0.4045488441460154,0,0,0,0,-2.7796420581654155,-0.7986577181207967,1,0.0
2025-11-19 17:00:00,1.15553,1.15563,1.15404,1.15468,3783,1.1575096632149797,1.158445418071771,0.0013250000000000364,32.881274729917365,33.18335208099056,-2.9233720558385627,-2.1355948792299744,-2.8418249598270906,3.8712079461366264,-0.08467441116770685,0,1,0,1,1.1999999999999522,0.6415094339622597,0.06289308176100014,0.40251572327042884,0.40251572327042884,-0.45014123258424693,-0.28932995130386485,-0.706230080597116,-0.0007442407878568424,-0.0027206066520991667,-0.0019361753621685018,17,2,-2.9987421383647357,-4.13333333333315,-5.738364779873944,-1.3937106918239421,-0.2591194968555281,0,0,0,1,-3.32830188679238,-1.4188679245283413,1,0.0
2025-11-19 18:00:00,1.15467,1.15476,1.15348,1.15397,3034,1.1571725524326006,1.1582699114807211,0.0013492857142857354,33.81269893436804,29.179978700746062,-2.668548188326366,-2.3735168902281174,-3.186805755960588,4.8658098132484575,-0.03370963766528184,0,1,0,1,0.9486500794070403,0.5187930121758537,0.07031249999994307,0.3828124999999214,0.3828124999999214,-0.729567867665709,-0.40870930696575086,-0.8132888657324705,-0.0006148889735684282,-0.002868771008131099,-0.004030587585445167,18,2,-3.4709722957472837,-4.5851420504674705,-6.161284630315649,-1.8948297158991063,-0.7806599611789193,0,0,0,0,-3.7946003176283254,-1.9195341450503296,1,0.0
2025-11-21 13:00:00,1.15199,1.15228,1.15046,1.15061,2428,1.1530169360855094,1.1538867876854026,0.001096428571428538,14.355998061264852,32.2734499205077,-3.066053325715889,-2.195251152907717,-2.988601146295748,3.8633629668522382,-0.11321066514316541,0,1,0,1,1.6599348534201848,1.2586319218242876,0.15934065934061106,0.08241758241751539,0.08241758241751539,-0.31339691783956924,-0.26018383547124535,-0.7933499933880309,-0.001197927065339277,-0.0030326398696831625,-0.0030671923060261452,13,4,-1.8089033659069855,-4.228881650380718,-6.423887079262234,0.38610206297453065,2.806080347448263,0,0,0,0,-4.241042345277042,-0.7387622149837153,1,0.0
2025-11-24 12:00:00,1.15297,1.15422,1.15297,1.15409,2220,1.1520983453694262,1.152598890791821,0.0009235714285714204,33.373075924666104,67.7321156773225,2.636494505768706,2.156470597682428,1.6145033963269328,5.2279454072280505,1.0272989011537246,1,0,1,0,1.3534416086620094,1.212683681361197,0.103999999999973,0.0,0.896000000000027,0.4554716115938009,0.018195809946272283,-0.541967201355495,0.0009627226838282432,0.0025104239054900557,0.001588183222536621,12,0,2.3423562773913,-0.6965712812578173,-4.305748904356669,5.951533900490151,8.990461459139269,0,0,0,0,1.3426140757928826,3.3673627223510927,-1,0.0
2025-11-25 14:00:00,1.15269,1.15565,1.15255,1.1544699999999999,3273,1.1527398668658326,1.15267244508563,0.001034285714285686,23.270338040899503,63.40533672172658,2.6073677222553218,1.6727806545816464,1.7379674586449172,3.6284238998452465,1.0214735444510612,1,0,1,0,2.997237569060955,1.720994475138065,0.38064516129036835,0.045161290322588504,0.6193548387096317,0.4866381437095296,0.17379254825636814,0.06518680406327086,0.0015442139690635681,0.0009276920409224676,0.001900579720206741,14,1,1.9498158379375456,-0.22882136279905121,-2.749079189686976,4.47007366482547,6.648710865562068,1,0,0,0,1.3922651933700936,1.9337016574584036,-1,0.0
2025-11-25 15:00:00,1.15452,1.15623,1.15426,1.15583,4679,1.1530341652595628,1.1527962707685466,0.0011285714285713994,25.752193600865667,71.34831460674141,3.0077504117733507,2.477321921906353,2.688114508882728,4.589093578787669,1.1015500823546858,1,0,1,0,1.7455696202532338,1.1607594936708472,0.20304568527927536,0.13197969543143317,0.7969543147207246,0.6541407055376065,0.256228951152696,0.21079258697637496,0.0011780297452510524,0.0016725886125315004,0.002576201793799804,15,1,2.9919831223630697,0.9953586497892801,-1.314345991561169,5.3016877637135185,7.298312236287308,0,0,0,0,2.4810126582278356,2.9772151898733243,-1,0.0
2025-11-25 16:00:00,1.15584,1.1572,1.15522,1.15667,4446,1.1533804352348427,1.1529481817187999,0.001236428571428551,27.500341280757215,72.98728813559299,2.760403706437237,2.6605376494629938,3.010136102646095,5.509747591049608,1.0520807412874384,1,0,1,0,1.6013864818025276,0.6712882726748532,0.26767676767671444,0.31313131313133125,0.7323232323232856,0.7920911111179141,0.3284199929570504,0.3495984531831013,0.0007267504736856445,0.003452793031951451,0.002835096237211898,16,1,3.410360100135106,1.5879067976125423,-0.5203158097437115,5.51858270749136,7.341036010013923,0,0,0,0,2.9439630271520545,3.396880415944582,-1,0.0
2025-11-28 10:00:00,1.15802,1.15825,1.15664,1.15701,5838,1.1587652499301193,1.1584489863153256,0.0008628571428571334,25.908713590221556,29.795158286778715,-2.8273403172534004,-2.0342300514626923,-1.6676993720659525,4.214846215378346,-0.06546806345069685,0,1,0,1,1.8658940397352488,1.1705298013244645,0.14285714285710346,0.2298136645963838,0.2298136645963838,-0.4476152194132752,-0.05637051518498711,0.36653067939673967,-0.0008721783734304545,-0.001613626950158653,-0.0014843837649840541,10,4,-2.920529801324368,-5.087748344370794,-7.208609271523133,-0.7996688741720289,1.3675496688743969,0,0,0,0,-2.653973509933692,-1.309602649006467,1,0.0
2025-11-28 12:00:00,1.15688,1.15708,1.15552,1.15595,4686,1.158331236337354,1.158290363761283,0.001020000000000005,33.35393428334142,20.69536423841292,-2.5824857368829104,-2.334545428778298,-2.29447427576752,5.3281238788860765,-0.01649714737658354,0,1,0,1,1.5294117647058805,0.9117647058822262,0.12820512820525595,0.27564102564098003,0.27564102564098003,-0.7643241833295714,-0.23571775701619388,0.04007115301077805,-0.0007693371598492815,-0.0017875338940606111,-0.0025283031892860963,12,4,-3.5098039215685284,-5.34313725490189,-7.137254901960703,-1.7156862745097152,0.11764705882364648,0,0,0,1,-3.2843137254901444,0.4215686274509101,1,1.0
2025-12-01 11:00:00,1.16134,1.16236,1.16134,1.16222,2952,1.1600403279575828,1.1592848721791167,0.0010735714285714198,27.40642144714198,67.00680272108815,2.713674138887221,2.030299972976785,2.733984663497481,3.580104204501947,1.0427348277774442,1,0,1,0,0.9500998003992288,0.8196939454424476,0.13725490196080992,0.0,0.8627450980391901,0.5031719561670974,0.31099122277661395,0.7036846905206958,0.0007577453631151254,0.0022334710209290787,0.0020260891306784767,11,0,3.3657130184077824,0.49057440674239366,-1.515191838544936,5.371479263695112,8.246617875360501,0,0,0,0,0.5961410512308521,2.952761144378044,-1,0.0
2025-12-01 12:00:00,1.16222,1.16285,1.16191,1.16276,2596,1.1602993443425749,1.1594211517015043,0.001113571428571428,28.159614607391255,71.5654952076666,2.7728890980929886,2.2096971907602367,2.9983243219333096,3.903251725413324,1.054577819618585,1,0,1,0,0.844130853110916,0.4849262347658623,0.09574468085098845,0.32978723404260846,0.9042553191490116,0.6920517288941559,0.39230238820543467,0.7886271311730726,0.00046462803944180564,0.0017661603673615467,0.0025521641662356043,12,0,3.729741287149992,0.9578789822538751,-0.9758392131706493,5.663459482574517,8.435321787470633,0,0,0,0,1.059653624117988,3.331622835150831,-1,0.0
2025-12-01 14:00:00,1.16279,1.1649,1.16266,1.16488,2996,1.160950211582017,1.1597621550308772,0.001188571428571396,33.45910301029808,83.74193548387031,2.9544480520763483,3.306312370899225,4.305879180752397,5.950325602191711,1.0908896104152783,1,0,1,0,1.8846153846154527,1.7584134615384468,0.008928571428629843,0.05803571428569747,0.9910714285713702,1.0939871426523795,0.5770428106266968,0.9995668098531721,0.0017974010784405081,0.002288723305398088,0.003592628649705887,14,0,5.278044871795033,2.6810897435900074,0.8693910256411405,7.089743589743899,9.686698717948925,0,0,0,0,2.776442307692265,4.9050480769232125,-1,1.0
2025-12-02 18:00:00,1.16062,1.16098,1.15912,1.15954,3120,1.1610547124452397,1.1607327381796635,0.0010271428571428614,35.50272623485778,32.77310924370168,-2.9009032016941676,-1.4746852735296119,-1.16121936823982,2.428144049855591,-0.08018064033880754,0,1,0,1,1.8108484005562941,1.0514603616133182,0.19354838709673183,0.2258064516129533,0.2258064516129533,-0.047681511602697194,0.06813260811818146,0.3134659052897918,-0.0009391451194610267,-0.0019108938162786249,-0.001412356396079728,18,1,-1.9958275382476622,-4.7997218358834655,-8.304589707927788,1.5090403337966596,4.312934631432463,0,0,0,0,-2.7162726008345492,0.4089012517386087,1,1.0
2025-12-05 18:00:00,1.16482,1.1649,1.1628,1.16341,4472,1.1651302099018759,1.1651566391735666,0.0010407142857142837,17.63945768056366,34.54861111111143,-2.5615207026248767,-1.6529127403062174,-1.6783080597070466,3.0966184086855706,-0.012304140524950843,0,1,0,1,2.0178448867535983,1.3548387096773367,0.03809523809527636,0.2904761904761915,0.2904761904761915,-0.3048057069490416,-0.099179227972934,-0.02539531940082911,-0.0012104874572894664,-0.0015190785972981624,-0.0010646975486197086,18,4,-2.0915122397621193,-3.5104095172731102,-6.011896591169208,0.4099748341339784,1.8288721116449693,0,0,0,0,-2.4982841455044045,0.5861358956760473,1,1.0
2025-12-08 17:00:00,1.16401,1.16401,1.16171,1.16253,4843,1.164789547929064,1.1649561583006989,0.001047857142857156,28.32448009419196,29.093799682033904,-2.93296579608536,-2.1563511252143384,-2.315352161539395,3.8549401597930646,-0.0865931592170776,0,1,0,1,2.19495569188815,1.4124062713018883,0.0,0.3565217391304583,0.3565217391304583,-0.35399845397497565,-0.1393108787034645,-0.1590010363250569,-0.0012714667399763568,-0.002394192153228114,-0.0022058192429833534,17,0,-2.0867984548966976,-3.915928198136964,-6.257214269484225,0.25448761645056356,2.08361735969083,0,0,1,0,-3.063394683026485,-0.505794137695895,1,0.0
2025-12-10 09:00:00,1.16353,1.16493,1.16344,1.16485,2440,1.163251104901068,1.1637137844504992,0.000642142857142861,43.36193610511943,80.91603053435037,2.8298970997794073,2.48993675028318,1.7694124241390397,5.068241842863888,1.0659794199558938,1,0,1,0,2.3203559510567024,2.0556173526139845,0.053691275167839246,0.060402684563707384,0.9463087248321608,0.2110783123953308,-0.10965961289213627,-0.7205243261441406,0.0011344786984435196,0.0018146791200097656,0.002124950532528036,9,2,2.429365962180195,-0.34260289210215783,-4.142380422691676,6.229143492769713,9.001112347052064,0,0,0,0,3.0522803114570967,4.173526140155728,-1,0.0
2025-12-10 10:00:00,1.16482,1.16577,1.16437,1.16525,3047,1.1634414758628713,1.1637740281975384,0.0006850000000000149,44.23198487882555,82.63888888888775,2.6830298336681446,2.640181222085519,2.154703361257627,5.896754365037829,1.036605966733611,1,0,1,0,2.0437956204380106,0.627737226277257,0.3714285714286077,0.32142857142859976,0.6285714285713924,0.5391245173062359,0.04950795134791151,-0.48547786082789207,0.00034339185302822983,0.001943266924049114,0.0022276503879035126,10,2,2.8613138686130206,0.2627737226278322,-3.299270072992525,6.423357664233378,9.021897810218565,1,0,0,0,-0.7591240875913352,4.496350364963364,-1,1.0
2025-12-10 21:00:00,1.16545,1.1681,1.16389,1.16783,9992,1.1644987413166723,1.1641414737541231,0.0014435714285714171,32.927881319957095,75.5274261603381,2.7527245072612017,2.307650745501586,2.555139408326346,4.774452030576107,1.0505449014522497,1,0,1,0,2.9163780306777842,1.648688767936558,0.06413301662707926,0.370546318289803,0.9358669833729207,0.5979046656443625,0.2442886967210642,0.24748866282475987,0.0020335318243440703,0.002429184549356034,0.0030060206298900827,21,2,3.144977733795168,1.9119247897081468,0.221672439386512,4.8352300841168026,6.068283028203823,0,1,0,0,1.4270163285501998,2.729341909945477,-1,0.0
2025-12-10 22:00:00,1.16781,1.16998,1.16737,1.1694,5498,1.1649655278579418,1.1643476904696477,0.0015792857142857037,36.66725809049536,77.92578496669911,2.814476034126083,2.8078973310183057,3.1991105122086205,5.653156648090638,1.0628952068252195,1,0,1,0,1.6526458616010973,1.006784260515598,0.22222222222223167,0.16858237547892557,0.7777777777777684,0.8080580055584038,0.3436619518058551,0.391213181190315,0.0013443737530292044,0.0030277818281627678,0.004466586497165359,22,2,3.8688376300317238,2.741745816372806,1.1967435549526255,5.413839891451905,6.540931705110822,0,0,0,0,-0.3672546359113706,3.4889190411578097,-1,0.0
2025-12-11 16:00:00,1.1731,1.17485,1.17304,1.17377,4722,1.1698404569301364,1.1674787422131423,0.001167142857142811,41.18657618913738,75.83212735166572,2.5329668651663915,3.366805567814718,5.390306549327482,6.248447858030176,1.0065933730332743,1,0,1,0,1.5507955936351985,0.5740514075887178,0.5966850828729553,0.033149171270692473,0.4033149171270447,1.3522726368642297,0.891076367802673,2.0235009815127643,0.0005796656693006774,0.002108768035516073,0.0030250463584080567,16,3,5.606283149735034,1.2737658098735452,-1.085271317829571,7.96532027743815,12.297837617299638,0,0,0,0,2.5875152998777224,4.318237454100481,-1,0.0
2025-12-15 16:00:00,1.17472,1.17642,1.1743999999999999,1.17636,3816,1.1741987650788963,1.1730313277648603,0.001035000000000024,21.488779445105457,70.3753351206438,2.825080977368737,2.0881496822258074,3.216108439748499,4.006554385656382,1.0650161954737347,1,0,1,0,1.9516908212561217,1.5845410628019787,0.029702970297002494,0.1584158415841965,0.9702970297029975,0.622865504472306,0.45165710248939656,1.1279587575226915,0.0013790285509986955,0.0012511809616220226,0.00172011512849779,16,0,2.6183574879228497,0.9855072463770235,-0.30917874396122563,3.9130434782610988,5.545893719806925,0,0,0,0,1.8067632850241497,1.8937198067634187,-1,1.0
2025-12-16 13:00:00,1.17574,1.17632,1.17517,1.17632,1630,1.1752697181871339,1.1743422278221276,0.0009164285714285958,14.390763558955701,64.24418604650907,2.5449223791847375,1.1460596555047313,2.158130201887237,2.306795599097982,1.0089844758369584,1,0,1,0,1.2548713951675257,0.6328916601714835,0.0,0.4956521739130149,1.0,0.32069525816162026,0.3261461755087668,1.012070546382506,0.000493306343239075,0.000740142073248462,0.0009104445862584409,13,1,1.5713172252533885,-1.1239282930629553,-3.317225253312386,3.764614185502819,6.459859703819163,0,0,0,0,-0.09820732657824592,2.051441932969661,-1,0.0
2025-12-16 14:00:00,1.17632,1.17785,1.17606,1.17779,2563,1.1755097450264544,1.174477434574201,0.0009450000000000212,17.445281738676034,80.34934497816432,3.4374624626327166,2.4129682259739647,3.505360238940482,3.7472270667607006,1.1874924925265609,1,0,1,0,1.8941798941798076,1.5555555555553728,0.03351955307272202,0.14525139664800726,0.966480446927278,0.5403875862292569,0.410532088623664,1.0923920129665174,0.0012496599564744137,0.0018373127599669026,0.0021868245945440012,14,1,3.0793650793649765,0.46560846560845087,-1.6613756613756996,5.206349206349127,7.820105820105653,0,0,0,0,1.4603174603173608,3.5449735449734274,-1,0.0
2025-12-16 16:00:00,1.17758,1.18001,1.17688,1.17998,5806,1.1761130112348073,1.17480974256542,0.0013285714285714567,25.494566998594962,88.5802469135809,3.310765928208274,2.9106367049837347,3.89159161742572,4.766869536999569,1.1621531856416574,1,0,1,0,2.3559139784946317,1.8064516129031558,0.009584664536732828,0.22364217252400245,0.9904153354632672,0.7639708535656891,0.45807622001297027,0.9809549124419851,0.0020465874640149817,0.003111398258977216,0.003700143752711327,16,1,3.8387096774193523,1.979569892473176,0.46666666666670564,5.351612903225822,7.210752688171999,0,0,0,0,2.6870967741935465,4.169892473118267,-1,1.0
2025-12-18 11:00:00,1.17323,1.17327,1.17172,1.17221,2542,1.1737883384063994,1.1740129934846768,0.0007835714285714549,41.361596560668225,28.273244781782935,-2.904466380649842,-2.0142878477293737,-2.3009944198245,4.203911116464804,-0.0808932761299908,0,1,0,1,1.9781221513216443,1.3017319963536749,0.025806451612930027,0.3161290322579989,0.3161290322579989,-0.28620481955179367,-0.1408851588929295,-0.2867065720951259,-0.0008693947478328745,-0.0018817799424397652,-0.0017882841839037544,11,3,-1.488909146156253,-5.415375265876507,-8.508052263749248,1.603767851716488,5.530233971436742,0,0,0,0,-3.509571558796639,0.6253418413854223,1,0.0
2025-12-22 10:00:00,1.1729,1.17382,1.1723,1.17359,2789,1.1719616506852009,1.1722249366105892,0.0009157142857143054,10.17050281226694,63.21839080459694,2.506182875127377,1.7782285809037595,1.4907088495904033,3.867190926764925,1.0012365750254661,1,0,1,0,1.6599063962560197,0.7535101404054443,0.15131578947378033,0.39473684210531695,0.8486842105262197,0.35121072873346204,0.043021808073005395,-0.28751973131335623,0.0005882854463294951,0.001587396413849529,0.0015617532600531447,10,0,2.1804472178886467,0.7571502860115348,-1.6307852314092357,4.5683827353094175,5.99167966718653,0,0,0,0,-0.25117004680205723,2.5007800312010886,-1,0.0
2026-01-05 05:00:00,1.16888,1.16909,1.16723,1.16753,2063,1.1715063484601398,1.17309619391071,0.0013135714285713584,32.44417304507291,29.930795847750986,-2.5213378025366753,-3.0271277021185776,-4.237450502987807,6.374629287995203,-0.0042675605073338434,0,1,0,1,1.4159869494290924,1.0277324632952953,0.11290322580647665,0.16129032258062975,0.16129032258062975,-1.071584645872865,-0.6175998898815173,-1.2103228008692297,-0.00115495174868252,-0.0025373771892355235,-0.002971793579901072,5,0,-4.354540511147724,-5.823817292007124,-8.290375203915833,-1.8879825992390153,-0.41870581837961485,0,0,0,0,-6.021750951604518,0.22838499184338018,1,0.0
2026-01-08 15:00:00,1.16733,1.16779,1.16582,1.16629,3373,1.1678190588364519,1.1687145101891192,0.0007078571428571331,41.766932210970175,35.18123667377492,-3.1253795640609727,-2.160123482373949,-3.4251405295326585,3.2816195763184544,-0.12507591281217667,0,1,0,1,2.783047426841651,1.4692230070634933,0.2335025380711272,0.2385786802030274,0.2385786802030274,-0.43882532993715323,-0.41618234325738407,-1.2650170471587094,-0.0008994808710401925,-0.0014554919134581734,-0.0007197141706578591,15,3,-2.9337369660277064,-4.483013790783978,-7.18600739993285,-0.2307433568788339,1.3185334678774376,0,0,1,0,-2.670030272452031,-0.8476286579212099,1,0.0
2026-01-08 18:00:00,1.16665,1.16677,1.16525,1.16544,2800,1.1673849308453974,1.1684263211678745,0.0008721428571428451,40.78773798922166,26.54545454545645,-2.775804397419462,-2.230059937392598,-3.4241192752041676,4.143090741948752,-0.05516087948390102,0,1,0,1,1.7428337428339824,1.3873873873873301,0.07894736842112182,0.12500000000007305,0.12500000000007305,-0.7595673959668384,-0.5128635075833405,-1.1940593378115696,-0.0010285949393129545,-0.0007288067290296407,-0.0019867095978625127,18,3,-3.355719355719491,-4.6131586131588564,-6.80698880698894,-1.1618891618894065,0.09555009554995905,0,0,0,1,-3.1416871416871444,-1.6625716625716298,1,0.0
2026-01-08 19:00:00,1.16544,1.16557,1.16437,1.16507,2151,1.1671644612410739,1.1682947007299187,0.0009292857142857118,41.813402000218346,24.957264957267526,-2.5136881854175672,-2.2538399212170295,-3.4700853358079344,4.8203405957505305,-0.0027376370834955176,0,1,0,1,1.291314373558901,0.3981552651806114,0.10833333333329478,0.5833333333334104,0.5833333333334104,-0.8776107762905068,-0.5582449517748391,-1.216245414590905,-0.0003174766611752089,-0.0011916396618829594,-0.001944591978343957,19,3,-3.5475275429157787,-4.727645400973771,-6.786574429925733,-1.4885985139638163,-0.30848065590582374,0,0,0,0,-3.3466564181398435,-1.9584934665641143,1,0.0
2026-01-13 18:00:00,1.16521,1.16545,1.1634,1.16458,3257,1.1662348004111769,1.1663488774807778,0.0012500000000000208,23.082276047243187,42.14285714285739,-2.614596426714235,-1.3238403289415281,-1.4151019846222233,2.5885448059397755,-0.02291928534285972,0,1,0,1,1.6400000000000585,0.5040000000000959,0.11707317073170996,0.5756097560975107,0.5756097560975107,-0.31134865957226954,-0.11827822895859955,-0.09126165568069514,-0.0005406750714465058,-0.001936855095814427,-0.0019625151045105094,18,1,-1.3066666666666786,-4.541333333333344,-7.450666666666681,1.602666666666659,4.837333333333324,0,0,0,0,-2.543999999999926,0.9439999999999513,1,0.0
2026-01-15 15:00:00,1.16227,1.16252,1.15988,1.16015,3859,1.1633388424660347,1.1642693721141195,0.0009450000000000212,58.259576366836185,16.068642745712907,-3.44803622170948,-3.374436471994295,-4.359123930285089,5.109111675070513,-0.18960724434188503,0,1,0,1,2.793650793650705,2.243386243386087,0.0946969696970022,0.10227272727272536,0.10227272727272536,-0.6683858126836321,-0.42215225115650984,-0.9846874582907941,-0.001824016794720551,-0.0029477990340157634,-0.0025277493573153675,15,3,-4.786596119929218,-6.2081128747791885,-7.791887125220106,-3.2028218694882993,-1.7813051146383292,0,0,0,0,-4.179894179893978,-2.5820105820105215,1,0.0
2026-01-16 13:00:00,1.16132,1.16234,1.16129,1.16192,1830,1.161295950910728,1.1623308509167272,0.0006728571428571259,29.91515872511098,61.34259259259327,2.512565961409235,0.9274614914873109,-0.6106064579808453,2.8052204775737692,1.0025131922818387,1,0,1,0,1.56050955414016,0.8917197452231842,0.3999999999998731,0.028571428571404402,0.6000000000001269,-0.013088246877373888,-0.35279429435749116,-1.5380679494681564,0.0005166534633005426,0.0008527645939031547,0.0008182812648045434,13,4,0.4062278839349218,-3.0813871196038143,-7.6192498230717565,4.944090587402863,8.4317055909416,0,0,0,0,-0.624203821655866,1.6645435244161926,-1,1.0
2026-01-16 17:00:00,1.16182,1.1627399999999999,1.15845,1.1593499999999999,5886,1.1612430652795747,1.1621630246692747,0.0009807142857142712,21.247071792157588,37.857142857143195,-2.725460881437656,-1.9302923462525348,-2.868342707199401,3.100566760444846,-0.04509217628752564,1,1,0,1,4.374362709395452,2.5185724690461204,0.21445221445217488,0.20979020979019133,0.20979020979019133,0.013055531923425647,-0.18822574047702498,-0.9380503609468662,-0.002125974763732885,-0.0022032687557557162,-0.0016963455378362635,17,4,-2.3418305413937492,-4.734644331148633,-7.848021364409198,0.7715464918668166,3.1643602816217005,0,0,0,0,-3.4566642388929907,0.9176984705024617,1,0.0
2026-01-20 09:00:00,1.16686,1.16938,1.16641,1.16887,3918,1.165006749074573,1.1636650143202367,0.0008685714285714408,38.028205123486785,83.07692307692481,2.860671861154328,4.447821789142926,5.992582197095881,8.216290781642215,1.072134372230858,1,0,1,0,3.4194078947369544,2.31414473684215,0.1717171717171672,0.15151515151516512,0.8282828282828328,1.4865672606729479,0.8278473333808888,1.544760407952954,0.0017139869908386896,0.001971591931902994,0.0037957834170638804,9,1,7.475877192982499,2.1145833333336075,-0.7560307017542154,10.346491228070322,15.707785087719214,0,0,0,0,4.605263157894676,6.45888157894741,-1,0.0
2026-01-20 10:00:00,1.16887,1.17217,1.16873,1.17163,5357,1.1656375348769947,1.1639773666998352,0.0010742857142857101,40.692139549715804,90.46563192904567,3.185131699250946,5.578092534712327,7.123461848557637,9.336620011252814,1.1370263398501979,1,0,1,0,3.202127659574376,2.569148936170105,0.15697674418604726,0.04069767441861441,0.8430232558139528,1.616693578729384,0.8610040612244896,1.5453693138453102,0.0023612548871987382,0.00455278139790094,0.005121562033526095,10,1,8.613475177305,4.278812056737733,1.957890070922005,10.934397163120728,15.269060283687995,0,0,0,0,6.292553191489271,7.791223404255339,-1,0.0
2026-01-20 11:00:00,1.1716199999999999,1.17328,1.17158,1.17264,4396,1.166304436317281,1.1643170778096454,0.0011657142857142938,44.11388968713748,91.51696606786403,2.7272223212388615,5.434919825861786,7.139761682902065,10.895166644561673,1.0454444642477667,1,0,1,0,1.458333333333353,0.8750000000000119,0.3764705882354017,0.02352941176459832,0.6235294117645983,1.8439144405278454,0.9665579980774329,1.7048418570402792,0.0008620468919369184,0.004944852468569572,0.005203288272456641,11,1,8.80433006535938,4.809640522875863,2.670751633986882,10.943218954248362,14.937908496731877,0,0,0,0,6.665441176470399,8.046568627450876,-1,0.0
2026-01-22 15:00:00,1.17039,1.1718600000000001,1.17029,1.17139,3638,1.1697464267272173,1.1695172946631518,0.001037857142857138,39.99411115906413,85.56521739130282,2.673849578972312,1.5836218732936722,1.8043960575274616,4.057549625271372,1.0347699157944903,1,0,1,0,1.5127322780454993,0.9635237439778751,0.2993630573249498,0.06369426751591366,0.7006369426750503,0.33018914378478703,0.14838236117732193,0.22077418423378928,0.0008544160493508812,0.0015732546705997663,0.0021387812368998116,15,3,1.1337462720806972,-1.364991970635644,-5.30259233769245,5.071346639137503,7.570084881853844,0,0,0,0,1.6090846524430729,2.8713007570543674,-1,0.0
2026-01-22 16:00:00,1.17139,1.17255,1.17109,1.17198,3618,1.1699591479912919,1.1696138713430282,0.0010207142857142795,43.58718922263266,83.09572301425507,2.5961489332560257,1.9798410162291427,2.3181106506372195,5.1473129570912155,1.019229786651217,1,0,1,0,1.4303708887334052,0.5780265920224854,0.3904109589040773,0.20547945205476953,0.6095890410959227,0.5566174045275506,0.24907557689791812,0.33826963440807667,0.0005036751210101276,0.001469758857006065,0.0023176853934505637,16,3,1.7308140891066388,-0.809890366223556,-4.813622579892938,5.73454630277602,8.275250758106216,0,0,0,0,2.2141357592721618,3.497550734779659,-1,0.0
2026-01-22 17:00:00,1.172,1.1734,1.17187,1.17339,3861,1.1702858958016449,1.1697619548197722,0.0010649999999999985,46.32998570377594,86.54781199351577,2.8059525784787867,2.914651829441367,3.4066151927021138,6.568028842019563,1.0611905156957575,1,0,1,0,1.4366197183098908,1.3051643192488305,0.0065359477124609855,0.0849673202614123,0.993464052287539,0.8260585465275538,0.3707542111487581,0.49196336326074697,0.0012030922029384605,0.0025632481480530878,0.003283314095164691,17,3,2.982785602503859,0.5477308294208065,-3.2895148669799443,6.820031298904611,9.255086071987662,0,0,0,0,3.4460093896712163,4.676056338028161,-1,0.0
2026-01-23 18:00:00,1.17583,1.17751,1.17464,1.17707,3974,1.174314148232606,1.1728330574561945,0.0011935714285714605,33.2282303301486,64.69907407407402,2.59042095035885,2.308912312598154,3.5498022509441354,3.9240229790150547,1.0180841900717834,1,0,1,0,2.404548174745723,1.0388988629563947,0.15331010452960728,0.4146341463414502,0.8466898954703928,0.48221819092676693,0.42075863063194313,1.2408899383459813,0.0010801156659296929,0.0031191143760493922,0.0028370848739924792,18,4,3.6612806702572205,-1.1143028126870287,-3.552363853979576,6.0993417115497675,10.874925194494017,0,0,0,0,1.3991621783363386,3.2591262716936527,-1,0.0
2026-01-23 19:00:00,1.17707,1.17988,1.17691,1.17945,5849,1.1748032769723578,1.1730925453990888,0.0013685714285714809,33.12589205281459,73.38858195211904,3.2470478811930876,3.3953091016174555,4.645321733442321,5.18529458365902,1.1494095762386154,1,0,1,0,2.170146137787075,1.7390396659707417,0.14478114478111456,0.053872053872105224,0.8552188552188854,0.743064552732128,0.501855335027099,1.2500126318248659,0.0020219698063836944,0.004077775696797348,0.00443691238588384,19,4,4.932150313152237,0.7672233820458964,-1.3590814196241452,7.058455114822278,11.22338204592862,0,0,0,0,2.959290187891407,4.581419624217104,-1,0.0
2026-01-23 21:00:00,1.17922,1.18148,1.17916,1.18117,2950,1.1757902108549234,1.1736401774329919,0.0015792857142857672,34.59709810586468,74.65475223395613,2.6570986679658715,3.4064698340601742,4.767865940213071,6.975758325478537,1.0314197335931732,1,0,1,0,1.4690185436454233,1.234735413839925,0.13362068965518067,0.025862068965494138,0.8663793103448193,1.2366942012014337,0.7017189623184085,1.3613961061528976,0.0016536354539442577,0.003483225296711412,0.005542029182912467,21,4,5.363184079601796,1.7539574853006716,-0.08864767073723837,7.205789235639706,10.815015829940831,0,1,0,0,3.653550429669744,5.059249208502874,-1,0.0
2026-01-26 00:00:00,1.18637,1.18915,1.18491,1.18886,1826,1.1781193603556765,1.1748834458452184,0.0019571428571428795,44.08543413231272,91.04972375690633,2.8905032474043404,5.4879180664425915,7.14130504258906,10.674144601893426,1.0781006494808678,1,0,1,0,2.16642335766422,1.272262773722666,0.06839622641507075,0.34433962264151163,0.9316037735849293,1.6943491739584868,0.915058622110013,1.6533869761464692,0.0052679198058565024,0.006510493832386555,0.007978294967993405,0,0,4.729683698296795,1.2637469586374521,-0.6557177615571547,6.649148418491402,10.115085158150745,0,0,0,0,6.877372262773658,8.011678832116768,-1,0.0
2026-01-27 14:00:00,1.18954,1.19344,1.18942,1.19281,5495,1.188042060037418,1.1848828804992195,0.001609285714285694,25.368289751364493,70.78124999999973,3.353654276716012,2.9627678418174987,4.925862095469463,4.34038399847536,1.1707308553431932,1,0,1,0,2.498002663115961,2.031957390146425,0.15671641791047497,0.02985074626868557,0.843283582089525,0.5984909437545722,0.6153786350729382,1.963094253651964,0.002748961783546555,0.003288754310707187,0.00543679827371113,14,1,3.3720964639740183,0.9528036691818766,-1.1019381565320896,5.426838289687985,7.846131084480126,0,0,0,0,1.7833999112294496,4.834442964935639,-1,0.0
2026-01-27 16:00:00,1.19235,1.19551,1.19184,1.1944,5931,1.1890179221621495,1.185537068849914,0.0019035714285714172,30.56410592944229,72.41610738254978,2.659528183665325,2.8273579635987183,4.65594882180873,5.6556886695234,1.031905636733066,1,0,1,0,1.927954971857455,1.0769230769230231,0.3024523160763345,0.13896457765667625,0.6975476839236655,0.9731732288095034,0.7176494830074772,1.8285908582100117,0.0017276951205191793,0.004085612926004956,0.004626124989485891,16,1,3.6860537836147835,1.640775484677951,-0.09631019387121777,5.423139462163952,7.468417761100785,0,1,0,0,2.3429643527204163,4.922326454033737,-1,0.0
2026-01-27 18:00:00,1.19507,1.19902,1.19497,1.19792,5006,1.1903872333345487,1.1863818540210085,0.0021735714285714097,33.95138316913311,75.50655542312276,2.5932820561114562,3.465617263106181,5.308381324544329,7.4560684287167724,1.0186564112222978,1,0,1,0,1.8632928031547458,1.3112060466644961,0.2716049382715826,0.024691358024689327,0.7283950617284174,1.3098542227875587,0.8384952966454257,1.8427640614381484,0.002384797543240058,0.00467987319053309,0.007044739983523174,18,1,4.847628436849732,3.0564136269034043,1.5351078979078252,6.368934165845311,8.160148975791637,0,0,0,0,-0.5060795267827288,5.930331909300116,-1,0.0
2026-02-02 15:00:00,1.18498,1.18503,1.18179,1.18208,5960,1.1862987358032981,1.1891023809617232,0.0018200000000000121,30.6616833847503,38.51044504995491,-2.9830063838601357,-2.3179867051088436,-3.8584510778698315,3.3642952760722746,-0.09660127677201935,0,1,0,1,1.7802197802198407,1.5934065934065293,0.015432098765464038,0.08950617283954065,0.08950617283954065,-0.44937903656640144,-0.4793488239633556,-1.540464372760988,-0.0024472986885853976,-0.0036916541644893552,-0.0025314746683767764,15,0,-3.9322344322344245,-6.265567765567778,-10.78388278388272,0.5860805860805176,2.9194139194138713,0,0,0,0,-2.780219780219797,-1.1098901098900535,1,0.0
2026-02-02 17:00:00,1.18053,1.18168,1.17904,1.17923,8218,1.185258556972768,1.1884491336751624,0.0018635714285714406,34.26291486741521,15.687992988606226,-3.0491896151228826,-3.2349481647662772,-4.947024586135386,5.127690585071796,-0.10983792302456394,0,1,0,1,1.4166347259486172,0.6975852817171708,0.4356060606060587,0.07196969696966447,0.07196969696966447,-0.9224856748675269,-0.6690010739897461,-1.7120764213691089,-0.0023772461168826142,-0.0048524025721952135,-0.006093757901657115,17,0,-5.3696179890123865,-7.648396575955042,-12.061070652868217,-0.9569439120992111,1.3218346748434437,0,0,0,0,-4.244538137217342,-2.6132617861248977,1,0.0
2026-02-04 17:00:00,1.18129,1.18221,1.17931,1.17963,6107,1.1816993296596237,1.1824344745463116,0.0013907142857142926,23.412671165050263,32.59085580304664,-2.623328954801496,-1.487961748060176,-2.016571322463396,3.337169773334595,-0.02466579096029841,0,1,0,1,2.0852593733948863,1.1936312275295229,0.3172413793103665,0.11034482758616782,0.11034482758616782,-0.22218690713355632,-0.18526364716058627,-0.5286095744032202,-0.0015404799187438423,-0.0021317091739627703,-0.0014475087612373372,17,2,-0.9060092449923193,-3.034411915767914,-4.4725218284540915,0.5321006676938587,2.660503338469453,0,0,0,0,-2.2003081664098953,-0.6040061633281596,1,0.0
2026-02-06 15:00:00,1.17927,1.18112,1.17923,1.18104,3132,1.1793498078948164,1.17981660450899,0.0009328571428571321,24.295020367686536,82.50000000000097,2.5883747718320884,1.8118445231678784,1.3114499903631027,4.225365713780171,1.0176749543664456,1,0,1,0,2.026033690658466,1.8973966309342247,0.04232804232796836,0.02116402116404292,0.9576719576720316,0.1936373688408876,-0.056091765510391293,-0.5003945328047756,0.0015094211624240295,0.0015518864324419734,0.0015264068383027407,15,4,1.9938744257274057,0.16079632465530158,-3.0551301684533483,5.209800918836056,7.04287901990816,1,0,0,0,1.1362940275651625,2.658499234303287,-1,0.0
2026-02-06 16:00:00,1.18103,1.18261,1.18099,1.18212,4095,1.1796136357143576,1.1799069337439316,0.0009221428571428555,27.26808160741109,83.89380530973492,2.833822984526935,2.7179783113086122,2.399916931445242,5.705670903255511,1.0667645969054091,1,0,1,0,1.7567776917118054,1.1820294345469033,0.30246913580240314,0.02469135802471674,0.6975308641975969,0.47777351150527564,0.06923442168159548,-0.3180613798633702,0.0009144482828693512,0.0026207984529655892,0.002467753835194708,16,4,3.1882261812547847,1.333849728892163,-1.9194422927963388,6.4415182029432865,8.295894655305908,0,0,0,0,-0.5313710302090103,3.860573199070503,-1,0.0
2026-02-09 10:00:00,1.18558,1.18646,1.18516,1.18643,3100,1.1827521908952907,1.1814827639487004,0.0010807142857142602,34.416688642267125,76.40186915887928,2.5789858902970746,3.4031280545890676,4.577746511447242,6.844813252942933,1.0157971780594015,1,0,1,0,1.2029081295440538,0.7865168539326189,0.023076923076902053,0.3230769230769704,0.976923076923098,1.2508407476355634,0.6628939751566106,1.1746184568581746,0.0007169486664755365,0.0026112528943498248,0.003849798625918055,10,0,5.780127781450062,2.4274069178238595,0.18197840934163922,8.025556289932283,11.378277153558486,0,1,0,0,3.5346992729678424,4.469266358228894,-1,0.0
2026-02-10 14:00:00,1.19041,1.19086,1.1891,1.18929,3111,1.1901179961350135,1.187544294949169,0.0010628571428571748,18.65276854433852,36.405529953916705,-2.6005844479884526,-0.7790286216524611,1.642464429545187,2.8897815541249203,-0.020116889597701366,0,1,0,1,1.6559139784945587,1.0537634408601926,0.2556818181818555,0.10795454545449672,0.10795454545449672,0.24605625169085538,0.6314145312187218,2.4214930511976482,-0.000924066902443843,-0.0018045390451890686,-0.0013099886635596913,14,1,0.8906810035841881,-6.1218637992829645,-10.18324372759833,4.952060931899553,11.964605734766705,0,0,0,0,-2.530913978494624,-0.6115591397849649,1,1.0
2026-02-16 14:00:00,1.18613,1.18631,1.185,1.18532,1506,1.1864058904157622,1.1867586051715542,0.0007285714285714118,20.270248580606808,33.484162895926914,-2.607977728319542,-1.4904378255560449,-1.9745561178196078,3.3577214444783507,-0.021595545663889437,0,1,0,1,1.7980392156862093,1.1117647058823477,0.13740458015273257,0.24427480916022512,0.24427480916022512,-0.2102367792559542,-0.16852670958113738,-0.4841182922635629,-0.0006913180568904886,-0.0009524210881201034,-0.0008092524530465273,14,0,-1.862091503268025,-4.561437908496853,-7.0777777777779844,0.6542483660131063,3.353594771241934,0,0,0,0,-2.3607843137257722,-0.5490196078430895,1,0.0
2026-02-17 17:00:00,1.18237,1.18239,1.18049,1.18109,4910,1.1836945884771966,1.1849041119023753,0.0010349999999999923,47.42940587196249,26.06837606837746,-2.547008589432073,-2.5165106059870515,-3.6851322728264524,5.34775304778106,-0.009401717886413669,0,1,0,1,1.8357487922705573,1.2367149758453695,0.010526315789542573,0.3157894736841736,0.3157894736841736,-0.9260541204740443,-0.5630328045947024,-1.1686216668394012,-0.0010825714454865132,-0.0014203944976624028,-0.0026936197520857075,17,1,-4.492753623188695,-5.565217391304806,-7.217391304348179,-2.8405797101453225,-1.7681159420292116,0,0,0,0,-3.7681159420290276,0.5797101449274767,1,1.0
2026-02-18 16:00:00,1.18238,1.18277,1.1812,1.18152,4531,1.183609453994167,1.1842893765198548,0.0009728571428571563,31.302747728210555,25.86466165413593,-2.5748232531715556,-2.1477500674258287,-2.846642531422002,5.0949421898852405,-0.014964650634331108,0,1,0,1,1.6138032305433698,0.8839941262849482,0.24840764331216228,0.20382165605086713,0.20382165605086713,-0.5268467660090161,-0.32138345904469945,-0.6988924639961732,-0.0007188951005184796,-0.0016392611495108511,-0.0017657843377465454,16,2,-2.3059226627508678,-5.670582476749746,-7.414586392559818,-0.561918746940795,2.802741067058083,0,0,0,0,-3.4229074889867936,-2.487518355359822,1,0.0
2026-02-18 20:00:00,1.18061,1.1807400000000001,1.17875,1.17908,2442,1.182617100765493,1.183754987083316,0.0012635714285714275,43.47909859928046,24.217961654894566,-2.563583125830092,-2.7992883389996956,-3.6998201903009957,6.357913203930442,-0.012716625166019367,0,1,0,1,1.574901074053264,1.2108535895986692,0.06532663316591718,0.1658291457286006,0.1658291457286006,-0.9594200430333001,-0.5123772176388949,-0.9005318513013,-0.0012959402342856974,-0.002689763672965473,-0.0027825469184773466,20,2,-3.706425475786731,-6.296966270962841,-7.639721123045009,-2.363670623704564,0.22687017147154614,0,0,0,1,-4.566421707179243,-3.846240814019292,1,0.0
2026-02-19 14:00:00,1.17807,1.17809,1.1767,1.17694,2842,1.179538829393269,1.1812979458163628,0.0008814285714286044,43.46174124243673,37.11864406779742,-2.5313972600592156,-2.948428809218985,-4.944184880800319,4.7383841194104654,-0.006279452011845771,0,1,0,1,1.5769854132900571,1.2820097244730433,0.014388489208727331,0.17266187050360976,0.17266187050360976,-0.6615875318275943,-0.6422736053382765,-1.9957560715813334,-0.0009591959730744781,-0.0025847676675225806,-0.002660836553453949,14,3,-4.337655321447654,-7.234467855213162,-12.891950297136267,1.3198271204754508,4.216639654240959,0,0,0,0,-4.3338735818474134,-1.7471636952996306,1,0.0
2026-02-20 17:00:00,1.17676,1.18075,1.17554,1.17882,11590,1.176781742829936,1.1780927429773937,0.0013785714285714354,27.136611304576665,72.03007518797199,2.751312048554165,1.478528517144787,0.5275439542221342,3.161186071567257,1.0502624097108244,1,0,1,0,3.779274611398899,1.494300518134672,0.37044145873320744,0.2341650671785055,0.6295585412667926,0.22364906621466152,-0.14318341264624643,-0.950984562922653,0.0017420566465833343,0.001912338407404679,0.0020911965724776937,17,4,1.0639032815199005,-1.230742659758046,-3.7018998272883405,3.535060449050195,5.829706390328141,0,0,0,0,-1.399999999999984,2.3792746113989156,-1,1.0
2026-02-23 01:00:00,1.17938,1.18347,1.17925,1.18333,3268,1.1781814570075377,1.1783804949999654,0.0019528571428571212,49.109725285078696,79.3133802816907,3.127205932580426,2.6364155777056473,2.5344941477865564,4.82684877016534,1.1254411865160874,1,0,1,0,2.1609363569861824,2.0226773957571025,0.03317535545024295,0.03080568720383461,0.966824644549757,0.5258238146814018,0.1406947746299346,-0.10192142991909112,0.0033492173854057228,0.003987680612236089,0.004030273719221489,1,0,2.845403560107316,1.087295781516675,-0.43696659351380207,4.369665935137793,6.127773713728434,0,0,0,0,-0.0716898317483697,3.989027066569155,-1,1.0
2026-02-26 19:00:00,1.17919,1.17934,1.17739,1.17761,3016,1.1802300545095836,1.1799427857477145,0.0012178571428571752,23.83776623771265,25.091352009744142,-2.6711849448283504,-2.1513644066961377,-1.9154838984165061,4.999044510141778,-0.03423698896567514,0,1,0,1,1.6011730205279138,1.2973607038122124,0.07692307692312073,0.11282051282056187,0.11282051282056187,-0.354983352373256,-0.05039718669248386,0.2358805082796317,-0.0013399028146439118,-0.0031067994040363534,-0.002794455123591,19,3,-1.6230694037143978,-4.297165200390602,-5.810752688171668,-0.10948191593333155,2.5646138807428724,0,0,1,0,-3.341935483870894,0.18064516129040728,1,1.0
2026-03-02 00:00:00,1.17723,1.17763,1.17563,1.17727,1529,1.1805172942374553,1.1802787218864172,0.0016178571428571628,13.823037641523271,33.96715643906626,-2.878804570117755,-2.0071575860650546,-1.8596956472335722,3.599038038171927,-0.07576091402357137,0,1,0,1,1.2362030905077122,0.024724061810178947,0.1799999999999578,0.8000000000000222,0.8200000000000421,0.031040959702911885,0.059858329983113995,0.14746193883148248,-0.0034958523785338924,-0.0039342764315689616,-0.003706681335420847,0,0,-2.266372332597495,-3.6303164091243505,-4.7078734363501615,-1.1888153053716846,0.17512877115517114,0,0,0,1,-3.288300220750506,-1.0940397350993547,1,0.0
2026-03-02 01:00:00,1.17727,1.17878,1.17571,1.17593,5316,1.1800804090719834,1.1801081837732244,0.0017042857142857137,15.447853106858323,34.293193717276694,-2.850709780170153,-2.4352777455058243,-2.451574720249038,4.601286386703631,-0.07014195603403754,0,1,0,1,1.8013411567476403,0.7862531433361974,0.49185667752441253,0.07166123778498165,0.07166123778498165,-0.3013641539772802,-0.08047452662458082,-0.016296974743213948,-0.001138226575042367,-0.004781732933868299,-0.0049669994922999505,1,0,-2.9376920927634362,-4.232467169600556,-5.255378597373603,-1.9147806649903882,-0.6200055881532688,0,0,0,0,-3.9077954735960425,-1.8248113998324547,1,0.0
2026-03-02 08:00:00,1.17664,1.17666,1.17302,1.17323,5252,1.1786841976478963,1.179468324057638,0.0018400000000000003,20.549815238900774,22.02121023081743,-2.6272253378200134,-2.9642378521175767,-3.3903935095858815,6.323314372765124,-0.025445067564006257,0,1,0,1,1.9782608695652648,1.85326086956517,0.005494505494541358,0.05769230769231825,0.05769230769231825,-0.6031210098882073,-0.27968723684763275,-0.4261556574683049,-0.0028896084580539716,-0.0047926845819760144,-0.005054316946378368,8,0,-4.1884057971014945,-5.387681159420348,-6.335144927536221,-3.2409420289856206,-2.0416666666667673,0,0,0,0,-3.4565217391303915,-1.2989130434782021,1,0.0
2026-03-02 09:00:00,1.17324,1.17344,1.17035,1.17164,5995,1.17801332168143,1.1791613309573383,0.001979285714285723,23.294389367761017,20.67955477445814,-2.5240341570670637,-3.2200109541688273,-3.8000228582726785,7.290646380229732,-0.004806831413414484,0,1,0,1,1.5611692529772765,0.8083724287261113,0.06472491909384323,0.4174757281553391,0.4174757281553391,-0.8556504392083152,-0.39325536745322115,-0.5800119041038508,-0.001355232989268873,-0.0059474822890595025,-0.006141422366992333,9,0,-4.696980632743907,-5.811860940695316,-6.692650066161385,-3.816191507277837,-2.7013111993264283,0,0,0,0,-4.0166005052327005,-2.0108264164560796,1,0.0
2026-03-03 09:00:00,1.16692,1.16693,1.16426,1.16436,4753,1.1694064571599603,1.173024662540254,0.001599285714285692,32.087865397690486,24.230145867099225,-2.7998458462815248,-3.1554444055133546,-5.417832762999449,5.185636097621735,-0.059969169256294586,0,1,0,1,1.6694953104064236,1.6007146047342136,0.0037453183520845313,0.037453183520595824,0.037453183520595824,-1.0566346132153932,-0.8436560327671837,-2.2623883574860946,-0.0021938093442566142,-0.0032017806694630835,-0.004335445473435673,9,1,-4.7250260532975235,-7.693017716242199,-12.490993002828594,0.07294923328887178,3.040940896233548,0,0,1,0,-3.9580169718624605,-2.1822242072353992,1,0.0
2026-03-03 10:00:00,1.16436,1.16462,1.1617899999999999,1.16229,6894,1.1687286993352022,1.1726036953818126,0.0016542857142857034,32.52610620156365,22.77227722772298,-2.864141978825149,-3.892132586046222,-6.234530887106099,6.658774405474248,-0.07282839576503644,0,1,0,1,1.7107081174439467,1.2512953367875828,0.09187279151940524,0.1766784452297341,0.1766784452297341,-1.3128195797514766,-0.9436346219896962,-2.3423983010598772,-0.0017778006802020574,-0.003745735689918206,-0.00577396838431532,10,1,-5.819228554979758,-8.688543465745337,-13.32700057570512,-1.1807714450199738,1.688543465745605,0,0,0,0,-5.077720207253897,-3.3609671848014093,1,0.0
2026-03-03 11:00:00,1.16229,1.1629,1.1598600000000001,1.16056,6361,1.1679507279699448,1.1721313936021336,0.0017314285714285585,34.51993955456731,10.007581501137096,-2.6872178111609957,-4.268572259869128,-6.68314812004418,8.141464267582794,-0.03744356223219479,0,1,0,1,1.7557755775577295,0.999174917491762,0.20065789473684642,0.23026315789471666,0.23026315789471666,-1.5496093192555247,-1.0370108671608196,-2.414575860175052,-0.001488440922661316,-0.005450245089637651,-0.006454926804211891,11,1,-6.559130913091239,-9.300605060505879,-13.732398239823894,-2.127337733773223,0.6141364136414165,0,0,0,0,-5.850660066006628,-4.210396039604003,1,0.0
2026-03-03 12:00:00,1.1605699999999999,1.16129,1.15891,1.1592,5812,1.1671173253061407,1.17162428012754,0.0016528571428571226,36.94581491264351,10.5939004815409,-2.500242380196496,-4.790084454882038,-7.516850552530801,10.051315910252793,-4.847603930249782e-05,0,1,0,1,1.4399308556611055,0.8288677614519634,0.302521008403406,0.12184873949576579,0.12184873949576579,-1.8985225914234523,-1.2207026518709672,-2.7267660976487633,-0.0011718480733439174,-0.0044316190868803895,-0.006394322253270079,12,1,-7.693748199366163,-10.565543071160942,-15.208009219245177,-3.051282051281927,-0.17948717948714848,0,0,0,1,-6.9515989628350034,-5.233362143474595,1,0.0
2026-03-05 07:00:00,1.16085,1.16139,1.15941,1.15946,2766,1.1623012767527883,1.1636781375205905,0.0012892857142856912,23.823988200493268,27.172827172828534,-2.8866306639920385,-2.2037603622735404,-3.2716856115384165,4.685369318851123,-0.07732613279840253,0,1,0,1,1.535734072022088,1.0781163434903258,0.2727272727272829,0.025252525252468048,0.025252525252468048,-0.5384318327688987,-0.4025582369789759,-1.067925249264876,-0.0011973984580264663,-0.0026751077354483233,-0.004328037784457006,7,3,-2.0915974145890663,-5.726685133887252,-8.296583564173671,0.4783010156973518,4.113388734995538,0,0,0,0,-4.09529085872597,-2.319113573407281,1,0.0
2026-03-13 10:00:00,1.14829,1.14836,1.14542,1.14579,4488,1.1511896755474884,1.1540203872378814,0.001158571428571469,38.54654446233678,16.873706004141,-3.173837850673094,-4.660632408436123,-7.103910069687659,7.405936140975171,-0.1347675701346293,0,1,0,1,2.537607891491847,2.1578298397039477,0.023809523809529203,0.12585034013605056,0.12585034013605056,-1.326078892137071,-0.964322243053289,-2.443277661251537,-0.0021684606541957363,-0.003938034633840903,-0.004837757087270633,10,4,-6.335388409370841,-8.208384710233911,-11.902589395807203,-2.6411837237975506,-0.7681874229344796,0,0,0,0,-6.1972872996298385,-4.37607891491962,1,0.0
2026-03-13 11:00:00,1.14579,1.14591,1.14329,1.1445,5786,1.1505525635905847,1.1536470387187487,0.0012521428571428922,41.77318248596695,16.34904714142442,-2.8836906673989295,-4.83376441917752,-7.305107932828167,8.676072777092186,-0.07673813347979777,0,1,0,1,2.0924130062749517,1.0302338847689494,0.04580152671751714,0.46183206106874986,0.46183206106874986,-1.5976719989645076,-1.0580226975984586,-2.4713435136506474,-0.0011258607598251258,-0.00484318345839807,-0.005569505869268743,11,4,-6.89218482601229,-8.625213918995703,-12.043354249857035,-3.4740444951509555,-1.741015402167543,0,0,0,0,-6.764403879064254,0.9663434112950201,1,0.0
2026-03-16 13:00:00,1.145,1.14779,1.14476,1.14754,3731,1.1449313926550162,1.1477236599886442,0.0014757142857142944,19.268600115636666,74.35275080906085,2.6272211340427347,1.7676913276753652,-0.12445497778408185,4.575025277479452,1.0254442268085375,1,0,1,0,2.0532429816070175,1.7212003872216652,0.08250825082510767,0.07920792079208283,0.9174917491748923,-0.0651952533722972,-0.4618111880889929,-1.8921463054594472,0.0022183406113536197,0.004341052705281179,0.0035505649421065932,13,0,1.59470797031306,-1.1949015811550576,-6.469183607615271,6.868989996773274,9.65859954824139,0,0,0,0,1.2739593417231994,4.14036786060021,-1,0.0
2026-03-18 15:00:00,1.15467,1.15481,1.15056,1.15073,6588,1.153121688147152,1.1518372795941765,0.0013435714285713965,24.14679970175093,33.85826771653596,-3.485493894102634,-1.7800975045256908,-0.8241315427150785,3.0914945659528295,-0.1970987788205361,0,1,0,1,3.163211057947875,2.932482721956517,0.032941176470543856,0.04000000000000209,0.04000000000000209,0.041917701917927,0.2355611194005193,0.9559659618106122,-0.003403599327940654,-0.0027299199223489445,-0.001657065519155898,15,2,-0.776537302853075,-4.6269714690767465,-6.820131135920666,1.4166223639908446,5.267056530214516,0,0,0,0,-3.5725677830941214,-0.766613503455526,1,0.0
2026-03-18 21:00:00,1.15151,1.15252,1.14771,1.14773,7082,1.1519898475190458,1.1515984025674064,0.0020785714285714058,22.124018615337892,27.03862660944226,-2.9088051818517506,-2.0494111775478516,-1.861087145831328,4.117489895762932,-0.08176103637035174,0,1,0,1,2.314089347079054,1.818556701031004,0.20997920997920153,0.0041580041579852515,0.0041580041579852515,-0.4674748429765909,-0.10742831916784348,0.18832403171652373,-0.003282646264470279,-0.0031008425258404193,-0.0032220523865769124,21,2,-1.945246277205093,-4.43413516609397,-5.8517754868270835,-0.5276059564719797,1.9612829324168974,0,0,0,0,-2.30446735395195,-0.6446735395189646,1,0.0
2026-03-18 22:00:00,1.14772,1.14826,1.14685,1.14697,4664,1.1515117668029462,1.151416896584371,0.002131428571428562,23.66787307853943,23.570432357043956,-2.552084711622527,-2.13085573864767,-2.086345582479663,4.9580976670037655,-0.010416942324500533,0,1,0,1,0.6615281501341138,0.35187667560323205,0.3829787234042084,0.08510638297880047,0.08510638297880047,-0.6215799193823214,-0.18676210396714893,0.04451015616800737,-0.0006621766443326571,-0.003561903272607192,-0.004063734641601147,22,2,-2.2535746201965847,-4.680741733690748,-6.063226094727388,-0.8710902591599451,1.556076854334219,0,0,0,0,-2.603887399463792,-0.9852546916890081,1,0.0
2026-03-18 23:00:00,1.14696,1.14705,1.1449799999999999,1.14504,2523,1.1508954080598084,1.1511668222085134,0.0022114285714285625,25.049233267005977,21.204516938520072,-2.5999108556682686,-2.6477943422905996,-2.77052683847504,6.011374364481151,-0.019982171133655732,0,1,0,1,0.9360465116279181,0.868217054263534,0.043478260869527906,0.028985507246459204,0.028985507246459204,-0.8116324460025649,-0.28395657770727356,-0.12273249618444021,-0.0016826944035153168,-0.005618709346857598,-0.005437331711977689,23,2,-3.044788975021511,-5.38415159345387,-6.71662360034448,-1.7123169681309005,0.627045650301458,0,0,0,0,-3.3824289405684578,0.027131782945813882,1,1.0
2026-03-19 16:00:00,1.14872,1.15272,1.14695,1.15176,10739,1.1482604202781552,1.1493105216806692,0.0019535714285714117,37.767117521369016,71.07309486780656,3.0418521962340983,1.7913753603592615,1.2538463060559621,3.880537638369249,1.1083704392468139,1,0,1,0,2.9535648994516066,1.5561243144423915,0.16637781629117213,0.30675909878683416,0.8336221837088279,0.23038951827432536,-0.05312903657651753,-0.5375290543032994,0.002646423845671597,0.0038086439658704396,0.005816085931359627,16,3,1.6602071907373346,-0.15015234613048398,-3.740158439975722,5.250213284582573,7.060572821450391,1,0,0,0,1.5151736745886026,2.8051188299817067,-1,0.0
2026-03-19 20:00:00,1.15358,1.15675,1.15358,1.15602,4678,1.149944080044166,1.149892612073942,0.002485000000000007,42.87855891066712,78.00393959290908,2.5874440279119675,2.4450382116032157,2.4657496684337703,5.862547719244239,1.0174888055823914,1,0,1,0,1.2756539235412017,0.9818913480885274,0.23028391167189954,0.0,0.7697160883281005,0.8257692470167256,0.2744744869956985,0.020711456830554652,0.0021064676358153456,0.0037945556375635903,0.006354899366251221,20,3,3.0194500335345658,1.5962441314553975,-1.2260228034875789,5.841716968477542,7.26492287055671,0,0,0,0,2.905432595573434,3.919517102615716,-1,0.0
2026-03-19 21:00:00,1.15602,1.15842,1.15509,1.15833,4282,1.1507427390875786,1.1502234900318267,0.0026650000000000124,45.11251088139581,83.76623376623375,2.5800296595657914,2.847002218544623,3.0418423895584903,6.702149634758772,1.016005931913156,1,0,1,0,1.2495309568480448,0.8667917448405341,0.0270270270270036,0.2792792792793039,0.9729729729729965,0.931451710853054,0.342577242460601,0.19484017101386703,0.0019982353246483786,0.006001285369370057,0.005704313398624983,21,3,3.6823014383990267,2.3552220137586035,-0.27642276422761886,6.313946216385249,7.6410256410256725,0,1,0,0,3.5759849906191348,4.521575984990641,-1,0.0
2026-03-23 12:00:00,1.15307,1.15338,1.14911,1.14948,5562,1.1539953711339133,1.1538984926909124,0.001909285714285677,16.081262148475716,31.446907817969347,-2.9538116911452157,-2.364953081735357,-2.314212408259399,4.386337846387471,-0.09076233822904557,0,1,0,1,2.2364384586607224,1.8802843247287966,0.07259953161593273,0.08665105386416436,0.08665105386416436,-0.6249530952803034,-0.1903071436405947,0.05074067347595794,-0.0030269651421980237,-0.003096136334070354,-0.004822302064845574,12,0,-3.5563037785259928,-5.551814440703292,-7.2435465768799405,-1.8645716423493441,0.130939019827955,0,0,0,1,-2.6921062476618154,-1.3408155630377567,1,1.0
2026-03-23 13:00:00,1.14948,1.15013,1.14844,1.14856,5177,1.1534777167402073,1.153689140036367,0.0019307142857142618,19.470757991655145,25.68914956011696,-2.6476385740579014,-2.5470970907474024,-2.6566023125836957,5.4980271461019745,-0.02952771481157803,0,1,0,1,0.8753237143915269,0.4765075841657642,0.3846153846153644,0.07100591715982629,0.07100591715982629,-0.7983984787625878,-0.279325504360518,-0.10950522183629327,-0.0008003619027734388,-0.00359156762383972,-0.004204922794149524,13,0,-3.993340732519412,-5.966703662597061,-7.639659637439882,-2.3203847576765897,-0.3470218275989417,0,0,0,0,-3.1387347391787057,0.062153163152116206,1,1.0
2026-03-23 15:00:00,1.1555900000000001,1.16145,1.15462,1.16126,12794,1.1544060674449317,1.1540599174268809,0.002925000000000003,20.306779363109342,61.31447587354404,2.5519317938819506,2.3432248051515447,2.4615666916646486,4.515098032731858,1.01038635877639,1,0,1,0,2.3350427350427716,1.9384615384614823,0.02781844802344529,0.1420204978038245,0.9721815519765548,-0.07609283086911044,-0.021942103485728375,0.11834188651310351,0.004854410937567444,0.01024811218985966,0.007426043202914734,15,0,1.7059829059829212,0.4034188034188648,-0.7008547008546608,2.810256410256447,4.1128205128205035,0,0,0,0,-0.22222222222223548,4.382905982905997,-1,0.0
2026-03-30 16:00:00,1.14826,1.14879,1.14622,1.14641,4345,1.1499098172786146,1.1517365645697022,0.001332142857142877,18.517060376423625,33.532219570405275,-2.5690552592623987,-2.627208680997593,-3.9984935107683954,5.324559844530884,-0.013811051852494868,0,1,0,1,1.9292225201071806,1.3887399463807735,0.2062256809338239,0.07392996108946122,0.07392996108946122,-0.8493414395244062,-0.5795751220235598,-1.3712848297708025,-0.0016111333670075778,-0.0021846603767016193,-0.0027748782185108567,16,0,-4.213762287756799,-5.605004468275045,-7.674352100089189,-2.1444146559426547,-0.7531724754244087,0,0,0,0,-2.7024128686327034,-1.4713136729222014,1,0.0
2026-03-31 14:00:00,1.1459,1.14911,1.14575,1.1491,4452,1.1472440903346641,1.1488135505013475,0.0013049999999999848,24.2019984946804,66.5198237885453,2.8214292583801788,1.4221530002574008,0.21950153153450838,3.2801776775167273,1.064285851676036,1,0,1,0,2.5747126436782137,2.4521072796935854,0.0029761904762099474,0.04464285714281879,0.9970238095237901,-0.013522279572448531,-0.2777850822357467,-1.2026514687228924,0.0027925647962301348,0.0020842235613187654,0.0016474751789121722,14,1,1.2056194125160498,-1.2592592592591862,-4.779054916986008,4.725415070242872,7.190293742018108,0,0,0,0,1.1800766283525783,2.5670498084291213,-1,0.0
2026-03-31 15:00:00,1.1491,1.1509800000000001,1.1487,1.1503,5093,1.1475351293504104,1.1488718426385496,0.001423571428571413,21.58584019679167,71.47087857847973,2.9292610718361614,1.9422071798422913,1.003221428013423,4.0773260356856325,1.0858522143672298,1,0,1,0,1.6016056196689006,0.8429503261415676,0.29824561403508604,0.17543859649120416,0.701754385964914,0.19417009794291556,-0.16009124009504797,-0.9389857518288681,0.0010442955356366745,0.0030344779477164963,0.0026760109132433207,15,1,1.9481518648604945,-0.3114233149354679,-3.53804984111053,5.174778391035557,7.43435357083152,0,0,0,0,1.924736578023233,3.196186653286576,-1,0.0
2026-03-31 16:00:00,1.15031,1.15326,1.15006,1.15323,4488,1.1480774979837047,1.149042750770371,0.0016014285714285473,20.326135131333142,79.63978073610065,3.3091329360537913,3.2174410449658577,2.614696218323155,5.620039444319424,1.1618265872107518,1,0,1,0,1.9982158786796989,1.8233719892953206,0.00937499999999241,0.07812499999995988,0.9906250000000076,0.5439157023662353,0.022930941963776878,-0.6027448266427027,0.002547161610014781,0.006396718736364493,0.005685831640083183,16,1,3.5614035087720213,1.5527802557241301,-1.315492120130877,6.429675884627028,8.43829913767492,0,0,0,0,3.5405887600357757,4.670829616413943,-1,0.0
2026-04-02 04:00:00,1.15957,1.1605699999999999,1.15455,1.15526,9499,1.1584484120679528,1.1560769017789796,0.0019349999999999565,44.0422399349565,30.23758099352048,-2.7247347025534103,-1.6477581746526673,-0.42217146200499117,4.0679113888697085,-0.044946940510693624,0,1,0,1,3.111111111111137,2.2273901808786216,0.1661129568106153,0.11794019933554793,0.11794019933554793,-0.07413863314720523,0.2563799656706184,1.225586712647676,-0.00370830314947046,-0.0033215139201629995,-0.0032441200324412334,4,3,-1.972437553832902,-3.8208440999138538,-5.698535745047424,-0.09474590869933139,1.7536606373816204,0,0,1,0,-2.7441860465116514,-1.229974160206771,1,0.0
2026-04-03 17:00:00,1.15349,1.15365,1.15209,1.15212,1485,1.1537844794710552,1.1541942223493271,0.0008542857142856963,31.670666703884276,32.86290322580636,-3.030661218720985,-1.9483873407000978,-2.4280194724565014,3.2241548510515576,-0.10613224374418916,0,1,0,1,1.8260869565217843,1.6036789297657694,0.10256410256420476,0.019230769230752807,0.019230769230752807,-0.28338644691159387,-0.18503636487744615,-0.4796321317564035,-0.0011876999367136376,-0.002009632375870485,-0.0019058839836439967,17,4,-3.5078037904124075,-8.431995540690988,-14.815496098104695,2.8756967670013003,7.79988851727988,0,0,0,0,-3.254180602006763,0.6672240802675251,1,0.0
2026-04-06 10:00:00,1.15332,1.15688,1.1525400000000001,1.15643,3333,1.152715264465494,1.153222784792605,0.0012807142857142542,36.749579124253614,74.88687782805545,3.4112685816699777,2.9005185433956933,2.5042394257407006,4.8302069748158525,1.1822537163339726,1,0,1,0,3.3887339654210002,2.4283324037927176,0.10368663594466851,0.17972350230410575,0.8963133640553315,0.4139538811469378,0.03206801071097468,-0.3962791176549924,0.0026965629660460344,0.0034622192912430183,0.0037844922617551457,10,0,3.094627254136695,1.9806655512180664,0.0806841420340191,4.994608663320742,6.108570366239371,0,1,0,0,-0.3513664249859402,4.520914668154013,-1,1.0
2026-04-07 11:00:00,1.15422,1.15756,1.15418,1.15735,5507,1.1542460398440357,1.1539574698076105,0.0009442857142857308,17.443225274592802,69.70128022759815,3.1677789866143713,3.287098501021211,3.5926946061613987,5.115688537302371,1.1335557973228532,1,0,1,0,3.5794251134643202,3.3146747352496453,0.0621301775147412,0.01183431952663927,0.9378698224852589,0.417096439724069,0.1870275563014684,0.305596105140188,0.0026683531582734066,0.0033028763631950397,0.0033898598973505223,11,1,3.5582450832072308,-0.10590015128591689,-3.462934947049741,6.915279878971055,10.579425113464202,1,0,0,0,-0.22239031770026088,5.210287443267722,-1,0.0
2026-04-08 01:00:00,1.15962,1.16698,1.15889,1.16678,6505,1.1578128801477725,1.1558624636077048,0.0019892857142857095,40.95502758049764,83.04134548002742,3.2679110150123156,4.507708363776812,5.488169102051406,7.546368810575645,1.1535822030024543,1,0,1,0,4.066786355475738,3.5992818671453466,0.02472187886279106,0.09023485784921208,0.9752781211372089,1.044392913292998,0.5473459535135077,0.9804607382745929,0.006148406846893328,0.006269889867271505,0.007790906578219792,1,2,4.636505086774411,2.059365649311891,0.5747456612807534,6.1211250748055495,8.69826451226807,0,0,0,0,4.262836624775503,7.2136445242369325,-1,0.0
2026-04-08 02:00:00,1.1668,1.16903,1.1661299999999999,1.16863,8198,1.158843082038461,1.1563631513093635,0.002102142857142862,43.460212483045716,90.96945551128803,2.823444283584567,4.655686424109642,5.835402027485941,9.184060449612888,1.0646888567169086,1,0,1,0,1.379544682297032,0.870540265035675,0.1379310344827375,0.23103448275866953,0.8620689655172625,1.3998034238937287,0.7058394831619494,1.1797156033762988,0.0015855602598606744,0.007674200029317291,0.009641718575859493,2,2,5.2676407294144925,2.8288594404803824,1.423943821497474,6.672556348397401,9.111337637331511,0,0,0,0,4.914033299354365,7.7064220183486025,-1,0.0
2026-04-09 14:00:00,1.16712,1.16895,1.16696,1.1688399999999999,2433,1.1668738501043607,1.1647157715299972,0.0010342857142857018,43.22075117409596,68.30015313935745,2.5215614356601987,1.9009736560047226,3.987513714091067,4.196678363963905,1.004312287132045,1,0,1,0,1.9240331491712324,1.6629834254143303,0.05527638190957689,0.08040201005022266,0.9447236180904232,0.3821087797069155,0.5793885797609466,2.0865400580863445,0.0014822938711858136,0.00139649249064,0.0020661334156355515,14,3,3.045580110497261,-3.732044198895048,-10.006906077348265,9.32044198895048,16.098066298342786,0,0,0,0,1.672651933701472,3.306629834253948,-1,0.0
2026-04-09 18:00:00,1.1684700000000001,1.17071,1.16776,1.17055,6196,1.1675858616494692,1.1653468798298676,0.0012735714285713978,47.26311307066378,76.23049219688093,2.7758884687871075,2.327422148481877,4.085456106665999,4.925335390792237,1.0551776937574202,1,0,1,0,2.3163208076276565,1.6332024677509107,0.05423728813557204,0.2406779661017656,0.945762711864428,0.7215729494252242,0.6277183500306619,1.7580339581841227,0.0017801056081883093,0.0016686633578639753,0.002947451397040446,18,3,3.816040381379857,-1.688166012338697,-6.7840717891196105,8.91194615816077,14.416152551879325,0,0,0,0,2.7010656197419847,2.4498037016265406,-1,0.0
2026-04-13 20:00:00,1.1724999999999999,1.17378,1.17248,1.17336,2995,1.1702832420221627,1.169445519337984,0.0014085714285714257,59.85210709452452,72.54707631318179,2.5210527542914494,2.18431093761265,2.7790430663399226,5.541971468186798,1.0042105508582877,1,0,1,0,0.9229208924949869,0.6105476673428593,0.3230769230769704,0.015384615384544435,0.6769230769230297,0.7103610638314177,0.360268266888661,0.5947321287272722,0.0007334754797441168,0.001989701374004005,0.0030089584900498956,20,0,1.3772819472615458,-1.235294117647272,-3.0101419878297935,3.1521298174440675,5.764705882352885,0,0,0,0,2.378296146044604,3.7626774847869267,-1,0.0
2026-04-13 21:00:00,1.17337,1.17655,1.17336,1.17645,3256,1.1708705523057663,1.1697202048541417,0.0016049999999999992,62.98187536129699,80.13856812933014,3.0734089240327287,3.4762913982764414,4.193018782466203,6.655420468291299,1.11468178480654,1,0,1,0,1.9875389408099862,1.9190031152647808,0.03134796238244143,0.003134796238265025,0.9686520376175586,0.9147394057607529,0.4481792899720719,0.7167273841897618,0.0026334628758437617,0.004679880782598955,0.005048951765851628,21,0,3.133956386292754,0.8411214953269414,-0.7165109034269203,4.691588785046616,6.984423676012429,0,0,0,0,-0.06230529595014893,5.227414330218007,-1,0.0
2026-04-17 11:00:00,1.17823,1.1795499999999999,1.17808,1.17938,2099,1.1782717258166642,1.1782842202143995,0.0007292857142856864,17.469172833344434,62.28373702422101,2.778818885305408,1.5196707704900592,1.5025383935758116,3.518289576833322,1.055763777061117,1,0,1,0,2.01567091087158,1.5768854064642897,0.11564625850326367,0.1020408163266046,0.8843537414967363,0.06082654735546811,0.007192735531612033,-0.01713237691424763,0.0009675448126018615,0.001111988251971674,0.0008910916296793747,11,4,0.39764936336912593,-2.8932419196870742,-7.418217433888817,4.922624877570868,8.21351616062707,0,0,0,0,1.1655239960823407,2.96180215475058,-1,0.0
2026-04-17 15:00:00,1.17937,1.18373,1.17934,1.18352,5462,1.179034271112106,1.1786097537199842,0.000977857142857094,20.055219764670436,78.5388127853872,3.7251410321772322,4.587304925530871,5.021435202353763,6.843907741575093,1.2450282064354392,1,0,1,0,4.489408327246282,4.243973703433248,0.04783599088839375,0.006833712984049024,0.9521640091116063,0.8991147042443106,0.3786434591433461,0.4341302768228922,0.0035103189811593882,0.003544355317380843,0.004481260184682201,15,4,4.530314097881598,2.075967859751269,-1.2987582176775354,7.905040175310402,10.359386413440731,0,0,0,0,5.10299488677875,6.442658875091602,-1,0.0
2026-04-17 16:00:00,1.1835499999999999,1.18492,1.18243,1.18338,8219,1.1794481500538103,1.1787968222015535,0.0011157142857142358,23.70774089510905,81.03651354534853,2.688147011548107,3.5240652526670546,4.107841816789742,7.576176821124853,1.0376294023096133,1,0,1,0,2.2317541613316196,0.15236875800237173,0.5502008032129152,0.38152610441769147,0.38152610441769147,1.0544135288122134,0.4594384007782277,0.583776564122688,-0.00011829119913464581,0.0033320615541141407,0.00339161254218312,16,4,3.845070422535298,1.693982074263594,-1.2637644046096512,6.802816901408543,8.953905249680247,0,0,0,0,-1.3802816901407946,5.521126760563775,-1,1.0
2026-04-20 00:00:00,1.17356,1.17411,1.1729,1.17293,472,1.1784092392648637,1.1785514048769148,0.0018271428571427733,26.530512382100177,33.4990677439405,-2.545367891279083,-2.9988017868684707,-3.0766093931512994,6.393591384665086,-0.009073578255823203,0,1,0,1,0.6622361219702831,0.3448006254886287,0.45454545454552125,0.02479338842973235,0.02479338842973235,-0.7029086279012604,-0.23500730274943096,-0.07780760628282911,-0.002864915412734703,-0.004295452423195512,-0.00589042953520702,0,0,-3.364086525931793,-5.042481105030061,-8.24055251498595,-0.1660151159759029,1.5123794631223646,0,0,1,0,-6.562157935887683,-2.3479280688038084,1,1.0
