{
  "mean": [
    0.0002782338997349143,
    0.000746475940104574,
    0.001278526964597404,
    0.001857723924331367,
    0.0024929246865212917,
    0.0030568770598620176,
    0.0036069382913410664,
    0.0023032366298139095,
    0.0016747504705563188,
    18.537965774536133,
    -0.6300666928291321,
    0.38789039850234985,
    52.97547149658203,
    3.3101322650909424,
    32.99002456665039,
    0.001976350089535117,
    0.01256976742297411,
    1.153488278388977
  ],
  "std": [
    0.0015036143595352769,
    0.0021459616255015135,
    0.002534890314564109,
    0.002884692745283246,
    0.003176476340740919,
    0.0034167219419032335,
    0.0036081471480429173,
    0.00557082099840045,
    0.0012548991944640875,
    16.46416473388672,
    5.890880584716797,
    15.149931907653809,
    34.96491622924805,
    1.7779170274734497,
    10.286723136901855,
    0.0006792197236791253,
    0.007249146234244108,
    0.8676237463951111
  ],
  "features": [
    "ret_1",
    "ret_2",
    "ret_3",
    "ret_4",
    "ret_5",
    "ret_6",
    "ret_7",
    "ret_sum_3",
    "ret_vol_7",
    "macd_hist",
    "macd_hist_slope_1",
    "macd_hist_slope_3",
    "ema50_slope_5",
    "dist_close_ema50",
    "adx14",
    "atr_pct",
    "bb_width_20",
    "macd_compress"
  ]
}