{
  "mean": [
    0.00026947169681079686,
    0.000723149161785841,
    0.0012472821399569511,
    0.0018144675996154547,
    0.0024527767673134804,
    0.003015306778252125,
    0.0035596457310020924,
    0.0022399029694497585,
    0.0015436524990946054,
    18.62894058227539,
    -0.7237863540649414,
    0.11832388490438461,
    53.095970153808594,
    3.2580394744873047,
    32.77192687988281,
    0.001990980701521039,
    0.012688575312495232,
    1.1394869089126587
  ],
  "std": [
    0.0015124918427318335,
    0.0021510187070816755,
    0.002542079659178853,
    0.00289694732055068,
    0.0031928964890539646,
    0.0034318603575229645,
    0.0036282383371144533,
    0.00558884534984827,
    0.0011690807295963168,
    16.510190963745117,
    5.905415058135986,
    15.2093505859375,
    35.29923629760742,
    1.7911642789840698,
    10.289400100708008,
    0.0006772669148631394,
    0.0072496552020311356,
    0.866547167301178
  ],
  "features": [
    "ret_1",
    "ret_2",
    "ret_3",
    "ret_4",
    "ret_5",
    "ret_6",
    "ret_7",
    "ret_sum_3",
    "ret_vol_7",
    "macd_hist",
    "macd_hist_slope_1",
    "macd_hist_slope_3",
    "ema50_slope_5",
    "dist_close_ema50",
    "adx14",
    "atr_pct",
    "bb_width_20",
    "macd_compress"
  ]
}