{
  "mean": [
    0.0002757278853096068,
    0.0007392262923531234,
    0.001275283400900662,
    0.001856004586443305,
    0.0024941375013440847,
    0.0030514097306877375,
    0.003608318045735359,
    0.0022902374621480703,
    0.0016832164255902171,
    18.589096069335938,
    -0.6753487586975098,
    0.2705327868461609,
    53.45375442504883,
    3.3214991092681885,
    33.23601150512695,
    0.001988146221265197,
    0.01270279660820961,
    1.1503371000289917
  ],
  "std": [
    0.0015202537178993225,
    0.0021586085204035044,
    0.0025407520588487387,
    0.0028907170053571463,
    0.003183511085808277,
    0.003426859388127923,
    0.003615883644670248,
    0.005587335210293531,
    0.0012583743082359433,
    16.426475524902344,
    5.908113956451416,
    15.209498405456543,
    34.86747741699219,
    1.7804030179977417,
    10.63140869140625,
    0.0006768421153537929,
    0.007218171376734972,
    0.8665004968643188
  ],
  "features": [
    "ret_1",
    "ret_2",
    "ret_3",
    "ret_4",
    "ret_5",
    "ret_6",
    "ret_7",
    "ret_sum_3",
    "ret_vol_7",
    "macd_hist",
    "macd_hist_slope_1",
    "macd_hist_slope_3",
    "ema50_slope_5",
    "dist_close_ema50",
    "adx14",
    "atr_pct",
    "bb_width_20",
    "macd_compress"
  ]
}